98.99902,70.98389,107.36084,77.63672,89.660645,68.42041,101.68457,74.523926,82.82471,81.23779,75.805664,113.52539,61.645508,105.895996,52.368164,68.359375,88.68408,74.34082,93.75,127.62451,136.47461,146.72852,122.13135,75.07324,41.992188,113.342285,136.16943,75.805664,78.430176,37.597656,64.88037,61.645508,56.518555,69.94629,79.10156,83.92334,68.42041,84.47266,76.84326,75.68359,69.70215,65.61279,56.396484,41.748047,51.14746,61.035156,54.992676,41.68701,58.654785,40.893555,39.489746,25.146484,40.100098,33.325195,45.22705,47.36328,67.93213,62.98828,46.875,77.33154,46.14258,53.649902,57.434082,62.194824,71.83838,70.67871,61.76758,58.34961,58.166504,59.32617,60.36377,48.950195,59.448242,79.89502,76.9043,75.56152,105.46875,98.87695,122.19238,117.248535,87.21924,79.40674,172.60742,197.20459,135.37598,148.49854,149.41406,217.34619,233.03223,192.74902,113.220215,113.83057,72.08252,74.279785,63.90381,62.927246,58.654785,72.021484,60.85205,76.9043
41.809082,53.833008,85.510254,57.128906,91.06445,79.65088,70.86182,62.5,78.97949,93.566895,91.12549,67.87109,59.753418,78.063965,49.560547,54.93164,74.46289,59.936523,49.438477,94.23828,172.48535,150.45166,93.26172,71.71631,96.67969,95.52002,98.44971,42.663574,81.848145,64.27002,66.65039,54.07715,49.37744,79.04053,77.88086,67.74902,59.387207,78.430176,64.88037,62.37793,66.04004,70.007324,89.11133,66.28418,50.78125,70.55664,85.02197,94.72656,81.78711,58.95996,69.885254,58.22754,62.86621,41.931152,32.104492,36.499023,46.569824,62.438965,66.589355,59.387207,68.29834,61.645508,54.260254,58.898926,66.833496,49.743652,66.345215,78.79639,90.94238,67.07764,70.007324,56.45752,54.56543,95.09277,80.50537,106.93359,80.13916,70.19043,113.220215,146.97266,124.45068,154.41895,126.77002,118.896484,176.02539,168.51807,155.70068,169.7998,79.40674,87.21924,100.21973,90.94238,84.96094,54.56543,73.12012,64.02588,71.28906,74.645996,72.20459,81.90918
73.05908,72.81494,82.6416,68.0542,76.049805,73.913574,57.434082,76.9043,58.776855,66.101074,73.6084,64.086914,57.250977,69.51904,69.885254,70.98389,67.44385,92.7124,79.40674,97.16797,125.427246,131.46973,160.7666,78.308105,103.02734,141.35742,117.85889,61.828613,60.48584,75.805664,64.14795,87.890625,84.65576,74.035645,72.93701,71.16699,66.04004,55.17578,69.58008,69.94629,49.438477,55.114746,71.16699,77.14844,70.06836,70.92285,76.171875,82.39746,86.66992,62.25586,65.30762,64.208984,78.61328,75.74463,62.805176,74.46289,71.77734,68.66455,63.476562,77.45361,87.28027,91.18652,76.049805,65.49072,82.15332,77.63672,80.93262,75.07324,72.75391,82.092285,66.711426,80.87158,95.825195,57.800293,76.049805,112.60986,95.581055,124.694824,118.774414,120.23926,78.430176,144.9585,168.51807,171.63086,223.20557,188.17139,119.140625,85.38818,70.3125,71.28906,80.93262,86.364746,67.56592,64.331055,68.603516,53.894043,64.331055,50.41504,77.63672,86.05957
62.37793,62.683105,77.63672,80.68848,72.387695,72.20459,83.31299,65.91797,63.720703,60.72998,75.13428,81.48193,76.47705,83.43506,77.51465,70.495605,67.44385,80.81055,88.68408,101.135254,101.135254,270.08057,180.23682,121.21582,125.85449,102.6001,110.90088,97.595215,60.97412,71.47217,61.584473,90.20996,73.54736,57.922363,73.05908,68.66455,65.7959,51.818848,72.99805,61.645508,73.36426,55.236816,57.739258,52.368164,54.138184,45.898438,51.879883,71.96045,66.40625,57.9834,80.74951,78.186035,75.68359,61.828613,56.09131,47.729492,50.231934,65.42969,51.818848,68.725586,66.95557,61.401367,54.80957,59.448242,71.3501,75.805664,88.80615,81.23779,100.3418,104.18701,96.86279,65.55176,115.53955,141.23535,117.248535,136.53564,120.30029,138.5498,120.42236,83.6792,177.73438,210.99854,202.57568,102.96631,100.3418,160.27832,94.66553,30.395508,49.37744,68.29834,33.996582,99.79248,82.336426,73.73047,55.725098,71.83838,65.12451,65.7959,74.8291,96.55762
90.51514,77.697754,78.73535,82.27539,45.654297,44.921875,64.453125,76.23291,87.768555,81.17676,78.36914,67.0166,74.58496,72.08252,87.646484,76.72119,61.21826,82.94678,106.81152,92.65137,139.95361,201.84326,183.89893,204.89502,173.88916,177.79541,104.79736,80.56641,66.77246,84.77783,85.02197,61.584473,77.88086,71.96045,52.55127,70.739746,49.25537,68.17627,52.734375,64.453125,57.617188,65.979004,66.467285,76.171875,73.66943,69.94629,75.50049,62.86621,73.36426,56.152344,64.14795,51.635742,56.9458,42.72461,42.84668,54.870605,47.546387,63.049316,43.395996,58.044434,60.2417,60.791016,53.894043,65.979004,52.30713,70.98389,60.546875,75.74463,106.50635,90.69824,80.13916,86.42578,83.31299,109.86328,148.01025,114.31885,137.26807,112.24365,90.94238,139.95361,220.52002,204.3457,133.48389,79.28467,76.538086,70.92285,65.30762,70.129395,86.120605,82.27539,55.358887,80.56641,82.82471,58.22754,65.49072,62.01172,63.476562,74.58496,76.66016,80.01709
67.68799,63.659668,68.84766,58.59375,59.753418,62.805176,70.06836,66.467285,52.368164,59.692383,78.063965,66.52832,47.851562,69.33594,87.46338,63.293457,71.10596,66.223145,92.77344,92.7124,156.49414,172.79053,192.07764,122.43652,167.48047,171.08154,83.618164,92.7124,67.26074,69.21387,120.4834,114.01367,93.38379,80.322266,65.73486,70.129395,66.589355,66.101074,66.40625,75.74463,69.885254,66.65039,65.979004,65.61279,57.06787,73.913574,67.26074,50.29297,73.30322,62.74414,61.88965,55.786133,74.8291,78.85742,50.90332,104.49219,52.001953,78.24707,97.29004,55.358887,83.49609,76.171875,83.00781,84.47266,65.67383,81.604004,55.05371,70.373535,71.41113,63.659668,51.879883,66.101074,47.912598,99.06006,167.96875,155.94482,175.04883,129.15039,106.99463,236.6333,130.79834,138.24463,54.32129,69.76318,64.453125,67.26074,56.33545,101.501465,84.53369,80.99365,77.88086,87.09717,89.17236,72.265625,84.228516,50.231934,62.316895,73.73047,82.458496,47.790527
67.81006,83.12988,68.42041,74.21875,71.899414,65.55176,83.49609,74.035645,77.39258,64.63623,75.25635,105.22461,98.32764,98.20557,107.72705,95.27588,77.39258,72.99805,66.04004,120.4834,138.79395,168.33496,255.67627,115.356445,175.84229,153.62549,102.90527,59.87549,58.044434,66.345215,97.595215,78.430176,91.06445,91.918945,61.21826,88.134766,41.015625,97.595215,41.44287,75.8667,74.95117,71.59424,75.01221,73.42529,80.322266,74.157715,49.49951,79.3457,64.51416,73.42529,53.222656,60.36377,72.021484,71.22803,79.40674,68.96973,75.19531,74.58496,78.49121,83.862305,66.52832,59.814453,81.78711,90.82031,76.171875,69.15283,76.538086,59.87549,65.7959,79.22363,61.09619,94.66553,85.32715,141.90674,171.81396,141.41846,129.08936,152.40479,124.63379,97.0459,98.38867,101.19629,47.36328,71.5332,66.589355,55.114746,71.22803,108.64258,94.84863,94.177246,119.140625,117.614746,86.48682,64.575195,75.19531,72.143555,54.6875,47.058105,83.618164,64.02588
48.034668,63.415527,55.41992,82.88574,86.60889,74.46289,77.14844,65.12451,69.76318,62.98828,64.39209,75.31738,73.66943,84.350586,71.65527,93.933105,49.804688,73.42529,136.41357,68.90869,153.01514,164.42871,179.8706,113.03711,137.81738,204.40674,138.61084,79.58984,69.03076,67.81006,75.13428,81.66504,77.33154,108.64258,68.90869,55.786133,47.546387,67.0166,48.828125,44.73877,60.668945,60.180664,70.739746,60.546875,70.373535,66.589355,61.340332,58.22754,59.631348,85.754395,75.19531,75.74463,94.177246,68.66455,65.91797,59.2041,76.72119,88.134766,60.60791,72.69287,52.30713,68.54248,89.660645,57.678223,52.368164,53.28369,88.37891,26.916504,77.45361,48.217773,84.47266,103.8208,125.12207,154.05273,203.125,154.90723,123.9624,77.88086,78.308105,66.589355,55.29785,46.38672,36.071777,32.53174,66.40625,75.50049,64.27002,57.128906,107.72705,64.086914,57.31201,58.410645,100.03662,51.51367,58.044434,55.847168,46.75293,63.293457,41.748047,59.753418
52.734375,46.203613,61.645508,69.33594,59.936523,83.55713,54.626465,57.495117,52.06299,62.25586,50.109863,42.48047,68.359375,62.13379,69.15283,83.618164,69.15283,62.683105,68.54248,111.81641,157.65381,176.26953,212.76855,104.91943,121.520996,159.60693,169.86084,181.9458,116.1499,62.194824,32.89795,55.786133,60.2417,72.87598,72.387695,62.86621,80.01709,49.926758,54.93164,53.28369,64.14795,58.898926,61.340332,63.537598,52.490234,56.274414,53.771973,51.086426,73.791504,65.55176,67.38281,67.07764,72.93701,77.02637,56.762695,48.095703,52.79541,79.711914,68.84766,73.6084,72.69287,65.73486,76.78223,40.100098,54.138184,52.978516,66.95557,64.51416,64.208984,96.80176,137.20703,193.29834,164.61182,154.29688,155.51758,113.708496,94.42139,46.325684,84.228516,79.10156,44.98291,88.86719,54.992676,62.316895,60.424805,61.401367,67.87109,74.279785,50.476074,41.19873,74.70703,74.70703,98.02246,70.373535,59.936523,51.635742,41.07666,59.020996,59.99756,50.90332
73.6084,52.246094,53.894043,77.63672,94.48242,84.8999,73.24219,47.973633,67.62695,62.98828,73.85254,61.157227,57.373047,73.36426,72.93701,55.17578,44.98291,51.696777,80.444336,66.589355,127.86865,168.27393,207.21436,109.92432,107.48291,163.63525,139.09912,224.1211,171.875,76.35498,62.98828,66.16211,66.833496,78.063965,118.83545,98.32764,150.20752,63.11035,54.260254,77.39258,57.128906,58.34961,58.59375,45.959473,47.912598,50.04883,66.589355,41.992188,64.39209,43.5791,56.21338,75.13428,71.04492,65.42969,78.308105,63.78174,65.67383,77.0874,81.726074,62.37793,61.523438,63.78174,88.74512,64.819336,58.83789,45.959473,60.546875,89.84375,66.40625,138.79395,162.90283,131.65283,108.76465,111.02295,95.03174,67.19971,71.28906,52.734375,85.998535,87.82959,69.51904,77.27051,84.28955,36.499023,51.940918,53.40576,48.15674,91.61377,57.739258,60.72998,66.711426,64.94141,57.434082,98.69385,122.00928,80.68848,56.640625,55.29785,47.36328,41.870117
53.710938,60.36377,63.354492,71.28906,43.33496,52.30713,40.649414,64.88037,54.19922,63.720703,54.016113,51.086426,55.664062,50.53711,68.66455,62.805176,59.936523,64.27002,76.416016,87.28027,83.92334,182.1289,124.32861,122.07031,111.572266,124.02344,89.59961,105.407715,170.89844,171.63086,88.80615,90.75928,62.072754,35.64453,79.52881,156.00586,108.64258,73.73047,79.04053,92.041016,70.373535,44.799805,50.53711,49.072266,69.94629,60.424805,59.509277,44.86084,46.75293,48.15674,47.668457,59.08203,80.322266,75.8667,44.006348,56.640625,59.99756,101.623535,46.081543,68.725586,62.927246,64.208984,100.03662,127.38037,63.598633,54.07715,76.59912,76.84326,173.64502,148.6206,222.77832,134.82666,84.28955,93.322754,73.97461,67.32178,62.194824,57.31201,68.725586,68.237305,78.85742,80.078125,64.14795,71.59424,60.791016,82.88574,64.7583,99.42627,74.8291,53.649902,51.940918,48.88916,69.03076,122.37549,84.83887,120.54443,59.020996,42.419434,48.40088,49.987793
68.359375,44.37256,49.865723,53.527832,42.60254,57.006836,44.189453,54.138184,50.231934,59.814453,81.970215,89.59961,65.7959,58.410645,73.30322,93.444824,115.72266,91.85791,108.52051,215.94238,187.07275,123.046875,195.86182,236.32812,165.2832,95.947266,60.85205,78.91846,144.59229,214.4165,139.22119,71.47217,45.22705,75.805664,48.706055,139.83154,147.33887,85.32715,82.94678,86.30371,49.49951,62.194824,54.44336,71.65527,65.67383,71.04492,78.24707,66.101074,36.193848,53.527832,63.720703,63.354492,83.06885,68.42041,41.381836,62.072754,65.24658,104.18701,62.927246,59.936523,56.762695,79.28467,141.6626,197.69287,215.271,162.65869,165.77148,156.37207,171.32568,144.83643,105.83496,96.74072,90.20996,58.898926,54.93164,68.725586,63.23242,51.940918,75.68359,74.157715,49.560547,63.78174,72.021484,71.83838,85.32715,52.612305,45.654297,61.035156,45.715332,47.36328,61.340332,59.32617,65.30762,67.32178,79.89502,82.336426,62.13379,88.68408,65.73486,76.47705
68.42041,58.288574,55.17578,53.16162,64.331055,40.222168,59.99756,58.044434,52.67334,63.415527,58.044434,82.82471,68.66455,64.575195,80.01709,84.04541,83.31299,162.65869,187.56104,109.375,93.811035,139.4043,106.56738,147.58301,194.21387,96.61865,73.73047,66.467285,84.8999,130.67627,162.10938,116.21094,73.12012,67.19971,82.58057,98.87695,85.20508,63.293457,70.129395,66.40625,69.58008,69.885254,78.79639,101.68457,50.29297,54.19922,61.279297,53.16162,60.72998,48.339844,52.67334,71.22803,70.3125,64.575195,72.99805,75.50049,69.51904,55.236816,80.62744,74.09668,81.66504,122.37549,171.99707,214.66064,111.51123,129.15039,163.94043,164.55078,168.02979,93.75,93.99414,93.50586,81.05469,59.631348,30.395508,70.67871,73.73047,66.04004,62.13379,41.931152,46.447754,51.330566,69.76318,63.598633,54.07715,41.44287,49.682617,47.60742,50.29297,56.33545,50.109863,54.626465,74.58496,128.41797,57.556152,72.387695,64.7583,62.86621,69.45801,51.14746
55.786133,45.34912,48.64502,53.833008,56.9458,49.49951,59.99756,35.339355,49.438477,44.311523,51.26953,57.86133,58.59375,74.645996,80.200195,99.731445,117.91992,138.42773,167.05322,82.092285,77.27051,179.01611,44.128418,187.07275,151.48926,207.51953,105.041504,121.276855,101.07422,134.09424,181.88477,205.62744,80.74951,92.041016,49.987793,74.70703,100.5249,69.15283,62.072754,60.11963,40.46631,74.645996,49.316406,57.86133,61.035156,45.776367,69.0918,62.683105,70.67871,81.54297,66.101074,79.711914,72.509766,74.34082,64.819336,72.387695,57.06787,102.53906,118.83545,83.06885,184.021,230.34668,141.72363,138.42773,107.299805,125.48828,156.00586,140.19775,84.8999,133.36182,70.67871,63.415527,53.40576,60.913086,59.387207,62.194824,72.509766,66.77246,57.373047,76.96533,45.776367,53.344727,47.668457,65.73486,47.424316,65.85693,70.06836,57.250977,65.00244,53.833008,65.55176,37.41455,50.109863,67.44385,92.83447,61.340332,79.77295,60.72998,72.509766,99.609375
69.33594,49.682617,48.40088,61.706543,60.36377,52.001953,47.11914,49.987793,50.04883,58.898926,50.41504,76.171875,54.44336,79.3457,100.5249,105.71289,146.66748,150.6958,107.84912,84.59473,67.68799,105.71289,151.06201,162.8418,161.25488,208.4961,72.143555,75.8667,77.941895,153.56445,176.75781,202.51465,176.75781,107.177734,73.42529,91.36963,162.90283,69.39697,94.48242,62.194824,84.59473,45.10498,53.588867,67.50488,81.726074,76.96533,54.382324,55.541992,89.84375,50.476074,64.39209,81.4209,83.984375,60.48584,71.71631,81.848145,64.819336,85.02197,117.1875,146.1792,206.54297,151.00098,152.03857,121.032715,150.63477,162.59766,125.183105,134.52148,75.805664,87.58545,64.51416,55.603027,73.913574,65.73486,67.19971,59.509277,64.331055,69.0918,55.41992,51.086426,52.856445,70.86182,62.37793,63.049316,63.842773,65.85693,66.223145,57.128906,67.87109,66.833496,52.30713,65.49072,74.035645,103.08838,111.38916,82.092285,80.99365,70.373535,68.90869,113.28125
68.90869,55.725098,53.03955,60.180664,54.748535,38.269043,70.617676,43.640137,51.574707,55.29785,70.43457,70.739746,65.18555,51.757812,99.243164,183.28857,146.54541,172.66846,109.069824,68.237305,78.308105,99.42627,177.85645,107.1167,117.1875,133.17871,230.95703,79.956055,82.51953,86.66992,131.95801,238.7085,248.16895,245.17822,177.85645,177.97852,186.15723,111.87744,65.18555,58.22754,109.00879,64.02588,71.83838,120.84961,117.98096,103.149414,83.80127,72.387695,73.85254,72.69287,69.94629,68.96973,76.538086,90.94238,52.4292,102.72217,82.6416,94.48242,156.31104,148.74268,144.77539,156.00586,145.08057,168.02979,219.48242,161.8042,111.99951,76.66016,59.99756,43.5791,76.23291,68.481445,63.354492,61.88965,44.37256,75.25635,72.631836,72.265625,66.101074,59.020996,69.58008,72.5708,76.66016,63.90381,80.3833,70.98389,74.645996,91.796875,66.65039,46.203613,45.166016,60.058594,85.20508,76.59912,119.140625,68.237305,72.93701,74.279785,92.59033,114.868164
55.725098,48.706055,49.987793,55.29785,50.53711,55.725098,63.354492,75.98877,69.94629,67.13867,75.01221,89.35547,65.61279,57.678223,94.11621,154.11377,166.38184,100.64697,93.26172,70.80078,102.41699,101.01318,135.00977,191.95557,167.72461,170.59326,113.342285,147.76611,185.54688,107.1167,201.0498,204.83398,158.75244,239.37988,255.18799,263.97705,233.45947,151.36719,158.56934,112.976074,130.12695,135.80322,110.71777,179.6875,159.42383,136.2915,146.30127,90.57617,61.645508,67.87109,38.757324,57.556152,76.23291,100.3418,138.85498,118.83545,148.01025,182.86133,152.89307,153.9917,154.72412,146.91162,196.3501,133.30078,147.88818,145.50781,114.868164,57.922363,53.222656,67.50488,53.527832,46.447754,53.40576,49.49951,52.856445,47.11914,44.555664,72.44873,59.814453,66.04004,68.237305,49.438477,56.82373,48.706055,62.561035,51.879883,45.715332,48.52295,79.711914,66.345215,59.509277,67.74902,43.70117,63.11035,102.6001,77.75879,83.984375,95.88623,127.2583,161.07178
59.265137,47.36328,36.315918,46.203613,57.800293,60.791016,55.908203,37.78076,44.25049,73.05908,58.95996,69.70215,68.237305,94.54346,89.416504,166.68701,144.53125,87.34131,57.739258,69.45801,90.82031,92.89551,163.0249,88.012695,154.84619,173.40088,107.23877,122.86377,168.7622,217.28516,223.81592,262.02393,188.35449,202.81982,224.36523,177.67334,247.7417,133.30078,191.40625,136.2915,91.30859,88.92822,120.84961,162.10938,137.45117,113.586426,52.856445,144.16504,71.71631,73.42529,49.49951,50.720215,90.4541,112.854004,182.61719,201.23291,157.40967,136.59668,181.51855,135.49805,161.86523,148.2544,219.9707,136.41357,114.68506,91.918945,65.30762,60.424805,48.461914,63.23242,42.785645,51.02539,55.358887,56.152344,39.916992,60.97412,52.490234,54.260254,48.52295,49.072266,52.30713,42.175293,55.236816,60.546875,66.711426,57.373047,43.395996,53.588867,50.78125,58.776855,46.38672,66.95557,41.259766,63.659668,59.387207,110.83984,84.350586,122.31445,89.11133,87.82959
72.631836,52.79541,57.9834,53.40576,45.166016,65.30762,40.34424,48.706055,45.10498,60.302734,52.124023,56.57959,49.560547,71.77734,78.063965,142.76123,88.43994,72.81494,58.654785,68.237305,88.07373,132.50732,188.23242,138.85498,102.23389,153.50342,154.35791,102.17285,151.85547,221.31348,117.85889,146.78955,205.93262,193.96973,163.94043,210.08301,115.41748,139.28223,110.35156,87.34131,73.42529,80.99365,103.33252,127.68555,120.666504,63.476562,86.48682,207.76367,152.34375,130.12695,116.39404,104.61426,92.28516,147.58301,113.83057,91.4917,102.23389,130.79834,106.99463,164.36768,149.96338,105.773926,109.313965,103.02734,63.537598,54.382324,50.1709,47.912598,43.70117,59.08203,69.51904,68.42041,65.24658,54.56543,43.395996,47.729492,57.495117,68.29834,65.24658,57.617188,58.288574,62.5,52.79541,45.410156,50.231934,47.24121,48.15674,55.114746,68.359375,78.430176,59.814453,49.987793,65.12451,77.14844,127.38037,92.95654,90.026855,85.510254,68.725586,97.41211
72.387695,66.345215,40.527344,58.59375,53.833008,70.739746,42.84668,61.645508,68.115234,59.692383,76.47705,60.913086,68.78662,48.095703,52.856445,85.26611,85.44922,64.39209,59.020996,62.37793,64.63623,16.906738,113.586426,3.9672852,150.63477,138.5498,138.06152,62.561035,92.65137,140.50293,135.00977,174.43848,176.75781,192.0166,165.1001,159.30176,173.21777,73.54736,80.01709,101.68457,52.67334,57.556152,67.38281,44.6167,100.83008,58.532715,49.49951,191.58936,141.11328,105.59082,104.79736,96.43555,159.42383,126.64795,96.92383,145.93506,177.67334,152.03857,179.6875,196.22803,90.63721,81.4209,73.48633,53.833008,60.791016,54.382324,29.785156,47.424316,55.786133,45.166016,43.762207,42.48047,76.11084,56.762695,42.907715,42.72461,45.410156,45.34912,48.583984,46.447754,52.001953,46.813965,46.50879,41.625977,55.786133,36.315918,50.78125,42.907715,63.659668,68.66455,99.853516,44.6167,99.18213,110.961914,76.416016,106.93359,55.908203,109.74121,77.88086,74.035645
59.87549,54.870605,66.833496,48.27881,52.246094,55.786133,60.48584,64.14795,58.22754,57.128906,41.07666,42.907715,64.7583,73.05908,94.9707,74.401855,98.083496,72.87598,79.833984,47.180176,-2.746582,101.989746,102.47803,131.04248,37.353516,123.291016,115.478516,79.711914,99.3042,98.93799,161.74316,183.83789,148.19336,111.26709,172.30225,160.15625,171.81396,144.59229,156.12793,165.34424,152.16064,153.38135,23.254395,15.686035,24.536133,82.51953,69.33594,156.86035,189.33105,145.44678,125.305176,143.79883,168.64014,114.19678,157.04346,139.64844,173.27881,188.29346,186.52344,129.94385,92.163086,87.58545,72.20459,36.8042,63.964844,50.476074,41.19873,49.25537,40.161133,44.433594,53.222656,47.60742,34.484863,48.583984,58.95996,36.92627,45.288086,51.757812,52.001953,57.128906,57.678223,67.13867,61.09619,66.65039,60.668945,42.72461,44.799805,38.635254,50.90332,45.410156,78.73535,93.20068,80.93262,142.21191,85.38818,79.58984,95.03174,62.74414,107.788086,97.595215
57.678223,50.476074,47.729492,51.635742,45.776367,44.37256,55.17578,54.56543,46.50879,46.447754,38.81836,46.936035,37.53662,72.509766,86.60889,77.819824,119.384766,79.1626,54.07715,135.80322,30.273438,15.014648,85.69336,126.0376,171.20361,209.10645,142.21191,50.964355,127.197266,109.13086,123.10791,163.75732,96.43555,121.94824,133.11768,138.06152,169.25049,164.73389,193.29834,142.33398,203.49121,163.69629,220.88623,221.74072,148.6206,225.21973,200.98877,200.98877,169.49463,192.68799,211.73096,181.33545,175.53711,178.95508,198.18115,142.39502,249.87793,192.81006,201.17188,121.45996,83.19092,90.82031,86.60889,65.73486,71.10596,59.143066,45.166016,62.25586,46.38672,38.57422,57.006836,43.945312,46.081543,41.56494,41.68701,56.57959,67.13867,95.09277,47.729492,38.391113,62.194824,59.570312,74.523926,48.950195,37.17041,45.288086,54.93164,37.963867,56.21338,77.39258,119.99512,93.62793,121.94824,71.47217,54.80957,67.07764,78.91846,94.29932,121.64307,197.26562
57.250977,48.095703,43.21289,51.02539,46.325684,40.161133,52.978516,50.964355,50.29297,52.4292,50.720215,47.729492,45.410156,53.03955,75.37842,133.54492,106.26221,71.47217,66.04004,108.45947,18.798828,56.884766,81.35986,228.57666,174.80469,159.60693,195.3125,97.229004,80.322266,111.572266,174.9878,149.10889,169.31152,159.17969,162.71973,102.7832,197.32666,220.09277,172.79053,170.8374,281.49414,164.55078,261.7798,239.13574,233.45947,217.77344,196.71631,233.58154,190.24658,186.34033,253.60107,221.13037,203.91846,180.17578,258.91113,265.4419,267.27295,257.69043,132.93457,112.36572,72.20459,51.879883,104.8584,73.97461,53.16162,47.973633,40.649414,51.208496,49.682617,48.339844,52.612305,41.870117,47.11914,61.584473,47.729492,48.217773,52.978516,59.020996,75.07324,71.22803,74.09668,56.70166,60.36377,47.912598,64.02588,66.40625,58.654785,60.11963,68.725586,139.95361,87.70752,132.08008,73.6084,60.85205,49.743652,71.04492,114.50195,94.23828,177.97852,105.895996
59.08203,59.631348,58.83789,80.3833,54.93164,51.757812,60.60791,58.776855,57.434082,61.76758,50.41504,62.194824,53.03955,70.06836,107.97119,152.89307,118.10303,80.078125,44.555664,81.726074,55.05371,106.38428,91.97998,186.64551,156.31104,246.8872,167.5415,82.39746,114.07471,93.62793,96.49658,170.16602,173.40088,191.34521,149.78027,123.35205,242.73682,144.65332,228.02734,175.53711,263.30566,226.01318,223.81592,246.76514,198.97461,239.68506,183.34961,205.68848,259.27734,196.5332,243.89648,213.74512,187.5,212.21924,170.53223,223.20557,242.49268,258.11768,96.92383,155.27344,76.66016,46.813965,43.33496,62.927246,63.598633,54.93164,58.898926,55.114746,32.714844,46.813965,50.109863,29.846191,54.56543,44.677734,56.70166,55.114746,71.59424,54.19922,66.16211,52.124023,63.598633,39.733887,50.53711,50.1709,52.368164,66.467285,65.979004,53.466797,87.40234,107.23877,217.7124,96.13037,59.631348,82.58057,120.97168,118.71338,97.29004,139.28223,129.76074,111.38916
51.208496,48.40088,50.04883,49.926758,36.743164,38.81836,36.315918,44.189453,35.705566,44.128418,49.560547,38.391113,64.63623,55.05371,109.00879,88.134766,68.42041,53.03955,119.07959,-10.070801,63.293457,158.81348,155.94482,149.6582,185.0586,162.35352,117.55371,91.918945,57.739258,98.02246,72.021484,224.18213,166.62598,166.68701,198.66943,198.54736,206.90918,191.52832,242.91992,179.32129,172.54639,189.7583,221.0083,171.08154,243.89648,288.75732,161.8042,214.78271,263.0005,257.26318,218.62793,273.98682,200.43945,216.97998,231.50635,291.93115,248.41309,315.49072,128.479,122.07031,124.572754,81.78711,67.32178,63.23242,44.311523,56.70166,49.560547,40.771484,54.32129,56.518555,35.095215,51.757812,46.50879,29.296875,49.804688,44.49463,56.030273,36.56006,56.45752,55.29785,42.297363,49.865723,46.813965,73.791504,48.15674,50.964355,71.10596,89.2334,109.74121,196.59424,160.27832,123.84033,102.23389,110.65674,117.98096,98.44971,147.64404,103.881836,110.65674,138.12256
63.23242,47.36328,41.809082,54.870605,46.325684,27.58789,42.114258,41.625977,47.973633,41.137695,48.583984,45.898438,49.682617,59.143066,117.126465,107.1167,82.27539,53.833008,141.8457,61.035156,139.4043,153.38135,154.90723,196.3501,168.82324,95.64209,119.56787,135.80322,96.92383,146.11816,99.79248,100.15869,132.14111,136.71875,146.05713,218.50586,196.28906,172.60742,192.1997,160.64453,203.67432,220.33691,212.03613,291.93115,221.61865,259.8877,244.6289,200.43945,297.97363,240.72266,199.40186,202.88086,201.17188,217.77344,254.27246,195.37354,233.58154,266.6626,134.82666,141.8457,136.77979,82.94678,53.466797,39.42871,67.38281,54.19922,45.776367,61.21826,34.362793,53.03955,48.64502,52.67334,56.70166,71.41113,59.2041,51.696777,42.297363,46.203613,56.82373,71.22803,78.91846,64.51416,75.68359,63.23242,44.311523,58.654785,75.31738,167.60254,152.09961,104.79736,84.47266,100.64697,132.44629,96.31348,121.82617,189.20898,94.60449,124.87793,142.45605,98.44971
61.21826,47.729492,44.006348,49.072266,48.706055,37.65869,48.64502,52.734375,45.166016,54.44336,46.50879,50.90332,37.78076,74.34082,118.53027,80.68848,65.18555,75.56152,99.79248,122.43652,36.254883,155.45654,202.45361,174.07227,194.76318,133.11768,139.52637,110.5957,89.538574,159.85107,107.97119,143.00537,112.42676,110.83984,150.57373,125.97656,183.04443,167.48047,150.8789,220.27588,171.93604,211.85303,158.14209,168.51807,193.42041,238.52539,247.5586,245.17822,238.34229,303.22266,325.13428,45.22705,167.78564,190.06348,261.41357,215.82031,192.81006,181.33545,157.2876,78.91846,128.1128,118.28613,63.293457,56.152344,60.36377,36.865234,57.128906,51.208496,53.95508,53.466797,60.058594,58.10547,52.246094,56.274414,44.555664,57.678223,75.01221,55.96924,51.086426,128.23486,65.61279,56.33545,31.188965,82.39746,63.659668,88.43994,137.93945,103.393555,65.67383,46.325684,95.88623,123.291016,59.814453,142.33398,170.34912,145.20264,173.21777,111.694336,172.97363,91.00342
52.124023,57.922363,56.274414,45.47119,53.588867,41.870117,56.030273,58.166504,61.279297,66.28418,68.115234,74.58496,79.10156,90.75928,119.018555,117.43164,111.81641,50.78125,109.680176,90.94238,155.94482,144.65332,159.66797,158.99658,227.84424,91.85791,107.97119,103.759766,117.79785,100.83008,76.11084,110.83984,121.88721,119.140625,161.49902,126.40381,125.73242,145.69092,167.1753,172.18018,212.03613,178.89404,224.3042,198.24219,226.44043,243.83545,199.09668,209.04541,200.74463,224.42627,217.34619,241.82129,187.62207,233.70361,287.53662,191.77246,194.58008,339.4165,143.55469,84.53369,113.03711,118.65234,153.38135,65.24658,56.518555,54.382324,61.279297,50.842285,43.823242,48.461914,34.5459,46.081543,50.598145,39.001465,42.60254,39.733887,43.762207,44.433594,40.95459,47.729492,57.800293,61.706543,61.035156,79.10156,64.39209,136.53564,142.21191,138.97705,85.876465,83.92334,120.23926,91.97998,124.816895,218.01758,140.93018,132.8125,101.80664,132.56836,114.56299,51.879883
49.37744,60.058594,53.222656,32.714844,29.541016,60.85205,21.972656,53.28369,55.236816,41.748047,54.19922,49.926758,61.828613,100.46387,172.18018,141.90674,123.10791,70.251465,154.05273,155.15137,142.08984,155.94482,158.56934,85.510254,193.2373,85.510254,95.581055,97.0459,69.76318,60.2417,156.61621,88.80615,134.76562,113.40332,155.09033,172.72949,176.94092,157.53174,137.08496,160.09521,149.29199,171.56982,168.82324,205.74951,241.33301,175.1709,210.38818,200.80566,196.16699,194.94629,245.3003,199.70703,262.63428,183.65479,202.51465,249.20654,262.3291,338.07373,127.13623,99.12109,58.532715,90.94238,113.52539,159.42383,77.941895,73.97461,63.659668,75.62256,66.65039,58.71582,39.123535,36.071777,46.75293,55.603027,51.940918,52.368164,37.902832,56.57959,53.344727,66.52832,74.279785,59.753418,80.078125,107.788086,95.947266,173.64502,139.70947,156.79932,153.1372,73.05908,97.0459,151.5503,143.67676,98.69385,163.14697,116.57715,198.24219,105.22461,65.91797,68.0542
58.044434,43.518066,48.461914,44.677734,45.776367,40.58838,62.62207,63.049316,38.085938,49.438477,66.28418,63.78174,102.72217,200.0122,123.413086,117.98096,95.825195,72.69287,171.44775,174.49951,92.40723,57.9834,149.23096,171.50879,197.02148,127.38037,138.79395,121.76514,115.84473,115.9668,179.99268,112.48779,150.32959,164.73389,182.8003,196.89941,142.57812,206.54297,202.57568,237.18262,208.25195,222.10693,228.08838,255.31006,241.08887,239.31885,202.51465,192.99316,211.60889,240.41748,207.8247,228.21045,240.53955,269.22607,205.13916,213.1958,277.9541,334.10645,97.473145,72.631836,59.631348,90.82031,110.22949,129.57764,125.79346,173.0957,56.09131,76.416016,29.174805,50.476074,50.1709,48.339844,29.60205,49.621582,50.1709,66.101074,67.68799,61.706543,71.10596,107.421875,85.20508,147.03369,157.10449,118.774414,78.36914,64.331055,95.52002,151.85547,112.73193,129.21143,168.27393,136.77979,118.10303,219.17725,99.91455,115.72266,103.759766,85.69336,50.78125,114.37988
60.48584,51.757812,43.33496,66.04004,58.47168,69.76318,59.32617,51.02539,68.0542,64.7583,101.80664,183.53271,161.56006,159.91211,158.87451,164.48975,164.36768,120.910645,131.89697,87.58545,156.79932,144.59229,221.92383,142.63916,110.83984,148.6206,128.66211,114.37988,93.566895,52.124023,162.41455,137.75635,139.95361,150.93994,101.01318,176.02539,210.9375,178.22266,167.78564,223.0835,259.8877,164.85596,153.68652,228.02734,210.14404,265.56396,238.64746,205.5664,228.6377,229.98047,238.40332,242.0044,230.71289,301.26953,276.18408,261.4746,243.65234,270.5078,274.16992,36.193848,99.06006,133.48389,132.6294,126.09863,72.69287,107.788086,136.16943,93.26172,38.635254,59.631348,56.21338,63.537598,54.07715,46.63086,43.640137,61.462402,49.682617,79.22363,53.833008,55.480957,70.129395,87.46338,198.30322,152.34375,118.4082,107.91016,147.33887,50.65918,188.59863,219.48242,150.39062,101.623535,174.49951,154.96826,59.387207,36.92627,73.73047,72.021484,67.26074,39.79492
69.70215,53.344727,43.70117,48.461914,59.509277,73.18115,82.94678,93.26172,111.206055,138.3667,191.04004,129.3335,141.41846,189.33105,75.07324,101.379395,164.67285,147.58301,120.54443,97.595215,143.00537,139.46533,196.22803,174.3164,141.41846,121.64307,68.603516,105.34668,89.660645,79.3457,125.427246,108.09326,130.43213,140.13672,138.00049,155.45654,196.83838,194.94629,177.4292,175.59814,183.95996,178.6499,191.77246,211.30371,224.97559,216.06445,198.12012,236.99951,201.9043,232.17773,244.93408,181.9458,254.57764,229.6753,215.02686,218.26172,283.99658,259.82666,264.4043,92.28516,88.56201,150.08545,114.13574,60.424805,48.583984,63.293457,56.640625,184.99756,115.41748,86.42578,59.387207,79.1626,63.659668,72.20459,85.754395,65.85693,68.42041,107.788086,113.95264,106.99463,166.44287,191.10107,194.70215,160.7666,151.42822,109.802246,175.29297,121.33789,163.0249,228.6377,131.46973,163.63525,116.27197,50.476074,31.066895,47.180176,61.21826,50.842285,45.34912,88.74512
49.560547,67.87109,64.819336,68.96973,58.34961,85.9375,104.06494,179.38232,187.37793,115.84473,153.93066,190.30762,157.16553,107.72705,65.91797,77.63672,104.18701,97.10693,109.92432,94.84863,186.64551,126.708984,95.947266,131.22559,128.54004,89.538574,173.21777,120.84961,100.58594,101.745605,98.57178,128.90625,184.32617,170.8374,183.59375,196.96045,179.38232,156.49414,184.57031,180.48096,212.03613,214.66064,177.85645,200.37842,222.96143,210.69336,263.85498,229.73633,182.37305,226.25732,213.68408,253.78418,224.67041,296.32568,264.16016,252.19727,309.2041,297.85156,283.1421,214.4165,76.35498,82.70264,108.39844,93.26172,48.461914,81.48193,92.22412,86.91406,191.65039,135.37598,88.256836,71.71631,73.48633,80.200195,75.56152,93.26172,116.82129,154.35791,156.98242,137.39014,95.581055,218.50586,114.56299,135.62012,134.70459,148.68164,180.29785,142.63916,184.26514,194.45801,231.2622,158.81348,144.04297,115.72266,96.31348,78.125,62.01172,121.520996,71.77734,88.98926
48.27881,45.59326,54.870605,78.85742,87.768555,135.62012,166.19873,103.393555,147.46094,168.82324,145.26367,120.23926,63.293457,49.25537,125.91553,106.32324,58.59375,103.08838,169.73877,159.97314,52.67334,93.75,101.989746,62.561035,132.8125,112.79297,96.25244,148.92578,223.69385,151.7334,132.26318,162.29248,121.276855,101.867676,148.31543,167.90771,140.13672,160.70557,177.73438,258.11768,194.15283,214.4165,225.09766,215.271,199.15771,262.93945,268.85986,214.72168,276.00098,210.69336,229.18701,211.66992,230.71289,203.73535,272.82715,229.06494,230.28564,250.1831,257.08008,304.99268,310.30273,271.05713,145.1416,96.92383,50.78125,65.7959,58.22754,50.29297,99.609375,136.59668,114.13574,123.35205,105.529785,106.68945,191.8335,162.59766,113.098145,102.41699,136.04736,157.89795,196.5332,112.06055,189.45312,215.39307,173.27881,175.59814,141.23535,122.13135,179.5044,161.74316,66.65039,101.501465,90.33203,102.90527,78.430176,131.65283,77.33154,94.90967,133.97217,156.86035
51.086426,61.09619,67.0166,98.44971,190.979,107.91016,137.57324,185.79102,145.75195,139.95361,98.99902,46.75293,50.720215,72.32666,94.11621,104.61426,128.2959,104.79736,140.8081,104.61426,61.157227,21.54541,72.509766,95.64209,121.58203,172.11914,185.11963,111.572266,226.50146,149.90234,121.520996,136.47461,127.62451,129.3335,121.520996,172.18018,178.77197,198.4253,159.97314,217.46826,213.07373,201.72119,125.061035,200.98877,251.70898,232.72705,191.77246,168.33496,261.16943,247.86377,222.10693,173.0957,264.9536,167.66357,238.28125,273.2544,276.97754,230.71289,237.91504,266.2964,276.18408,288.3911,259.15527,243.89648,191.58936,87.40234,92.10205,87.58545,49.194336,144.89746,157.59277,150.57373,170.04395,167.05322,202.02637,134.46045,142.08984,180.35889,126.831055,141.17432,162.17041,167.72461,185.4248,194.70215,271.60645,224.3042,153.50342,140.86914,92.5293,77.45361,58.95996,82.94678,84.16748,81.970215,70.373535,70.80078,55.05371,51.02539,82.39746,98.75488
50.964355,69.03076,66.89453,162.04834,125.48828,167.60254,120.84961,85.26611,76.78223,71.16699,77.20947,101.07422,69.64111,98.51074,73.24219,89.84375,82.15332,123.35205,122.924805,156.25,132.20215,70.67871,31.921387,148.31543,118.2251,121.33789,125.54932,185.72998,187.07275,125.91553,136.90186,144.89746,100.95215,125.79346,182.86133,183.28857,160.5835,171.6919,180.54199,187.13379,241.82129,240.84473,211.1206,272.33887,270.44678,183.10547,229.12598,206.48193,194.94629,157.2876,210.32715,204.52881,228.39355,201.96533,223.69385,222.83936,209.35059,250.79346,240.23438,256.53076,228.75977,254.27246,219.90967,222.96143,279.47998,218.9331,208.19092,238.15918,218.62793,196.77734,169.98291,170.47119,169.98291,161.92627,189.63623,180.60303,141.96777,191.58936,159.24072,154.90723,164.2456,153.68652,207.03125,254.39453,226.13525,207.76367,153.56445,79.52881,48.095703,67.68799,83.92334,145.75195,98.51074,49.865723,42.96875,41.992188,45.654297,43.518066,72.021484,180.7251
43.395996,111.450195,168.396,136.96289,157.95898,191.16211,72.87598,75.62256,55.725098,53.100586,84.8999,76.171875,151.42822,161.56006,95.64209,164.2456,98.32764,116.21094,91.36963,167.11426,69.82422,131.89697,92.5293,143.85986,209.7168,140.68604,150.08545,125.183105,199.46289,121.33789,156.4331,165.2832,149.96338,196.83838,183.59375,198.05908,153.07617,139.70947,134.39941,191.46729,207.4585,218.38379,216.79688,247.25342,219.36035,238.8916,203.97949,227.66113,205.26123,165.77148,171.32568,197.3877,214.72168,255.7373,218.20068,239.9292,172.97363,184.32617,202.69775,251.2207,200.62256,274.96338,203.24707,211.24268,264.89258,159.42383,196.96045,196.71631,207.6416,202.45361,187.74414,215.14893,166.56494,165.71045,168.45703,157.22656,205.62744,142.57812,129.5166,156.61621,140.56396,157.2876,183.10547,189.20898,217.83447,176.75781,120.60547,60.058594,44.799805,52.368164,74.76807,123.291016,78.430176,72.265625,62.683105,68.96973,58.47168,77.88086,114.19678,93.13965
51.3916,114.37988,150.26855,169.55566,220.39795,141.72363,88.07373,77.88086,59.87549,62.438965,83.43506,119.93408,139.46533,160.82764,175.65918,98.32764,108.70361,82.70264,129.76074,62.072754,89.47754,132.38525,80.13916,121.33789,160.7666,157.16553,187.5,153.50342,127.2583,167.48047,191.89453,117.55371,203.55225,161.25488,170.41016,176.45264,169.92188,221.67969,174.1333,199.15771,198.6084,283.20312,215.20996,205.32227,230.83496,254.27246,219.42139,167.1753,224.4873,243.28613,244.14062,221.8628,237.06055,236.57227,236.51123,229.37012,263.61084,229.30908,218.32275,289.67285,240.41748,248.22998,194.64111,229.24805,163.14697,191.46729,215.39307,182.92236,191.16211,164.73389,251.58691,239.9292,255.7373,191.52832,208.4961,187.19482,138.3667,156.49414,121.21582,139.77051,143.49365,252.0752,220.58105,69.45801,156.25,123.046875,140.8081,72.93701,73.48633,86.91406,80.444336,85.876465,63.78174,56.45752,79.3457,62.62207,73.54736,106.38428,78.063965,75.31738
78.24707,230.28564,104.8584,233.39844,66.77246,91.430664,107.299805,78.186035,129.5166,91.18652,92.83447,129.45557,138.79395,127.319336,141.47949,102.7832,97.16797,86.85303,108.88672,59.448242,84.65576,143.18848,127.86865,133.8501,201.0498,234.00879,179.74854,78.73535,157.10449,102.96631,171.20361,133.97217,106.26221,190.36865,168.70117,174.43848,239.80713,220.64209,162.17041,211.05957,274.41406,253.1128,268.7378,208.4961,238.64746,215.02686,269.71436,263.42773,185.2417,223.69385,180.05371,213.98926,243.59131,230.34668,230.83496,218.32275,232.91016,259.94873,203.24707,257.32422,221.13037,162.29248,195.73975,180.11475,142.7002,181.88477,180.17578,178.52783,163.51318,143.79883,200.62256,195.92285,295.34912,137.20703,140.8081,133.60596,107.299805,85.44922,80.078125,91.24756,66.89453,202.02637,162.96387,112.18262,101.31836,148.13232,105.83496,264.2212,160.5835,106.26221,98.51074,128.1128,77.14844,56.45752,48.217773,93.26172,78.24707,98.44971,72.81494,38.33008
92.77344,145.93506,90.20996,163.94043,119.32373,120.97168,110.90088,89.904785,168.09082,124.938965,125.97656,153.01514,167.3584,117.614746,111.75537,70.495605,131.28662,121.76514,107.23877,110.65674,155.45654,110.16846,137.20703,115.78369,210.99854,168.396,175.59814,110.04639,105.895996,89.96582,152.83203,169.00635,150.39062,151.61133,210.44922,162.8418,135.98633,225.58594,203.79639,195.19043,186.03516,234.375,222.83936,264.46533,260.62012,239.50195,243.53027,244.6289,245.3003,213.13477,212.46338,162.53662,205.50537,252.86865,206.54297,214.66064,219.84863,211.79199,189.39209,192.50488,245.84961,189.14795,158.20312,164.2456,192.74902,171.6919,150.5127,171.875,200.56152,154.23584,96.98486,131.34766,250.85449,138.48877,99.609375,72.69287,98.87695,160.27832,149.84131,124.75586,177.06299,146.48438,94.055176,96.86279,73.97461,115.29541,139.95361,132.50732,165.89355,155.09033,206.84814,189.69727,78.61328,57.128906,102.17285,130.00488,194.21387,90.39307,68.54248,40.58838
212.58545,155.39551,198.12012,115.90576,91.12549,89.29443,156.86035,137.5122,157.22656,183.41064,174.92676,151.9165,115.41748,123.47412,157.2876,149.35303,137.20703,105.895996,138.85498,163.8794,122.19238,164.97803,111.450195,205.99365,173.9502,170.77637,142.21191,189.7583,146.72852,155.39551,127.2583,129.27246,174.86572,171.93604,151.61133,215.69824,167.05322,194.64111,160.09521,159.17969,183.83789,153.93066,280.3955,167.1753,192.62695,263.5498,166.25977,198.36426,220.52002,186.03516,235.71777,220.15381,241.02783,244.75098,202.39258,173.03467,262.57324,217.95654,200.74463,197.50977,206.84814,188.5376,215.08789,218.38379,197.32666,170.89844,195.55664,169.18945,175.29297,196.41113,111.75537,86.91406,220.8252,238.76953,115.600586,127.80762,101.80664,190.12451,178.71094,154.90723,177.12402,125.61035,66.77246,54.016113,74.34082,130.12695,151.7334,187.3169,153.68652,179.01611,128.96729,139.89258,136.35254,184.93652,166.87012,182.43408,92.163086,46.813965,69.21387,49.37744
192.62695,84.350586,290.83252,209.47266,201.29395,185.18066,91.30859,145.93506,201.9043,211.05957,192.32178,133.60596,185.36377,212.64648,166.38184,188.23242,154.84619,140.56396,158.38623,166.3208,217.10205,184.50928,195.43457,115.17334,163.33008,144.53125,142.63916,122.43652,140.01465,110.16846,109.069824,148.31543,136.35254,167.11426,160.9497,174.1333,163.63525,161.9873,167.84668,194.51904,146.91162,246.09375,227.47803,206.29883,207.39746,213.80615,178.52783,182.49512,192.56592,223.2666,183.22754,224.1211,179.62646,162.10938,161.13281,215.88135,223.87695,208.37402,201.41602,260.62012,180.60303,255.7373,160.64453,176.33057,139.34326,138.61084,206.2378,143.7378,163.94043,172.11914,132.75146,129.5166,122.924805,244.32373,200.37842,205.68848,172.48535,125.54932,177.06299,160.64453,128.479,58.22754,52.612305,56.274414,63.11035,173.27881,208.12988,151.5503,178.6499,147.70508,135.86426,114.80713,105.22461,115.53955,202.69775,128.78418,82.82471,57.434082,68.603516,39.489746
212.70752,170.89844,240.60059,136.53564,168.64014,165.77148,211.1206,220.52002,206.2378,182.25098,198.36426,210.81543,151.30615,183.34961,193.2373,192.8711,201.41602,125.85449,226.25732,240.78369,212.70752,243.10303,181.88477,215.6372,211.42578,194.51904,182.18994,185.11963,112.854004,132.20215,111.328125,167.41943,166.68701,168.45703,140.56396,118.10303,192.32178,141.54053,143.9209,221.37451,191.40625,194.94629,197.08252,196.28906,194.15283,145.62988,219.36035,189.5752,138.79395,153.38135,195.61768,197.93701,218.38379,231.9336,230.34668,268.67676,181.45752,195.67871,150.32959,218.38379,167.1753,182.43408,171.81396,175.72021,126.77002,182.18994,223.93799,174.37744,194.45801,139.95361,162.35352,177.73438,161.25488,192.74902,257.1411,276.5503,211.42578,145.69092,139.70947,140.68604,98.20557,86.79199,78.79639,100.03662,133.54492,217.40723,167.23633,107.421875,85.26611,264.5874,147.82715,159.17969,166.01562,224.1211,168.396,125.79346,85.44922,75.8667,71.77734,54.992676
257.1411,200.6836,203.55225,213.1958,213.86719,160.21729,221.25244,206.72607,230.10254,215.6372,255.3711,210.63232,191.52832,193.84766,149.90234,149.96338,166.25977,250.12207,228.02734,242.85889,255.85938,142.39502,128.2959,157.34863,168.7622,164.0625,142.08984,191.04004,260.9253,229.49219,177.18506,160.46143,187.74414,169.92188,172.54639,174.43848,157.59277,142.57812,138.48877,103.881836,198.05908,148.98682,171.93604,144.04297,170.22705,198.66943,213.07373,237.91504,195.92285,201.59912,208.06885,220.64209,204.95605,245.3003,208.00781,248.53516,129.15039,151.12305,162.35352,193.72559,153.01514,196.10596,153.50342,77.45361,71.47217,78.308105,65.61279,75.62256,63.11035,95.52002,111.6333,42.297363,154.29688,161.8042,145.3247,201.41602,220.8252,214.72168,177.06299,152.22168,127.38037,120.72754,114.50195,162.96387,229.91943,276.5503,147.2168,128.23486,76.35498,113.52539,137.57324,165.89355,179.5044,183.89893,104.79736,194.45801,130.5542,128.84521,58.776855,86.73096
237.97607,177.55127,164.85596,194.58008,194.03076,198.73047,163.14697,126.89209,215.14893,213.68408,200.80566,193.96973,144.65332,97.65625,57.250977,97.717285,122.43652,196.83838,155.45654,102.6001,91.674805,109.98535,142.45605,156.98242,109.802246,188.84277,115.84473,196.3501,187.01172,181.09131,132.08008,182.00684,237.36572,205.32227,222.53418,189.81934,151.48926,226.01318,181.39648,146.91162,213.3789,182.9834,184.021,136.35254,215.14893,181.88477,58.47168,195.98389,201.23291,146.30127,141.90674,155.82275,139.52637,149.6582,124.45068,140.13672,84.16748,179.26025,156.67725,156.4331,173.21777,119.140625,78.49121,83.55713,87.28027,98.20557,88.68408,89.17236,89.782715,68.725586,46.26465,66.89453,132.6294,108.27637,169.73877,182.67822,206.48193,181.27441,177.12402,218.62793,189.88037,221.80176,170.10498,180.96924,163.57422,220.58105,192.99316,199.21875,133.8501,151.9165,114.80713,105.163574,156.4331,130.3711,136.77979,119.384766,155.2124,132.01904,106.38428,153.86963
272.7661,72.265625,205.81055,204.28467,202.20947,156.25,164.2456,164.18457,141.05225,203.49121,204.58984,126.586914,83.12988,81.726074,67.44385,68.115234,60.302734,74.035645,83.862305,90.39307,65.7959,104.73633,149.96338,108.39844,105.895996,85.754395,100.83008,99.91455,64.94141,126.52588,89.11133,144.22607,126.77002,137.5122,150.14648,157.71484,232.91016,79.833984,96.98486,73.66943,87.95166,155.27344,110.04639,119.07959,130.7373,135.13184,108.52051,121.33789,195.06836,178.34473,155.57861,156.31104,118.71338,51.452637,79.22363,61.706543,73.30322,70.43457,43.762207,58.654785,116.39404,94.60449,186.4624,108.947754,121.94824,120.910645,77.75879,72.387695,66.89453,224.54834,108.52051,141.90674,114.68506,121.520996,120.60547,155.15137,238.64746,71.96045,59.2041,72.32666,143.98193,70.251465,73.42529,73.913574,133.42285,126.89209,182.67822,129.15039,92.95654,72.81494,41.625977,67.07764,49.987793,138.24463,190.55176,123.84033,100.70801,108.39844,119.018555,144.34814
160.09521,117.248535,180.54199,157.53174,245.23926,250.06104,143.85986,86.242676,120.17822,156.0669,113.15918,62.072754,91.00342,56.45752,106.81152,76.049805,117.67578,136.47461,107.543945,97.29004,72.87598,114.01367,190.18555,114.01367,113.64746,112.48779,83.37402,134.52148,140.07568,159.17969,176.2085,190.91797,99.487305,132.32422,117.73682,114.68506,107.788086,166.44287,133.72803,134.82666,93.20068,102.84424,80.13916,67.50488,115.84473,88.56201,94.54346,90.63721,77.697754,47.058105,71.10596,63.537598,82.70264,31.860352,54.32129,65.06348,40.039062,109.98535,58.59375,58.10547,74.645996,106.99463,66.345215,150.20752,103.02734,104.49219,118.28613,102.29492,152.83203,127.319336,107.72705,98.32764,102.53906,87.768555,127.075195,126.09863,134.21631,65.55176,75.25635,99.18213,69.885254,68.78662,67.38281,38.33008,47.24121,68.90869,63.537598,73.12012,85.57129,94.9707,74.645996,67.13867,72.631836,69.76318,156.25,140.13672,108.58154,81.17676,49.25537,53.03955
191.71143,121.032715,80.322266,116.1499,70.007324,72.08252,160.52246,154.78516,146.30127,136.96289,117.614746,122.680664,105.895996,109.49707,103.33252,70.98389,128.84521,134.27734,119.87305,120.17822,70.98389,93.13965,132.20215,123.168945,147.2168,143.24951,170.22705,133.05664,127.38037,88.56201,74.76807,77.14844,67.56592,82.82471,78.063965,89.2334,83.37402,120.23926,104.55322,70.86182,75.98877,57.800293,69.885254,51.208496,44.433594,49.25537,44.921875,51.51367,59.509277,44.799805,53.28369,108.82568,48.52295,60.11963,65.7959,66.101074,62.561035,57.128906,64.086914,70.007324,76.66016,65.00244,79.3457,51.940918,76.11084,73.48633,81.726074,58.22754,99.487305,105.83496,104.37012,103.45459,93.688965,77.20947,113.76953,94.66553,139.34326,106.68945,112.36572,93.322754,64.453125,104.18701,46.203613,64.208984,57.31201,73.791504,67.32178,89.17236,66.16211,70.19043,48.88916,59.936523,112.18262,46.14258,85.998535,83.740234,124.938965,71.77734,55.603027,72.5708
100.64697,109.191895,59.509277,83.37402,54.748535,101.80664,75.56152,135.80322,124.45068,80.322266,54.504395,94.60449,60.668945,145.08057,124.02344,183.1665,160.46143,186.15723,155.76172,138.73291,102.72217,102.90527,94.66553,172.36328,141.78467,122.680664,91.30859,67.993164,77.0874,43.640137,64.331055,86.91406,90.69824,97.961426,84.228516,83.25195,91.674805,91.24756,119.56787,74.523926,38.391113,58.776855,41.992188,50.720215,39.30664,44.006348,66.28418,45.10498,79.04053,62.25586,44.86084,51.26953,33.75244,49.438477,71.41113,29.785156,51.818848,56.030273,41.19873,43.029785,49.01123,48.461914,67.38281,66.89453,55.847168,68.84766,62.194824,80.01709,96.19141,63.964844,64.02588,76.9043,64.697266,56.21338,96.80176,130.7373,134.27734,129.5166,198.66943,55.236816,58.288574,101.501465,71.28906,60.791016,33.081055,46.081543,62.98828,58.83789,60.424805,55.358887,55.786133,41.015625,82.092285,43.70117,73.85254,112.24365,66.101074,90.82031,57.250977,84.106445
45.715332,70.3125,80.50537,119.99512,68.66455,78.97949,73.30322,46.75293,70.373535,80.13916,48.583984,41.44287,52.30713,38.269043,75.07324,54.138184,96.069336,171.32568,160.33936,177.4292,171.14258,152.40479,93.444824,94.48242,70.92285,54.504395,78.85742,91.674805,41.381836,50.29297,57.86133,61.584473,53.222656,93.07861,86.73096,88.50098,123.59619,102.72217,54.748535,81.848145,57.18994,65.73486,38.45215,47.48535,47.36328,48.461914,94.177246,61.401367,58.22754,45.59326,40.34424,40.58838,40.83252,42.114258,40.527344,38.33008,49.316406,49.926758,70.3125,45.837402,40.161133,41.137695,37.231445,43.884277,58.654785,78.67432,108.64258,83.618164,64.575195,69.58008,75.19531,73.73047,61.279297,61.09619,62.13379,99.91455,174.19434,106.81152,101.92871,41.748047,51.208496,60.36377,58.34961,51.635742,35.583496,45.22705,48.64502,49.438477,71.04492,48.15674,59.387207,54.138184,51.757812,65.30762,82.092285,125.54932,104.55322,101.31836,58.776855,59.143066
74.279785,37.109375,69.15283,64.02588,68.42041,57.06787,58.71582,82.15332,59.570312,57.495117,59.692383,81.4209,49.560547,78.24707,53.16162,59.143066,42.84668,62.98828,100.3418,83.37402,56.274414,88.07373,46.26465,49.1333,54.016113,66.04004,68.115234,43.151855,80.3833,72.5708,58.654785,50.354004,62.5,63.11035,104.18701,58.22754,45.22705,73.6084,58.898926,53.16162,49.438477,61.584473,60.546875,43.518066,44.067383,51.818848,73.54736,45.715332,38.024902,47.11914,61.584473,51.574707,38.513184,54.016113,47.36328,52.79541,53.28369,72.631836,63.415527,47.302246,48.217773,54.07715,59.509277,50.598145,49.682617,60.72998,57.9834,45.959473,52.18506,73.05908,80.68848,72.5708,64.88037,68.115234,73.36426,124.816895,180.60303,111.02295,84.65576,76.78223,45.959473,62.927246,46.203613,56.82373,42.48047,80.68848,59.87549,56.33545,55.664062,46.936035,65.24658,57.922363,60.72998,44.799805,53.527832,74.523926,122.7417,86.66992,56.70166,77.14844
63.354492,52.734375,50.476074,72.265625,91.73584,59.020996,69.21387,79.04053,60.11963,66.89453,64.086914,77.02637,53.771973,74.70703,49.743652,87.21924,74.89014,93.20068,86.18164,64.39209,75.927734,82.58057,74.401855,67.993164,80.74951,74.89014,63.659668,53.28369,63.78174,55.725098,55.603027,59.32617,62.25586,75.62256,110.04639,79.22363,69.51904,61.584473,77.697754,69.45801,44.555664,62.072754,55.603027,56.640625,54.80957,63.171387,77.33154,45.47119,59.32617,66.40625,58.410645,55.480957,59.753418,52.490234,63.23242,41.44287,62.01172,65.979004,62.37793,71.77734,57.128906,43.029785,63.78174,51.330566,47.11914,80.200195,51.02539,78.97949,74.70703,90.148926,83.31299,75.01221,63.171387,66.16211,83.37402,67.32178,144.04297,134.94873,90.08789,58.10547,72.32666,72.509766,75.927734,70.06836,68.42041,80.200195,69.82422,70.129395,79.04053,86.18164,56.152344,101.501465,52.79541,74.89014,72.08252,74.401855,103.271484,84.65576,67.81006,52.06299
89.59961,46.569824,42.297363,80.3833,88.98926,85.998535,71.10596,49.37744,66.833496,54.44336,50.53711,76.23291,62.74414,61.279297,59.99756,90.026855,91.12549,77.819824,88.98926,67.0166,87.70752,89.660645,69.39697,76.84326,72.021484,73.18115,73.85254,68.17627,66.16211,70.98389,75.50049,92.041016,85.38818,100.83008,115.90576,112.42676,112.48779,91.36963,84.77783,66.04004,76.35498,85.44922,75.56152,75.927734,78.97949,90.148926,89.416504,70.3125,75.927734,69.45801,70.80078,68.725586,68.84766,66.28418,70.739746,77.27051,81.66504,75.62256,84.106445,93.01758,67.50488,65.49072,70.373535,78.186035,47.912598,59.2041,52.18506,65.24658,68.29834,75.74463,79.1626,71.899414,82.6416,68.84766,87.646484,96.37451,123.53516,84.59473,113.15918,70.67871,53.28369,70.3125,63.537598,68.66455,69.15283,69.45801,77.33154,84.228516,72.08252,76.47705,89.904785,97.65625,96.43555,79.77295,86.30371,73.12012,91.918945,84.28955,70.373535,102.17285
58.59375,69.64111,80.444336,75.50049,66.95557,155.0293,87.890625,72.75391,85.57129,72.5708,92.10205,83.00781,89.35547,91.06445,113.098145,88.98926,85.32715,75.43945,94.177246,84.83887,78.67432,97.0459,84.04541,88.256836,80.87158,98.93799,86.66992,90.4541,85.876465,83.12988,93.75,97.53418,79.89502,70.373535,93.50586,178.03955,74.21875,66.101074,70.06836,59.936523,89.17236,67.0166,79.58984,73.913574,71.16699,64.575195,96.0083,56.884766,68.359375,64.208984,76.66016,66.89453,55.725098,69.21387,67.38281,48.15674,60.424805,65.91797,71.10596,69.03076,66.77246,53.16162,54.138184,70.007324,72.143555,69.94629,69.64111,78.85742,83.25195,80.62744,75.01221,79.1626,73.12012,81.726074,76.78223,90.148926,150.75684,87.03613,153.25928,64.14795,45.776367,70.617676,66.467285,77.33154,78.91846,48.461914,59.814453,70.007324,49.987793,59.753418,65.7959,72.99805,65.67383,54.382324,58.10547,81.604004,92.40723,59.692383,49.926758,69.82422
84.53369,59.2041,57.250977,64.453125,76.78223,151.42822,74.157715,63.90381,85.9375,72.509766,61.645508,62.438965,60.302734,74.157715,90.148926,76.11084,64.94141,62.927246,55.786133,59.265137,75.805664,72.387695,68.78662,71.47217,71.3501,69.64111,61.157227,57.128906,79.22363,73.48633,62.5,72.20459,60.72998,72.93701,93.444824,111.93848,72.265625,45.22705,92.163086,72.265625,54.260254,85.26611,65.42969,74.035645,72.143555,95.52002,77.39258,69.2749,87.82959,72.265625,71.77734,87.768555,80.444336,70.98389,85.38818,56.518555,63.171387,46.14258,77.27051,62.74414,54.07715,74.645996,52.79541,66.467285,72.75391,56.152344,83.80127,68.0542,65.85693,58.10547,79.1626,55.29785,64.14795,65.12451,69.45801,89.59961,89.47754,75.01221,108.76465,63.11035,73.36426,70.251465,66.589355,53.28369,67.68799,46.203613,60.791016,76.293945,80.26123,95.52002,72.99805,46.63086,60.424805,57.128906,58.166504,57.128906,67.32178,103.637695,60.11963,47.11914
75.25635,63.537598,53.40576,63.23242,49.316406,84.7168,71.41113,68.115234,61.584473,59.814453,55.96924,66.04004,69.0918,59.448242,117.06543,93.322754,79.28467,87.09717,74.70703,64.94141,67.993164,60.302734,52.67334,64.88037,77.20947,56.274414,59.692383,58.34961,74.95117,81.48193,77.75879,78.73535,83.00781,85.9375,84.8999,117.126465,102.6001,90.39307,75.74463,79.52881,68.481445,44.25049,87.768555,47.973633,57.495117,58.22754,52.734375,67.44385,52.612305,65.7959,67.19971,53.771973,64.39209,64.453125,50.964355,68.481445,69.51904,55.114746,60.11963,65.36865,64.14795,58.83789,59.936523,58.83789,63.537598,53.344727,67.0166,70.739746,55.725098,65.67383,60.302734,51.208496,62.86621,48.583984,65.00244,81.726074,80.444336,70.67871,62.25586,70.739746,72.93701,69.70215,59.99756,56.518555,55.603027,58.34961,54.32129,60.424805,65.7959,53.03955,61.88965,65.42969,56.09131,60.302734,68.481445,77.75879,67.07764,64.819336,62.62207,58.95996
75.01221,54.504395,70.06836,50.720215,75.50049,97.10693,115.90576,61.462402,75.805664,70.495605,62.25586,68.42041,91.674805,110.35156,89.35547,73.66943,71.04492,56.33545,61.706543,51.51367,56.45752,65.91797,58.10547,74.523926,84.106445,76.35498,87.1582,82.458496,54.260254,71.41113,68.66455,74.401855,76.35498,83.55713,75.8667,77.697754,119.56787,97.595215,84.7168,71.71631,77.0874,87.1582,57.250977,89.72168,58.532715,73.30322,71.28906,74.58496,80.01709,75.31738,87.58545,70.495605,61.88965,67.0166,64.7583,72.20459,79.40674,38.879395,54.80957,60.424805,69.15283,53.222656,66.04004,63.964844,67.62695,59.570312,62.927246,51.879883,77.27051,67.93213,61.76758,70.98389,60.85205,63.537598,75.68359,105.59082,80.078125,71.59424,73.42529,98.87695,70.129395,84.04541,86.9751,90.75928,78.79639,82.39746,84.8999,74.645996,79.46777,80.74951,77.02637,78.85742,82.76367,78.552246,78.91846,86.364746,75.74463,72.509766,84.106445,59.814453
79.65088,61.09619,61.462402,61.706543,58.166504,81.90918,82.214355,77.57568,71.65527,68.96973,76.23291,91.552734,106.56738,84.59473,83.984375,55.725098,69.15283,68.725586,79.1626,69.2749,99.365234,55.725098,99.609375,61.828613,91.4917,69.2749,78.67432,76.538086,73.6084,55.05371,84.228516,61.76758,70.43457,75.927734,69.39697,83.31299,77.88086,104.00391,71.77734,78.67432,86.91406,79.46777,73.73047,67.62695,80.200195,74.34082,66.65039,69.21387,62.683105,60.302734,75.8667,83.80127,75.37842,68.29834,72.44873,45.34912,58.22754,58.10547,70.92285,81.726074,82.51953,88.31787,62.62207,89.17236,86.54785,67.44385,67.32178,48.828125,69.15283,58.10547,77.33154,65.55176,50.476074,50.04883,73.6084,87.70752,71.22803,83.55713,79.04053,62.13379,68.78662,64.63623,74.70703,64.94141,67.81006,55.847168,61.035156,68.54248,59.936523,88.74512,75.37842,55.96924,52.734375,68.725586,63.78174,71.04492,82.03125,61.340332,69.885254,63.598633
86.60889,62.5,51.330566,76.23291,56.33545,59.265137,78.85742,106.32324,71.77734,83.55713,79.77295,72.81494,111.083984,56.396484,56.884766,70.3125,67.13867,78.063965,52.001953,62.927246,55.908203,65.85693,77.51465,70.251465,67.19971,57.06787,66.04004,57.617188,60.058594,69.70215,60.058594,58.59375,70.129395,61.340332,65.73486,55.786133,66.40625,80.01709,51.208496,67.44385,63.476562,71.65527,75.62256,60.36377,70.67871,67.68799,58.654785,67.19971,58.83789,56.45752,57.678223,53.894043,69.45801,68.42041,55.358887,64.94141,76.78223,55.480957,66.40625,67.56592,68.359375,65.18555,65.67383,70.739746,62.01172,67.93213,63.476562,56.396484,63.23242,55.664062,55.541992,60.424805,57.800293,68.481445,72.08252,80.26123,104.91943,67.07764,74.70703,67.68799,67.26074,63.23242,59.387207,55.05371,58.22754,55.96924,52.856445,55.603027,55.96924,55.847168,66.95557,58.22754,55.908203,49.01123,52.4292,66.95557,59.814453,64.331055,53.222656,54.93164
70.19043,52.978516,52.246094,47.546387,57.922363,44.98291,91.796875,81.78711,64.63623,61.09619,64.208984,65.42969,74.46289,72.69287,47.973633,59.99756,62.683105,60.913086,52.368164,55.41992,77.0874,60.546875,61.706543,70.43457,54.93164,64.819336,56.518555,58.71582,62.683105,68.42041,79.3457,52.001953,71.3501,49.682617,63.293457,59.2041,56.518555,97.961426,59.570312,68.237305,61.21826,62.072754,67.81006,48.15674,55.725098,57.800293,73.36426,58.044434,62.13379,57.495117,67.0166,59.570312,55.358887,74.157715,58.22754,56.396484,52.490234,53.344727,57.495117,70.06836,77.14844,63.537598,53.95508,54.260254,62.5,51.696777,70.373535,60.668945,61.340332,56.70166,66.04004,52.978516,69.51904,71.65527,66.833496,76.66016,119.262695,57.250977,73.05908,48.828125,72.509766,99.67041,50.842285,69.03076,66.52832,69.76318,44.921875,64.7583,56.152344,64.208984,87.890625,57.006836,64.51416,61.462402,75.805664,66.77246,64.086914,87.40234,84.350586,46.99707
92.89551,62.683105,62.86621,57.739258,50.04883,85.81543,103.8208,89.29443,85.69336,73.97461,67.62695,76.538086,81.78711,73.18115,65.12451,65.12451,70.98389,65.49072,64.208984,57.128906,58.10547,72.143555,47.546387,54.382324,59.08203,71.899414,57.678223,59.448242,56.518555,51.696777,47.729492,71.47217,53.588867,65.85693,49.194336,64.575195,70.129395,82.76367,65.67383,59.387207,63.476562,71.96045,62.13379,57.18994,62.98828,70.739746,77.51465,63.537598,69.03076,56.640625,56.884766,58.34961,68.359375,57.434082,69.15283,64.208984,60.180664,65.49072,72.5708,54.44336,62.927246,71.04492,53.222656,51.696777,59.020996,55.664062,66.101074,58.59375,63.476562,60.48584,67.87109,50.231934,70.86182,65.49072,74.157715,84.228516,129.39453,92.65137,73.18115,85.32715,71.10596,92.041016,79.52881,46.936035,90.20996,54.504395,64.575195,56.45752,59.753418,73.54736,72.32666,67.50488,65.12451,55.480957,51.757812,72.143555,73.36426,81.54297,55.664062,48.339844
82.092285,51.696777,59.32617,65.18555,60.791016,75.50049,129.88281,74.76807,86.242676,55.603027,67.07764,62.25586,56.152344,59.570312,66.95557,55.725098,54.626465,56.030273,70.495605,50.964355,52.18506,53.527832,48.828125,66.16211,67.07764,55.96924,61.157227,63.23242,57.18994,67.07764,58.776855,44.73877,61.462402,64.88037,52.856445,61.09619,61.706543,91.73584,64.27002,62.927246,51.14746,62.5,58.71582,62.37793,60.36377,50.04883,59.448242,61.523438,68.0542,70.86182,81.78711,54.016113,60.36377,50.842285,67.56592,43.21289,58.59375,68.66455,63.842773,51.086426,57.250977,70.67871,70.129395,61.645508,55.480957,57.128906,59.814453,56.762695,68.0542,65.12451,61.09619,67.993164,75.56152,69.58008,67.93213,69.82422,109.313965,134.39941,72.509766,102.11182,86.91406,95.581055,64.7583,72.509766,78.61328,67.0166,16.784668,64.51416,68.0542,85.510254,64.331055,61.76758,51.696777,56.57959,72.08252,74.70703,74.09668,66.589355,60.913086,74.279785
74.8291,68.17627,54.44336,58.166504,51.330566,91.97998,143.43262,75.37842,75.927734,67.993164,65.55176,62.37793,73.85254,66.28418,59.32617,41.931152,56.09131,71.28906,80.50537,76.293945,76.23291,63.415527,57.800293,68.359375,81.35986,82.94678,55.41992,54.260254,74.89014,53.100586,60.791016,61.706543,56.152344,49.682617,55.847168,39.611816,49.072266,78.063965,68.54248,48.40088,70.373535,85.876465,79.04053,49.560547,61.88965,46.325684,56.45752,54.32129,44.86084,63.23242,53.649902,65.49072,63.11035,70.67871,45.837402,63.11035,53.03955,50.41504,52.18506,51.574707,61.340332,69.39697,68.17627,52.124023,60.424805,60.791016,66.711426,86.242676,74.46289,47.668457,62.01172,58.83789,61.340332,60.97412,65.91797,78.308105,124.694824,88.50098,79.711914,55.05371,68.115234,80.01709,86.91406,72.509766,58.95996,56.030273,56.70166,71.10596,72.631836,59.87549,57.373047,63.964844,46.875,64.63623,55.664062,77.57568,82.58057,80.56641,68.42041,73.05908
83.19092,59.99756,55.236816,57.617188,61.523438,86.91406,151.61133,71.41113,79.1626,64.697266,73.97461,79.833984,85.08301,55.541992,105.407715,80.62744,41.503906,81.05469,64.14795,98.14453,84.47266,54.07715,55.17578,53.222656,64.575195,68.78662,74.157715,49.25537,67.62695,63.537598,61.157227,87.768555,56.57959,55.541992,61.523438,63.842773,69.39697,76.9043,88.92822,52.55127,70.617676,52.734375,59.387207,70.007324,64.331055,68.90869,55.05371,55.96924,80.13916,62.072754,65.73486,66.89453,52.06299,68.725586,54.07715,62.561035,68.725586,50.65918,65.18555,41.19873,65.12451,71.59424,55.29785,84.106445,43.518066,68.78662,46.081543,79.711914,50.65918,59.631348,67.93213,58.71582,83.80127,58.71582,56.152344,75.25635,93.62793,112.36572,79.46777,84.106445,85.876465,88.1958,69.58008,73.73047,67.87109,66.52832,65.91797,59.387207,72.387695,65.91797,75.43945,77.75879,62.01172,60.791016,65.18555,66.40625,48.706055,52.001953,52.4292,75.50049
85.44922,55.725098,58.898926,76.47705,72.021484,85.81543,117.248535,84.16748,78.61328,90.57617,60.97412,65.06348,59.08203,67.19971,47.546387,64.51416,42.907715,71.04492,68.17627,50.231934,54.93164,57.678223,61.21826,33.38623,73.12012,66.95557,87.28027,57.617188,57.556152,55.358887,42.60254,64.7583,57.495117,48.706055,50.598145,48.034668,52.856445,75.927734,63.171387,68.603516,43.029785,54.138184,69.0918,51.635742,50.598145,69.45801,41.870117,47.24121,58.22754,61.462402,64.697266,71.83838,53.344727,60.2417,52.124023,55.358887,56.70166,65.7959,54.504395,56.09131,49.621582,51.757812,70.86182,40.58838,53.40576,58.71582,62.438965,39.855957,62.316895,33.935547,62.194824,54.504395,50.476074,82.27539,73.73047,90.82031,66.101074,82.03125,70.495605,44.799805,48.095703,47.48535,54.6875,75.07324,66.16211,56.9458,53.28369,58.898926,67.87109,68.96973,52.91748,50.29297,60.2417,52.91748,64.63623,42.3584,64.27002,56.396484,58.71582,47.180176
69.0918,61.76758,41.259766,52.001953,61.828613,73.54736,87.03613,88.92822,92.28516,92.46826,64.39209,88.31787,76.049805,51.02539,62.01172,51.26953,56.57959,56.640625,57.922363,45.10498,50.41504,51.330566,58.34961,70.67871,83.25195,69.15283,69.58008,67.93213,72.509766,57.9834,60.2417,57.556152,55.908203,55.603027,69.885254,39.489746,63.293457,58.288574,79.52881,76.9043,73.97461,57.128906,50.598145,50.78125,66.89453,49.072266,46.14258,82.6416,23.742676,49.37744,73.12012,58.83789,78.063965,67.19971,65.49072,65.61279,54.19922,63.659668,69.76318,65.30762,62.86621,58.71582,72.631836,56.21338,56.396484,68.54248,64.208984,68.481445,52.06299,57.18994,67.19971,62.37793,56.33545,63.293457,61.523438,79.65088,82.15332,81.604004,70.739746,82.03125,65.30762,56.82373,75.805664,90.88135,72.387695,73.85254,74.95117,60.180664,59.936523,55.96924,71.41113,57.86133,82.03125,61.157227,57.495117,66.16211,72.021484,71.47217,74.8291,54.93164
77.941895,72.5708,60.97412,80.87158,68.42041,93.20068,91.552734,101.31836,107.91016,95.15381,64.575195,61.645508,63.11035,65.61279,70.06836,68.359375,75.19531,57.617188,70.373535,54.138184,64.94141,68.29834,78.125,74.035645,64.14795,71.899414,58.10547,49.316406,50.720215,60.2417,70.19043,56.33545,55.17578,67.81006,74.035645,64.453125,58.47168,59.448242,75.13428,67.81006,66.95557,72.387695,61.523438,55.541992,58.47168,61.88965,66.711426,65.30762,68.96973,58.34961,61.706543,71.16699,57.06787,76.9043,73.6084,54.260254,73.97461,73.66943,77.819824,68.725586,59.08203,77.51465,64.7583,61.523438,92.40723,44.37256,65.00244,70.92285,66.28418,63.415527,70.129395,69.76318,76.049805,70.007324,72.75391,74.401855,79.22363,84.28955,105.34668,76.23291,78.125,94.72656,79.65088,68.725586,74.95117,76.171875,64.697266,89.47754,84.59473,96.55762,84.65576,100.95215,67.13867,80.56641,72.20459,68.96973,73.36426,60.72998,61.76758,56.57959
90.57617,80.62744,44.799805,51.3916,60.913086,81.23779,86.60889,106.93359,61.584473,82.6416,95.21484,56.640625,68.66455,55.29785,62.98828,76.293945,69.03076,58.044434,72.021484,56.030273,72.08252,82.15332,66.52832,79.46777,70.92285,61.828613,70.007324,79.10156,72.08252,60.180664,62.194824,70.373535,76.72119,93.62793,68.359375,95.88623,71.47217,81.970215,89.29443,104.06494,95.03174,89.84375,85.26611,89.47754,86.42578,91.796875,87.646484,91.674805,85.14404,72.81494,86.30371,96.67969,84.228516,63.354492,68.481445,60.85205,71.71631,72.69287,63.78174,78.73535,63.537598,68.237305,66.77246,64.7583,68.54248,71.22803,72.75391,57.617188,73.73047,59.2041,78.85742,56.82373,70.67871,72.87598,81.970215,72.75391,77.941895,65.42969,112.976074,91.430664,86.242676,98.32764,88.1958,83.37402,76.59912,89.538574,77.697754,70.129395,78.49121,76.59912,90.63721,80.56641,60.97412,79.46777,83.80127,85.81543,76.84326,75.50049,82.94678,63.659668
94.60449,78.36914,73.54736,96.0083,69.39697,91.552734,88.98926,105.22461,85.44922,78.73535,79.89502,90.51514,70.06836,51.02539,63.659668,54.626465,79.77295,71.77734,84.41162,63.964844,85.02197,81.604004,47.302246,66.16211,59.265137,62.561035,72.631836,74.70703,75.74463,79.10156,89.96582,54.138184,57.006836,52.612305,70.98389,75.62256,65.55176,68.66455,72.5708,78.063965,66.95557,65.7959,65.61279,59.265137,57.250977,64.086914,68.603516,73.85254,54.44336,57.86133,77.75879,53.649902,59.509277,63.90381,78.308105,59.692383,79.28467,63.659668,75.43945,52.856445,70.617676,75.8667,66.16211,62.01172,64.697266,76.47705,57.617188,67.19971,72.99805,69.21387,63.171387,62.86621,67.74902,64.39209,62.98828,73.12012,98.083496,94.54346,103.94287,71.59424,71.22803,80.078125,58.288574,90.75928,61.828613,69.03076,70.129395,83.43506,79.77295,72.44873,63.78174,69.64111,72.08252,79.28467,90.08789,65.7959,82.336426,59.32617,80.444336,65.18555
73.66943,75.01221,81.11572,80.99365,84.83887,69.82422,95.825195,104.12598,78.125,77.45361,87.890625,66.77246,83.55713,73.97461,84.106445,81.4209,83.55713,79.58984,83.6792,64.39209,66.28418,69.33594,68.603516,66.223145,66.40625,66.16211,76.23291,78.063965,66.711426,56.57959,70.06836,47.546387,62.927246,71.5332,61.035156,63.171387,76.66016,64.63623,62.072754,65.85693,71.77734,45.776367,78.24707,64.88037,77.0874,47.180176,67.26074,64.453125,61.401367,60.48584,77.51465,54.870605,67.74902,70.55664,56.518555,74.46289,68.17627,57.31201,72.509766,62.25586,72.021484,69.45801,71.71631,78.79639,64.27002,62.683105,67.74902,66.467285,59.020996,58.532715,65.55176,56.9458,64.94141,74.95117,75.31738,67.26074,66.89453,75.56152,59.753418,75.43945,60.546875,65.85693,67.87109,86.54785,70.98389,65.12451,68.237305,72.69287,68.17627,68.42041,64.02588,65.85693,59.387207,59.99756,64.02588,65.61279,82.51953,72.93701,87.09717,85.876465
66.467285,78.430176,71.16699,71.16699,63.049316,63.293457,85.02197,130.67627,72.99805,82.58057,82.6416,80.3833,86.18164,55.480957,72.44873,62.62207,70.06836,66.52832,86.364746,89.47754,87.40234,89.904785,89.72168,73.791504,85.998535,85.81543,69.39697,58.654785,63.598633,58.83789,76.293945,73.18115,71.77734,53.771973,75.31738,63.537598,64.94141,75.13428,89.660645,85.69336,90.63721,84.28955,79.40674,72.509766,82.88574,80.87158,70.251465,68.17627,94.84863,87.40234,86.66992,80.3833,78.186035,54.93164,79.711914,81.05469,60.058594,76.538086,61.21826,89.11133,89.29443,83.43506,83.43506,58.47168,88.134766,80.078125,93.688965,95.581055,92.22412,74.46289,75.01221,82.51953,96.49658,92.95654,88.37891,78.49121,82.6416,93.99414,90.63721,88.62305,83.618164,83.618164,71.899414,88.80615,99.975586,84.16748,88.256836,86.91406,67.07764,66.711426,76.78223,75.13428,75.927734,70.86182,82.76367,68.359375,81.4209,82.51953,85.08301,83.37402
75.31738,62.86621,82.76367,71.04492,77.697754,72.81494,89.904785,93.87207,75.50049,75.50049,85.754395,66.16211,59.936523,66.345215,78.125,87.09717,61.706543,79.22363,80.81055,80.50537,81.604004,67.993164,76.9043,68.481445,72.81494,80.01709,59.570312,67.993164,82.27539,74.523926,77.20947,72.69287,72.021484,80.56641,79.22363,89.904785,78.24707,70.495605,71.71631,71.71631,90.08789,72.20459,78.552246,81.78711,78.00293,78.67432,80.322266,74.523926,73.66943,80.56641,68.725586,85.02197,84.350586,71.22803,80.01709,63.293457,78.308105,78.36914,82.39746,77.88086,79.65088,82.76367,80.200195,85.44922,92.83447,91.61377,77.0874,70.129395,69.21387,70.06836,79.833984,88.1958,86.91406,88.256836,76.59912,82.03125,96.0083,87.34131,91.73584,79.52881,89.538574,85.510254,90.08789,83.740234,74.09668,78.125,72.87598,58.532715,78.73535,67.38281,94.29932,88.56201,86.54785,77.02637,60.424805,57.678223,73.97461,85.57129,83.19092,64.7583
88.50098,67.44385,72.265625,53.833008,67.87109,76.049805,62.74414,107.48291,78.49121,57.617188,85.08301,67.13867,55.847168,70.86182,55.664062,59.570312,57.250977,46.14258,70.251465,74.09668,72.08252,65.24658,46.020508,64.88037,57.434082,59.448242,73.73047,72.387695,65.24658,54.44336,66.16211,51.879883,62.438965,74.34082,82.70264,79.77295,81.54297,76.416016,78.063965,87.646484,87.890625,81.66504,72.509766,53.16162,78.552246,64.086914,52.612305,74.70703,68.78662,58.410645,72.387695,55.786133,59.509277,72.08252,49.25537,56.396484,68.84766,62.86621,78.24707,91.36963,79.22363,87.1582,76.59912,65.61279,49.621582,59.509277,65.91797,59.99756,72.93701,72.08252,67.993164,55.236816,74.523926,54.80957,64.819336,62.01172,66.467285,65.42969,82.458496,78.308105,87.646484,91.918945,61.88965,88.98926,98.93799,104.12598,78.73535,82.336426,59.2041,84.8999,89.782715,70.86182,63.354492,61.706543,65.00244,69.82422,77.27051,64.63623,52.79541,70.251465
78.063965,78.552246,75.8667,69.885254,72.75391,79.04053,95.76416,111.14502,57.495117,80.322266,75.50049,72.87598,67.38281,85.20508,85.754395,63.90381,71.83838,48.706055,81.17676,61.157227,49.926758,42.907715,61.09619,59.08203,57.9834,74.09668,64.63623,67.07764,95.15381,57.31201,98.2666,86.54785,86.120605,79.10156,64.39209,72.81494,79.89502,79.89502,94.60449,58.044434,87.646484,71.77734,65.55176,76.84326,77.27051,74.95117,93.933105,85.20508,88.80615,75.50049,71.77734,72.5708,61.88965,74.035645,82.214355,87.82959,68.66455,66.101074,80.13916,88.86719,86.242676,87.28027,77.45361,82.336426,88.256836,76.78223,83.31299,83.618164,86.85303,97.10693,78.00293,89.72168,87.768555,82.336426,73.54736,65.85693,86.85303,92.95654,78.85742,59.08203,66.345215,76.72119,82.39746,75.8667,82.15332,100.76904,81.35986,75.01221,76.72119,76.049805,54.870605,57.434082,67.56592,65.61279,76.416016,85.998535,73.913574,59.32617,74.645996,66.95557
69.64111,77.75879,53.40576,55.908203,48.217773,59.99756,78.61328,118.774414,67.32178,74.09668,78.186035,73.6084,72.32666,77.02637,79.22363,51.452637,58.410645,59.631348,50.964355,60.72998,76.293945,70.80078,70.373535,58.59375,60.913086,74.46289,72.32666,65.24658,65.73486,77.75879,73.66943,81.726074,71.41113,82.94678,70.86182,78.61328,76.293945,58.654785,64.819336,62.62207,71.899414,80.3833,75.8667,61.340332,59.631348,64.88037,55.236816,72.08252,81.35986,76.538086,69.70215,78.85742,67.993164,72.265625,75.07324,70.495605,84.65576,73.24219,73.30322,74.34082,79.77295,65.18555,84.106445,83.80127,83.00781,83.31299,82.15332,81.726074,86.05957,66.223145,53.40576,74.09668,80.200195,89.72168,65.61279,80.078125,64.7583,80.444336,68.17627,94.42139,60.668945,59.936523,61.462402,69.51904,102.53906,69.82422,83.862305,65.91797,84.350586,71.83838,72.387695,91.4917,75.31738,66.223145,62.25586,66.89453,68.603516,43.823242,66.833496,91.4917
56.274414,65.55176,52.18506,55.664062,75.98877,87.646484,86.79199,102.72217,90.75928,70.67871,90.75928,65.49072,65.06348,73.73047,85.876465,93.566895,88.37891,55.847168,88.256836,67.81006,60.424805,67.32178,59.87549,56.57959,60.302734,66.467285,68.78662,74.09668,74.09668,70.55664,72.265625,56.82373,64.331055,60.85205,71.899414,48.64502,70.06836,71.28906,78.61328,61.88965,70.80078,74.76807,57.922363,87.03613,63.90381,78.063965,84.228516,57.922363,63.354492,78.67432,80.99365,70.617676,63.598633,50.598145,64.453125,62.805176,81.29883,72.5708,86.79199,73.73047,73.05908,75.07324,72.08252,57.250977,52.06299,69.45801,63.354492,46.50879,66.52832,60.913086,59.08203,76.96533,60.2417,64.453125,60.60791,49.621582,97.961426,86.42578,68.481445,84.8999,59.87549,75.37842,61.584473,92.10205,95.64209,93.38379,85.9375,83.06885,57.31201,70.55664,64.453125,102.35596,56.884766,78.552246,90.63721,91.18652,87.09717,83.862305,93.38379,71.47217
72.021484,70.129395,65.73486,78.61328,86.120605,88.1958,88.1958,95.64209,96.37451,68.725586,98.2666,56.70166,80.62744,62.5,92.10205,83.80127,71.65527,80.93262,68.42041,80.50537,74.8291,76.66016,77.63672,61.09619,64.02588,69.94629,58.95996,62.74414,85.57129,72.32666,90.148926,79.40674,90.94238,70.739746,71.10596,72.143555,62.438965,80.62744,93.75,59.570312,75.07324,74.46289,68.29834,60.48584,71.77734,66.711426,58.044434,63.476562,64.27002,80.87158,71.16699,70.92285,74.76807,72.93701,61.340332,68.54248,77.819824,85.26611,80.56641,77.75879,75.07324,94.66553,91.36963,85.998535,104.98047,93.688965,91.06445,81.11572,50.842285,60.791016,61.76758,80.56641,76.11084,88.012695,93.01758,92.28516,101.623535,87.768555,86.73096,63.964844,72.5708,92.83447,99.42627,86.85303,73.791504,81.29883,56.82373,81.4209,90.39307,61.76758,78.67432,69.82422,93.50586,65.49072,60.36377,59.387207,83.862305,83.55713,82.092285,69.885254
78.125,79.40674,64.39209,68.725586,83.6792,70.06836,105.895996,111.450195,95.947266,90.69824,86.05957,93.566895,82.88574,80.81055,67.56592,70.495605,59.99756,71.04492,74.89014,78.79639,81.11572,78.063965,46.569824,80.322266,55.847168,74.34082,71.3501,96.61865,71.28906,82.27539,62.194824,91.00342,70.86182,72.509766,60.2417,63.720703,70.80078,91.36963,65.73486,57.495117,68.481445,66.345215,67.68799,60.302734,66.04004,72.631836,70.739746,63.171387,71.77734,86.54785,85.32715,72.143555,74.09668,72.021484,59.387207,68.0542,73.54736,64.575195,65.7959,61.706543,85.69336,64.14795,77.14844,73.30322,77.697754,74.279785,80.322266,75.62256,57.18994,99.42627,100.58594,84.77783,92.40723,85.632324,85.20508,90.82031,90.20996,69.58008,92.65137,94.7876,92.5293,89.59961,83.19092,91.552734,88.012695,91.552734,86.60889,87.95166,71.5332,73.48633,72.69287,65.00244,66.345215,52.91748,78.97949,84.7168,92.22412,80.81055,60.913086,65.18555
80.62744,65.49072,86.54785,70.67871,64.14795,77.0874,78.97949,97.961426,102.35596,78.61328,89.660645,61.523438,65.18555,63.415527,77.27051,63.964844,56.396484,69.70215,75.25635,81.29883,45.959473,51.635742,59.2041,71.71631,50.29297,56.09131,63.78174,60.913086,57.06787,46.569824,54.992676,75.68359,49.621582,45.837402,69.51904,60.546875,43.09082,65.61279,54.56543,58.10547,57.434082,69.94629,65.55176,54.93164,67.74902,66.04004,57.128906,62.5,71.83838,47.424316,55.725098,65.30762,57.678223,85.08301,61.950684,58.410645,68.725586,57.9834,80.68848,75.927734,62.316895,67.13867,54.56543,60.11963,71.47217,46.936035,68.78662,68.66455,59.265137,56.640625,66.28418,65.12451,66.833496,65.55176,58.83789,84.350586,69.82422,103.02734,106.50635,96.37451,67.38281,74.95117,83.00781,72.87598,86.79199,85.632324,75.31738,81.54297,51.3916,67.38281,63.842773,74.09668,91.36963,96.0083,74.523926,100.89111,79.956055,99.365234,80.200195,72.69287
84.106445,76.96533,60.424805,75.31738,57.617188,79.956055,86.18164,126.2207,79.58984,91.552734,77.57568,70.43457,68.725586,50.231934,63.476562,57.006836,76.78223,55.05371,57.31201,66.833496,69.76318,80.13916,79.10156,67.44385,68.84766,77.941895,84.77783,83.80127,49.37744,60.058594,73.73047,60.058594,55.05371,63.293457,68.17627,72.20459,59.87549,66.833496,67.26074,44.677734,65.55176,75.19531,44.25049,53.527832,79.58984,59.08203,69.21387,61.279297,77.51465,63.659668,62.74414,66.589355,40.893555,72.69287,57.434082,68.725586,60.97412,67.81006,59.265137,64.39209,72.44873,70.67871,65.73486,57.678223,67.93213,74.70703,62.5,63.415527,53.100586,61.828613,62.98828,72.93701,56.09131,66.101074,66.28418,80.322266,72.08252,74.46289,69.51904,62.072754,46.203613,61.279297,52.91748,61.88965,51.086426,56.884766,51.574707,51.086426,45.959473,55.17578,52.30713,54.19922,50.90332,55.96924,58.898926,65.24658,72.5708,62.316895,57.31201,59.87549
90.63721,59.143066,67.50488,62.37793,63.293457,71.96045,76.538086,72.99805,76.84326,77.20947,74.279785,67.62695,68.0542,62.74414,66.04004,59.814453,84.350586,87.524414,49.49951,62.74414,70.251465,51.26953,70.19043,58.47168,57.556152,75.74463,70.617676,64.14795,65.7959,67.38281,63.90381,51.26953,57.128906,48.461914,67.93213,63.11035,50.29297,69.03076,67.74902,56.09131,56.45752,56.884766,74.157715,64.14795,52.001953,59.020996,62.74414,52.124023,61.462402,54.07715,51.208496,62.561035,59.020996,64.14795,71.96045,76.23291,63.842773,62.5,59.32617,53.222656,60.48584,58.044434,60.48584,59.143066,62.74414,52.67334,80.99365,63.964844,57.006836,58.898926,64.086914,66.52832,61.76758,58.10547,75.98877,82.03125,59.692383,66.345215,61.88965,53.03955,63.23242,51.14746,69.03076,74.157715,78.85742,60.36377,61.76758,75.31738,65.30762,55.786133,64.819336,60.546875,68.481445,84.28955,84.350586,80.13916,67.993164,82.6416,55.786133,71.16699
83.12988,71.77734,59.99756,57.18994,72.75391,52.856445,81.848145,93.20068,79.956055,101.257324,65.49072,59.387207,86.91406,68.481445,65.979004,66.65039,65.06348,83.06885,83.31299,52.978516,67.19971,50.842285,61.21826,63.659668,52.734375,63.90381,66.40625,58.288574,53.16162,56.33545,59.2041,76.66016,75.927734,43.823242,116.33301,55.236816,55.847168,85.44922,63.11035,59.448242,73.54736,76.171875,51.14746,64.208984,74.21875,67.50488,81.29883,84.47266,67.62695,76.78223,60.11963,75.8667,67.87109,68.96973,78.36914,63.049316,75.98877,70.86182,86.60889,62.561035,88.50098,76.35498,87.46338,55.29785,61.340332,69.82422,46.50879,65.91797,49.804688,54.56543,60.546875,72.75391,82.76367,68.90869,83.862305,74.8291,46.081543,76.66016,77.51465,70.55664,68.17627,65.36865,62.86621,72.44873,71.65527,53.527832,65.49072,50.04883,51.757812,53.95508,60.180664,56.518555,57.9834,61.76758,60.48584,56.9458,45.532227,66.04004,69.94629,55.664062
85.81543,47.424316,53.95508,65.979004,47.424316,63.354492,66.223145,77.941895,87.82959,100.28076,129.82178,72.631836,63.964844,80.078125,83.25195,78.552246,77.88086,75.8667,84.350586,62.5,56.518555,66.65039,71.47217,69.58008,66.04004,77.0874,77.33154,63.476562,70.739746,57.617188,49.37744,52.368164,80.322266,73.42529,60.546875,74.89014,57.922363,71.59424,71.59424,85.14404,62.927246,24.658203,62.316895,81.11572,53.833008,66.589355,49.01123,57.617188,62.805176,74.523926,58.83789,53.222656,82.214355,57.800293,63.537598,59.509277,65.42969,64.51416,56.45752,49.1333,65.18555,48.27881,61.462402,56.57959,56.57959,68.603516,79.65088,50.109863,56.45752,64.453125,77.02637,59.448242,60.48584,69.21387,61.828613,83.12988,96.74072,87.646484,96.43555,90.75928,94.42139,87.524414,68.90869,93.99414,88.1958,106.99463,79.711914,90.20996,80.13916,63.23242,64.27002,81.48193,81.604004,72.99805,84.16748,84.28955,87.82959,83.06885,83.19092,85.998535
75.31738,50.78125,57.31201,62.316895,69.64111,77.51465,68.17627,84.04541,59.936523,100.46387,85.754395,83.12988,91.00342,69.2749,72.387695,64.51416,56.884766,62.683105,73.73047,68.66455,59.753418,67.93213,58.83789,71.77734,79.46777,75.68359,57.9834,61.706543,61.584473,55.664062,70.55664,65.61279,78.308105,60.85205,75.805664,68.603516,68.96973,67.0166,75.56152,61.09619,40.283203,77.57568,58.95996,59.753418,73.12012,68.115234,45.837402,100.58594,61.035156,54.32129,82.092285,56.396484,50.1709,52.124023,59.143066,58.10547,63.659668,71.83838,56.70166,60.424805,62.98828,66.40625,64.02588,65.55176,62.927246,66.833496,71.16699,64.02588,54.32129,60.791016,62.13379,66.223145,48.828125,65.24658,66.223145,101.379395,119.32373,84.59473,82.336426,72.87598,69.33594,72.08252,79.22363,68.17627,77.39258,92.40723,76.538086,98.93799,108.64258,81.848145,81.726074,82.82471,62.927246,62.98828,78.00293,42.84668,46.569824,60.97412,62.438965,64.208984
61.88965,70.43457,79.77295,79.46777,78.73535,79.46777,71.899414,51.696777,86.91406,78.97949,57.31201,84.96094,94.84863,93.26172,70.3125,84.59473,67.56592,62.561035,70.98389,55.114746,46.99707,66.589355,46.447754,67.44385,72.87598,60.058594,75.927734,61.157227,57.9834,66.223145,65.24658,59.99756,72.021484,52.67334,62.13379,59.570312,54.870605,57.86133,60.85205,59.448242,60.36377,63.90381,69.39697,65.06348,65.42969,79.65088,77.63672,38.879395,79.40674,50.1709,40.100098,78.430176,80.68848,61.340332,57.739258,68.29834,52.30713,66.77246,70.495605,64.88037,60.97412,75.25635,58.654785,63.11035,78.125,79.65088,60.36377,59.87549,59.631348,54.19922,67.993164,85.08301,85.32715,95.458984,104.12598,79.40674,71.65527,82.88574,79.22363,94.7876,53.03955,69.94629,48.40088,67.26074,56.21338,71.22803,82.58057,73.54736,60.48584,79.77295,107.666016,104.79736,87.524414,89.17236,67.38281,55.114746,51.086426,67.81006,48.64502,65.12451
68.725586,59.32617,49.316406,57.922363,44.799805,65.24658,48.64502,75.31738,56.82373,54.07715,73.24219,72.265625,82.6416,78.00293,63.720703,100.46387,57.556152,81.54297,64.14795,80.74951,60.36377,78.00293,60.668945,58.166504,52.734375,60.546875,62.98828,52.30713,60.546875,60.913086,50.964355,53.28369,72.5708,92.10205,77.39258,82.58057,88.80615,83.31299,80.62744,69.39697,60.11963,70.617676,68.603516,77.27051,77.02637,71.04492,47.180176,48.27881,39.0625,46.50879,48.034668,75.50049,79.3457,47.912598,62.683105,59.265137,83.12988,59.265137,97.0459,62.805176,72.5708,70.43457,68.84766,103.02734,95.703125,95.39795,130.61523,122.7417,136.16943,125.91553,124.38965,114.990234,112.73193,78.67432,72.631836,69.885254,81.66504,67.87109,67.56592,64.208984,50.231934,61.828613,66.101074,58.10547,62.5,66.345215,60.180664,75.37842,78.00293,61.645508,62.25586,81.604004,104.24805,72.631836,60.913086,79.77295,76.538086,74.279785,62.62207,75.8667
78.125,76.84326,57.006836,88.74512,86.66992,93.688965,67.26074,74.76807,66.28418,80.322266,56.21338,61.584473,75.8667,61.157227,73.791504,72.99805,90.51514,72.99805,103.8208,94.60449,94.177246,86.18164,85.20508,81.48193,81.05469,68.29834,59.08203,60.36377,70.80078,65.67383,68.42041,61.21826,54.93164,65.91797,59.570312,79.1626,80.3833,69.39697,69.0918,75.927734,64.086914,73.73047,63.11035,76.59912,57.06787,65.91797,81.66504,61.035156,73.36426,63.171387,64.14795,80.078125,94.23828,84.350586,114.31885,108.82568,85.38818,102.53906,131.5918,106.93359,106.99463,86.9751,60.85205,59.753418,68.29834,78.308105,75.13428,93.87207,68.54248,63.964844,102.53906,128.05176,91.30859,53.03955,81.48193,76.23291,66.223145,78.552246,70.55664,62.072754,66.467285,52.91748,61.462402,52.124023,92.22412,73.97461,72.93701,77.14844,70.007324,61.76758,96.74072,63.171387,79.52881,79.46777,102.41699,77.39258,67.93213,92.163086,52.612305,73.18115
77.697754,76.538086,77.51465,81.604004,62.37793,85.69336,78.125,67.74902,64.63623,69.21387,49.621582,88.50098,60.180664,79.1626,47.790527,55.236816,76.84326,83.25195,84.7168,80.26123,86.91406,117.73682,103.393555,99.12109,81.4209,83.55713,81.726074,83.984375,61.523438,83.25195,66.16211,73.42529,90.63721,65.00244,74.70703,72.631836,82.51953,57.373047,60.11963,69.45801,55.41992,78.430176,61.706543,71.83838,83.00781,84.59473,102.66113,107.23877,94.84863,91.796875,78.61328,88.56201,66.52832,121.276855,86.9751,93.62793,80.56641,87.09717,90.20996,93.444824,96.31348,94.60449,81.4209,100.76904,78.308105,77.39258,71.77734,86.242676,87.82959,91.796875,101.501465,111.328125,129.08936,78.125,83.19092,79.46777,87.03613,70.251465,80.56641,80.322266,82.03125,62.927246,70.19043,84.228516,78.125,67.26074,76.538086,64.208984,73.6084,77.57568,88.1958,99.243164,102.47803,93.811035,93.99414,88.1958,103.8208,86.18164,49.621582,78.063965
83.740234,65.91797,72.99805,67.50488,68.725586,60.668945,64.63623,57.922363,60.913086,78.430176,72.32666,71.22803,64.819336,71.22803,61.645508,65.36865,60.2417,71.65527,52.734375,75.8667,65.7959,68.359375,78.97949,63.964844,81.54297,72.021484,84.350586,92.28516,88.012695,90.57617,90.148926,91.430664,78.552246,68.78662,72.75391,59.814453,73.48633,86.79199,63.598633,72.81494,81.4209,56.09131,75.62256,67.0166,82.092285,102.29492,103.515625,106.87256,120.17822,129.88281,87.46338,85.57129,80.50537,82.88574,83.25195,83.25195,95.703125,81.66504,75.50049,56.884766,68.66455,74.70703,80.74951,92.10205,97.473145,93.688965,92.10205,85.02197,60.302734,63.476562,58.95996,102.84424,88.56201,100.40283,84.7168,89.660645,52.30713,65.30762,58.71582,64.94141,61.950684,64.697266,59.936523,57.9834,60.72998,69.82422,55.664062,75.50049,60.546875,62.438965,78.552246,77.39258,93.811035,89.2334,68.481445,69.94629,86.54785,103.637695,107.055664,92.40723
88.256836,69.885254,64.697266,64.27002,63.293457,62.62207,69.51904,75.31738,65.12451,70.373535,60.85205,74.8291,82.76367,76.35498,51.3916,62.74414,61.584473,66.77246,58.776855,71.16699,80.56641,79.40674,72.87598,85.26611,91.36963,67.50488,81.05469,78.97949,62.25586,72.509766,88.62305,113.342285,117.492676,93.26172,98.51074,100.21973,87.03613,91.06445,74.21875,72.75391,74.21875,94.055176,101.989746,102.53906,104.18701,88.86719,94.84863,70.739746,81.66504,80.56641,89.47754,88.37891,78.063965,76.78223,76.72119,79.833984,69.39697,71.16699,72.5708,64.575195,85.38818,76.049805,78.308105,84.106445,69.21387,67.74902,59.32617,59.99756,70.86182,66.833496,85.38818,94.48242,77.39258,93.75,63.171387,69.70215,57.800293,74.09668,71.5332,68.84766,63.842773,70.007324,81.11572,72.87598,66.40625,63.415527,64.27002,65.91797,74.58496,56.9458,69.58008,75.01221,65.12451,87.03613,56.9458,98.32764,96.49658,115.9668,85.510254,86.85303
107.91016,65.42969,67.87109,69.885254,65.42969,81.11572,86.60889,93.99414,72.87598,68.115234,62.25586,88.43994,73.54736,65.7959,51.26953,52.612305,96.25244,87.40234,72.20459,79.956055,86.05957,92.83447,51.940918,63.78174,75.98877,57.18994,81.66504,90.82031,87.21924,80.13916,89.538574,67.13867,107.48291,80.200195,65.36865,114.56299,87.58545,78.552246,79.10156,86.60889,77.697754,77.14844,97.0459,85.08301,74.58496,99.18213,70.92285,75.50049,70.373535,72.265625,66.40625,82.70264,70.86182,63.049316,69.64111,68.54248,69.76318,68.603516,67.74902,83.80127,77.75879,92.34619,76.11084,73.791504,60.11963,77.57568,67.68799,91.97998,96.67969,83.984375,72.32666,59.2041,93.38379,71.77734,78.125,72.509766,70.373535,85.57129,58.71582,73.791504,65.73486,83.862305,65.12451,63.293457,68.78662,76.66016,75.01221,68.29834,62.62207,62.98828,70.739746,67.68799,85.876465,65.55176,87.40234,80.200195,71.10596,79.3457,86.120605,86.242676
96.069336,55.908203,74.21875,68.17627,56.70166,69.51904,73.54736,57.922363,69.82422,78.308105,61.157227,73.24219,66.89453,68.359375,81.78711,49.804688,74.46289,82.27539,66.345215,81.29883,41.3208,70.373535,83.740234,76.72119,59.020996,92.89551,77.63672,76.171875,79.3457,77.20947,88.74512,52.67334,76.23291,72.44873,86.364746,64.88037,85.81543,74.8291,72.5708,77.63672,63.537598,59.87549,68.725586,88.1958,82.6416,80.200195,82.82471,61.462402,67.07764,63.78174,71.59424,71.59424,61.09619,66.467285,77.51465,76.35498,59.32617,70.92285,59.2041,77.14844,67.93213,78.552246,64.819336,88.80615,72.75391,70.98389,67.07764,76.416016,74.46289,88.43994,73.48633,105.59082,65.36865,74.46289,78.00293,86.9751,81.29883,60.913086,74.58496,77.02637,61.340332,71.65527,66.345215,78.552246,77.20947,57.250977,78.186035,56.21338,79.58984,68.359375,76.72119,69.64111,61.584473,68.42041,67.81006,75.31738,87.646484,103.21045,85.57129,87.46338
89.72168,62.561035,76.416016,66.77246,73.66943,73.6084,70.43457,33.569336,78.24707,71.04492,83.12988,67.56592,66.28418,63.537598,61.950684,77.941895,104.73633,90.51514,93.322754,72.5708,71.16699,74.34082,79.10156,89.11133,88.74512,81.726074,90.08789,68.725586,71.16699,60.058594,74.401855,79.28467,70.007324,97.65625,96.0083,88.256836,86.9751,94.9707,81.78711,88.134766,78.24707,60.48584,75.43945,59.753418,76.35498,73.6084,77.0874,72.387695,73.30322,74.34082,62.62207,86.91406,96.49658,97.0459,95.03174,84.228516,81.78711,62.805176,69.885254,88.86719,90.39307,93.20068,67.19971,104.18701,81.35986,83.31299,79.711914,80.26123,85.26611,64.575195,58.044434,71.22803,60.85205,64.453125,84.16748,95.03174,78.79639,57.9834,78.79639,61.09619,75.8667,61.88965,84.228516,70.19043,81.726074,62.37793,57.495117,67.32178,91.12549,78.91846,94.90967,60.11963,78.49121,66.467285,56.57959,70.739746,41.259766,108.947754,59.32617,89.29443
84.16748,84.83887,72.20459,83.12988,70.617676,59.87549,51.3916,72.631836,74.09668,73.97461,73.97461,71.10596,68.96973,64.819336,68.84766,74.89014,67.74902,64.819336,76.416016,68.66455,64.208984,64.7583,74.34082,84.350586,73.05908,64.697266,69.15283,65.06348,73.05908,74.035645,78.552246,62.25586,72.509766,74.09668,65.49072,80.93262,68.115234,67.87109,77.20947,78.85742,72.265625,72.87598,72.265625,66.52832,77.88086,51.208496,66.345215,83.12988,61.828613,69.64111,69.64111,77.51465,67.38281,66.65039,74.76807,58.95996,73.97461,75.37842,63.293457,61.340332,55.96924,74.523926,54.382324,79.3457,72.021484,74.58496,78.430176,75.56152,81.90918,95.09277,96.37451,85.20508,92.40723,71.47217,70.3125,70.495605,76.171875,75.927734,71.5332,63.476562,74.76807,58.532715,73.85254,70.19043,72.69287,75.31738,70.251465,75.31738,87.28027,72.99805,60.302734,70.80078,74.09668,68.115234,66.589355,68.481445,63.598633,71.59424,119.262695,89.2334
91.796875,56.70166,83.49609,82.39746,78.97949,81.29883,78.79639,70.67871,74.279785,76.59912,71.47217,75.68359,84.28955,63.293457,59.87549,53.100586,54.748535,66.101074,67.68799,65.00244,74.21875,67.13867,62.683105,63.964844,63.415527,57.434082,57.617188,68.90869,63.659668,61.21826,70.129395,67.50488,68.54248,59.387207,63.659668,55.908203,73.791504,58.288574,63.78174,74.8291,66.711426,63.537598,61.279297,68.96973,79.711914,68.115234,63.90381,69.39697,54.626465,72.20459,65.30762,68.237305,70.373535,58.898926,52.856445,73.36426,69.58008,58.654785,65.00244,66.16211,62.74414,63.049316,68.725586,77.33154,59.143066,70.06836,64.14795,66.467285,78.97949,88.134766,83.37402,75.31738,87.34131,86.85303,68.54248,72.631836,64.453125,59.387207,67.07764,76.23291,58.10547,57.495117,68.725586,76.35498,62.98828,79.58984,59.509277,78.85742,66.223145,56.640625,87.82959,83.862305,70.80078,70.373535,80.50537,75.37842,50.109863,75.50049,86.05957,76.293945
83.92334,72.93701,62.86621,73.48633,76.66016,64.086914,71.71631,68.42041,59.143066,46.936035,67.50488,51.635742,60.85205,69.03076,61.157227,60.668945,61.157227,61.706543,57.617188,74.157715,69.21387,65.49072,61.462402,59.87549,57.678223,57.434082,73.66943,72.81494,59.448242,73.36426,56.33545,73.73047,70.3125,72.93701,66.65039,54.56543,59.448242,60.2417,62.01172,61.401367,60.058594,66.16211,62.37793,70.19043,80.74951,68.0542,65.12451,73.12012,69.94629,66.40625,61.706543,64.819336,50.231934,69.94629,69.03076,72.265625,65.979004,61.340332,76.59912,78.97949,55.908203,67.74902,55.96924,65.06348,52.91748,72.631836,60.85205,80.74951,62.927246,68.42041,73.24219,63.964844,55.480957,69.03076,68.96973,79.89502,88.86719,95.703125,88.256836,82.76367,87.34131,78.67432,78.85742,72.631836,86.05957,49.926758,86.91406,70.67871,73.73047,69.82422,56.640625,71.41113,65.85693,60.72998,82.336426,52.124023,62.683105,97.90039,89.904785,115.356445
75.43945,59.448242,73.36426,58.34961,53.894043,54.32129,60.85205,56.396484,54.93164,67.62695,68.84766,80.13916,83.43506,48.461914,65.979004,75.25635,31.860352,62.683105,84.53369,44.006348,73.54736,72.75391,64.697266,53.344727,61.09619,69.885254,77.63672,64.7583,62.25586,68.115234,54.56543,63.964844,51.3916,65.18555,52.246094,65.55176,69.03076,54.626465,52.06299,76.416016,55.725098,50.29297,75.13428,57.800293,70.251465,54.260254,68.42041,54.93164,74.46289,56.57959,60.11963,55.96924,69.2749,69.58008,66.52832,79.28467,88.1958,63.11035,56.21338,60.60791,57.434082,61.279297,65.12451,75.43945,65.61279,80.56641,76.78223,57.31201,66.589355,77.819824,90.20996,73.36426,64.697266,64.575195,64.208984,55.847168,56.9458,55.786133,67.56592,63.720703,87.21924,90.148926,80.200195,66.52832,63.23242,70.251465,63.415527,74.401855,68.725586,65.36865,50.354004,57.18994,52.91748,62.62207,65.18555,69.64111,60.85205,91.36963,54.748535,83.25195
77.941895,59.692383,57.86133,66.223145,60.2417,73.6084,54.748535,73.6084,49.926758,70.251465,68.481445,69.0918,81.05469,67.07764,62.072754,51.696777,58.532715,61.401367,72.5708,63.171387,69.15283,57.495117,58.71582,59.448242,74.95117,70.80078,75.805664,69.21387,70.98389,63.842773,63.476562,73.6084,72.44873,61.279297,64.819336,73.6084,50.78125,59.814453,70.739746,48.27881,78.67432,69.45801,64.086914,75.13428,82.336426,50.65918,71.16699,68.725586,76.72119,57.18994,69.39697,67.62695,52.18506,60.424805,83.92334,59.020996,70.617676,89.416504,62.072754,74.34082,60.72998,68.115234,67.19971,54.748535,60.791016,58.71582,63.78174,95.39795,105.22461,60.11963,64.697266,93.50586,79.58984,76.538086,70.55664,62.438965,70.80078,76.78223,67.26074,83.12988,70.06836,65.00244,52.490234,59.020996,75.74463,59.387207,63.293457,67.13867,59.32617,62.805176,70.373535,57.800293,73.30322,78.73535,56.9458,56.09131,72.08252,55.41992,66.711426,85.20508
87.70752,55.908203,66.345215,74.8291,51.940918,62.072754,78.73535,85.26611,63.842773,72.08252,65.00244,67.07764,64.63623,59.753418,70.43457,59.387207,56.45752,68.17627,72.387695,64.575195,60.791016,80.3833,67.44385,82.6416,86.48682,70.739746,63.842773,71.59424,80.200195,76.049805,75.19531,72.81494,68.359375,68.96973,67.81006,62.438965,64.27002,60.913086,85.57129,81.78711,73.24219,69.885254,59.448242,67.38281,70.739746,79.833984,77.45361,61.21826,66.40625,75.43945,74.035645,63.90381,79.52881,65.7959,75.56152,69.33594,60.85205,72.021484,74.157715,74.89014,60.36377,60.058594,71.899414,79.833984,64.94141,60.791016,87.03613,95.703125,78.063965,83.984375,93.322754,83.12988,86.42578,73.30322,61.401367,63.171387,84.53369,61.88965,77.33154,66.711426,65.30762,73.05908,79.58984,82.336426,58.532715,71.47217,58.71582,70.80078,72.509766,68.90869,66.40625,66.833496,70.739746,72.143555,62.86621,75.31738,80.93262,69.0918,66.711426,104.67529
