131.21338,148.66943,145.19043,148.24219,134.75342,126.87988,148.30322,142.74902,128.77197,169.05518,122.85156,148.91357,147.20459,160.08301,178.02734,177.41699,168.99414,171.74072,184.80225,181.56738,181.32324,146.96045,136.34033,131.03027,169.54346,172.83936,143.11523,146.5332,146.71631,166.85791,136.70654,173.2666,185.53467,124.01123,114.42871,128.22266,140.91797,110.64453,135.4248,131.15234,123.64502,145.06836,136.15723,136.88965,141.10107,138.7207,127.00195,134.3872,135.72998,147.26562,154.40674,154.71191,153.00293,165.6372,172.0459,175.3418,154.3457,167.83447,134.26514,113.69629,145.4956,140.6128,145.92285,128.16162,125.1709,136.52344,144.45801,140.55176,152.02637,145.80078,148.66943,143.29834,154.89502,142.8711,142.74902,156.11572,148.85254,165.4541,171.92383,141.71143,162.70752,145.43457,165.69824,172.83936,133.71582,145.37354,161.24268,145.86182,154.40674,128.28369,155.99365,173.75488,136.88965,147.93701,152.20947,161.36475,165.14893,150.31738,130.11475,128.10059
127.67334,131.51855,125.1709,169.90967,139.69727,144.88525,149.03564,146.83838,138.35449,130.9082,134.81445,150.37842,143.29834,111.43799,152.02637,153.97949,173.81592,146.83838,182.84912,131.82373,148.24219,136.09619,163.62305,142.68799,124.98779,123.461914,131.88477,182.84912,139.39209,134.2041,156.84814,183.82568,166.00342,169.54346,150.31738,136.15723,138.04932,112.17041,137.92725,141.65039,138.47656,116.07666,126.69678,131.88477,140.55176,121.50879,128.4668,105.76172,120.22705,119.86084,112.8418,124.49951,126.63574,137.3169,144.88525,156.72607,158.8623,127.4292,132.25098,135.60791,134.75342,129.56543,126.75781,136.34033,135.18066,143.42041,130.41992,129.6875,134.26514,119.799805,134.50928,140.12451,156.29883,137.98828,120.77637,145.73975,122.97363,134.81445,151.72119,150.8667,107.34863,133.22754,135.72998,150.37842,161.30371,177.72217,173.0835,109.973145,134.81445,134.87549,168.81104,171.61865,137.98828,120.41016,155.44434,154.52881,146.89941,148.7915,162.58545,153.36914
123.21777,136.58447,135.60791,157.70264,149.58496,146.22803,149.95117,140.30762,105.822754,135.54688,124.01123,138.11035,138.96484,127.91748,132.73926,143.78662,153.43018,112.109375,126.33057,166.4917,155.93262,116.3208,168.32275,147.08252,164.53857,137.3169,120.77637,131.57959,121.447754,119.12842,147.7539,143.54248,160.87646,135.18066,129.07715,124.92676,127.18506,121.875,140.42969,136.34033,161.79199,126.94092,136.64551,135.54688,132.25098,134.44824,129.01611,125.29297,129.56543,152.39258,172.53418,162.82959,140.67383,152.81982,141.28418,127.06299,144.15283,134.87549,138.47656,131.09131,133.89893,122.54639,119.43359,145.80078,149.15771,149.27979,146.28906,141.16211,153.61328,143.78662,161.48682,155.99365,164.78271,145.25146,139.81934,144.0918,163.74512,173.14453,141.65039,146.16699,169.36035,164.0503,147.69287,146.16699,141.22314,165.4541,177.05078,110.217285,133.71582,137.92725,119.921875,136.40137,142.74902,137.6831,134.44824,120.043945,112.96387,132.43408,127.12402,129.56543
126.45264,140.42969,145.43457,145.06836,143.78662,121.75293,115.40527,140.06348,124.68262,111.25488,105.822754,117.96875,121.08154,124.56055,115.22217,132.73926,149.27979,136.09619,154.52881,165.75928,143.78662,141.71143,96.42334,158.98438,130.7251,134.021,114.30664,130.11475,148.85254,117.29736,138.7207,132.00684,139.02588,131.39648,125.354004,119.49463,123.15674,134.99756,136.21826,121.32568,117.663574,124.86572,138.59863,137.25586,124.98779,138.65967,142.68799,128.16162,130.60303,134.32617,124.74365,131.51855,115.71045,127.24609,135.91309,130.48096,141.46729,128.03955,127.612305,130.41992,135.66895,139.69727,132.37305,129.13818,143.0542,139.7583,132.43408,146.96045,137.86621,135.11963,137.56104,157.58057,154.65088,145.37354,145.43457,149.46289,153.3081,148.91357,150.19531,118.70117,160.9375,141.8335,135.48584,154.10156,134.26514,144.76318,124.68262,168.44482,138.7207,131.88477,169.66553,131.57959,150.13428,136.88965,149.15771,142.32178,124.80469,119.12842,120.288086,133.89893
122.9126,138.04932,118.88428,129.44336,151.17188,133.04443,138.47656,140.24658,139.81934,155.3833,148.73047,159.22852,130.66406,136.15723,110.583496,136.52344,142.99316,149.34082,143.48145,158.31299,130.17578,147.08252,138.04932,158.8623,151.11084,158.8623,137.80518,131.09131,158.4961,132.61719,144.58008,150.25635,144.33594,138.90381,118.76221,129.8706,118.33496,146.5332,135.91309,126.45264,111.865234,112.475586,130.78613,134.14307,130.41992,120.53223,120.22705,113.81836,127.30713,133.04443,132.73926,128.83301,132.92236,133.10547,134.81445,131.51855,141.28418,127.00195,149.03564,136.4624,122.36328,131.7627,134.3872,120.53223,135.72998,137.07275,118.64014,132.06787,122.36328,110.70557,134.63135,148.4253,156.17676,148.4253,147.02148,158.12988,126.57471,138.90381,129.8706,125.1709,110.7666,139.7583,146.04492,168.87207,157.03125,161.73096,118.21289,124.68262,98.80371,101.36719,141.95557,116.80908,134.57031,124.43848,131.45752,132.00684,119.677734,113.20801,121.02051,132.31201
137.6831,145.98389,131.51855,119.00635,135.85205,140.12451,126.51367,122.180176,159.47266,118.5791,119.555664,136.76758,150.0122,142.74902,131.15234,125.720215,133.71582,138.59863,147.63184,114.001465,133.22754,129.19922,141.28418,160.14404,164.78271,143.78662,146.96045,114.55078,115.893555,157.33643,140.67383,158.12988,152.45361,124.072266,140.73486,111.37695,127.55127,142.07764,160.81543,147.02148,120.8374,131.51855,115.34424,127.612305,149.46289,113.0249,135.2417,110.40039,122.9126,125.354004,136.09619,125.23193,133.04443,128.95508,124.98779,104.541016,147.5708,89.83154,133.1665,113.08594,119.98291,126.33057,116.137695,122.48535,123.88916,108.26416,131.64062,121.02051,130.48096,119.43359,164.53857,133.28857,130.9082,179.12598,104.23584,146.96045,158.25195,154.58984,167.77344,137.92725,127.24609,142.07764,164.90479,160.14404,119.49463,150.19531,113.33008,125.65918,124.194336,123.88916,128.89404,119.86084,129.80957,130.17578,121.38672,112.109375,127.79541,120.288086,116.68701,122.97363
113.0249,131.09131,107.59277,131.45752,101.55029,106.61621,116.3208,126.14746,107.34863,105.822754,107.65381,120.53223,107.34863,112.53662,114.367676,106.37207,114.42871,143.72559,142.62695,106.00586,137.13379,122.97363,123.706055,127.67334,123.40088,128.03955,116.07666,149.76807,151.17188,139.81934,142.68799,159.83887,131.51855,142.68799,133.65479,101.12305,108.5083,104.35791,132.37305,127.79541,115.03906,98.4375,112.65869,112.109375,100.024414,118.029785,106.73828,111.43799,117.785645,119.06738,123.27881,143.0542,135.11963,132.18994,143.42041,102.526855,103.86963,118.94531,124.37744,129.07715,107.53174,110.94971,119.921875,110.88867,117.17529,116.381836,116.3208,104.84619,125.1709,109.42383,152.63672,157.51953,121.75293,128.89404,137.62207,93.37158,160.32715,127.12402,122.85156,155.3833,156.4209,112.04834,134.75342,110.88867,120.41016,144.33594,121.38672,130.60303,106.00586,109.973145,116.3208,142.99316,132.61719,114.91699,112.04834,121.936035,140.12451,151.41602,133.77686,152.45361
126.94092,126.33057,123.461914,118.151855,124.62158,108.14209,112.29248,118.395996,118.09082,149.95117,128.4668,110.82764,112.96387,108.569336,134.50928,141.71143,125.476074,153.73535,129.56543,155.81055,131.03027,135.2417,132.49512,127.91748,120.71533,115.58838,108.26416,157.27539,131.57959,100.146484,108.081055,111.25488,130.54199,112.96387,151.17188,154.46777,136.70654,128.95508,139.69727,122.85156,121.32568,123.03467,123.64502,115.893555,106.61621,110.52246,107.65381,133.83789,130.35889,104.72412,97.64404,121.20361,123.15674,136.64551,130.23682,110.583496,112.53662,110.339355,102.46582,104.47998,112.71973,115.2832,109.24072,124.31641,101.30615,112.475586,122.24121,120.71533,90.13672,149.09668,131.51855,170.8252,98.68164,147.08252,160.7544,155.32227,122.79053,150.37842,132.9834,122.54639,125.53711,122.48535,137.92725,170.33691,119.6167,122.79053,91.60156,138.78174,133.95996,137.86621,145.06836,141.16211,112.65869,100.20752,92.15088,116.19873,114.55078,112.8418,143.0542,137.01172
126.94092,118.64014,119.25049,119.555664,120.288086,128.58887,131.9458,115.893555,105.51758,119.86084,130.96924,148.66943,150.98877,156.48193,161.30371,150.98877,144.64111,168.38379,119.6167,141.65039,130.17578,141.22314,131.03027,148.30322,135.18066,133.1665,116.68701,126.81885,126.33057,142.50488,124.74365,136.52344,115.40527,101.42822,121.447754,133.95996,138.84277,145.55664,156.2378,147.32666,146.22803,142.38281,104.96826,107.22656,109.5459,144.94629,142.13867,145.73975,132.92236,125.720215,114.367676,117.84668,127.55127,133.53271,101.36719,121.75293,132.8003,124.74365,113.757324,129.19922,139.33105,149.58496,160.14404,134.26514,138.96484,145.67871,149.89014,159.77783,160.57129,169.11621,117.541504,120.59326,126.75781,138.90381,107.59277,132.25098,129.62646,114.85596,129.19922,116.99219,122.79053,103.86963,126.45264,118.76221,119.00635,112.04834,103.32031,114.61182,140.24658,124.37744,106.49414,113.757324,146.71631,123.706055,120.10498,125.842285,128.28369,135.11963,121.20361,118.51807
129.5044,114.61182,132.31201,127.734375,116.259766,109.79004,102.70996,136.64551,140.36865,101.7334,94.89746,114.245605,153.00293,132.25098,133.34961,153.61328,138.59863,141.89453,159.83887,126.3916,119.73877,116.68701,172.90039,146.10596,124.01123,133.65479,132.25098,127.24609,128.03955,174.18213,133.71582,125.1709,141.46729,123.583984,142.1997,112.53662,126.75781,125.65918,133.47168,143.72559,121.38672,102.83203,112.53662,130.84717,131.88477,115.16113,116.80908,128.71094,130.41992,128.40576,145.1294,120.288086,125.53711,122.11914,125.65918,125.842285,139.27002,128.71094,112.475586,132.37305,135.4248,138.17139,121.32568,151.53809,132.18994,142.38281,157.8247,163.3789,168.20068,150.8667,114.85596,145.67871,163.92822,111.92627,148.24219,146.04492,152.63672,146.22803,138.47656,130.84717,147.14355,137.25586,135.85205,121.32568,132.06787,142.93213,125.964355,126.086426,136.52344,135.97412,137.25586,114.55078,136.82861,143.35938,127.4292,131.33545,107.04346,126.208496,141.28418,129.99268
129.32129,116.56494,131.64062,119.73877,125.964355,128.83301,134.021,129.26025,132.1289,124.86572,131.39648,134.81445,130.17578,137.13379,141.34521,127.612305,129.19922,129.01611,157.94678,168.62793,123.33984,132.92236,126.3916,143.54248,130.7251,120.53223,129.93164,133.71582,146.3501,110.64453,100.6958,94.28711,126.75781,127.67334,108.14209,121.26465,146.77734,100.024414,136.09619,90.74707,96.362305,129.74854,105.70068,122.97363,112.90283,113.08594,126.33057,122.79053,121.813965,120.53223,132.1289,125.842285,111.865234,121.14258,122.058105,143.11523,113.39111,114.73389,131.82373,139.08691,116.137695,136.82861,111.62109,120.53223,147.5708,160.08301,132.8003,159.47266,147.32666,101.85547,129.5044,122.24121,155.3833,129.93164,109.05762,114.73389,147.50977,129.5044,98.4375,106.677246,99.10889,113.879395,112.78076,118.51807,103.74756,101.48926,104.84619,106.98242,119.06738,107.65381,119.06738,128.16162,114.73389,107.89795,123.950195,133.83789,105.09033,110.70557,121.691895,104.90723
130.84717,120.166016,115.58838,123.88916,115.1001,122.72949,112.71973,122.97363,122.302246,113.20801,111.987305,125.41504,115.16113,121.99707,139.69727,127.612305,142.13867,164.29443,99.04785,106.49414,120.59326,181.14014,130.29785,130.29785,161.05957,121.875,135.48584,123.52295,158.4961,117.72461,126.51367,121.99707,130.41992,109.11865,148.7915,127.24609,149.21875,147.26562,150.37842,145.37354,113.39111,108.26416,128.4668,135.60791,139.02588,116.3208,121.936035,124.072266,134.99756,114.97803,127.856445,128.95508,124.37744,144.45801,112.71973,143.17627,110.52246,101.7334,143.72559,122.11914,125.29297,151.59912,152.0874,175.83008,103.25928,121.50879,127.79541,137.56104,136.2793,116.19873,149.09668,124.49951,122.9126,137.43896,122.85156,117.785645,129.8706,124.31641,117.541504,113.0249,121.63086,145.98389,120.34912,115.03906,114.97803,138.78174,130.11475,122.24121,141.04004,129.13818,126.086426,137.6831,119.00635,127.67334,117.05322,122.42432,121.38672,140.979,136.40137,101.61133
123.64502,127.06299,121.936035,129.19922,123.461914,129.99268,124.37744,116.87012,128.4668,131.7627,114.245605,116.74805,117.907715,147.7539,144.21387,148.05908,152.20947,128.71094,145.25146,164.35547,138.41553,149.76807,126.02539,155.44434,142.13867,163.92822,121.569824,158.12988,130.35889,110.27832,152.88086,166.55273,114.245605,139.14795,153.79639,159.53369,158.92334,144.64111,135.4248,146.41113,143.78662,137.19482,146.59424,115.16113,129.26025,138.59863,127.67334,141.52832,124.56055,130.96924,135.48584,131.39648,152.02637,156.17676,155.2002,159.04541,108.63037,145.73975,157.15332,146.28906,139.39209,142.68799,149.09668,134.3872,160.14404,147.69287,119.00635,120.59326,119.49463,131.82373,121.26465,146.71631,154.77295,144.33594,133.83789,119.18945,129.99268,112.96387,134.63135,141.58936,129.07715,136.70654,127.612305,121.38672,140.00244,129.8706,128.95508,138.78174,130.78613,129.62646,139.88037,131.88477,135.4248,124.25537,130.17578,137.98828,133.10547,127.00195,131.57959,145.61768
129.56543,140.67383,132.8003,139.88037,129.8706,129.26025,144.88525,134.75342,142.93213,147.02148,137.98828,124.43848,142.74902,151.72119,133.59375,158.43506,141.28418,117.05322,136.52344,127.612305,160.26611,106.79932,152.27051,166.6748,148.7915,150.07324,162.1582,124.194336,153.67432,152.20947,157.88574,136.70654,145.25146,127.06299,132.92236,134.26514,138.41553,125.720215,134.87549,136.2793,141.52832,131.9458,152.27051,140.30762,134.50928,143.11523,138.65967,142.68799,137.74414,143.78662,131.9458,134.08203,143.54248,130.48096,138.35449,138.65967,139.7583,132.61719,160.57129,172.10693,121.691895,123.33984,129.26025,129.74854,155.68848,179.98047,173.02246,143.35938,147.08252,148.7915,145.98389,137.80518,163.43994,125.598145,129.80957,137.86621,144.88525,140.30762,119.6167,130.60303,142.93213,141.34521,128.52783,139.08691,140.85693,132.43408,133.95996,139.27002,138.17139,125.29297,125.29297,141.65039,142.32178,139.81934,142.50488,145.92285,148.6084,136.03516,136.58447,141.04004
128.58887,132.1289,132.31201,126.086426,140.6128,127.18506,137.37793,144.21387,141.89453,131.57959,123.76709,130.96924,123.76709,126.57471,137.80518,153.91846,121.50879,168.13965,135.97412,117.41943,154.65088,157.39746,142.8711,121.569824,181.9336,132.00684,155.3833,161.36475,176.44043,176.86768,168.9331,159.7168,162.21924,140.55176,152.88086,138.65967,133.28857,151.72119,130.23682,125.720215,121.63086,160.38818,140.18555,135.79102,134.44824,136.64551,139.5752,134.021,136.70654,157.76367,136.4624,144.21387,130.78613,126.63574,139.5752,137.98828,141.34521,154.3457,165.33203,175.5249,147.44873,169.36035,130.9082,142.1997,121.875,139.51416,146.3501,168.87207,129.74854,136.2793,170.58105,136.34033,129.74854,127.30713,131.15234,144.45801,123.33984,127.00195,126.45264,140.24658,133.1665,135.18066,145.3125,129.80957,132.31201,129.26025,123.15674,135.72998,131.03027,128.10059,131.88477,140.49072,145.86182,129.07715,129.99268,124.31641,129.26025,135.18066,159.53369,143.29834
134.50928,126.33057,140.18555,135.18066,135.54688,144.51904,141.71143,142.81006,141.28418,148.05908,143.78662,150.19531,143.72559,153.24707,139.51416,155.50537,150.98877,184.31396,131.39648,141.89453,144.64111,125.354004,153.61328,161.1206,165.51514,159.10645,149.70703,164.78271,158.6792,173.4497,146.71631,150.43945,157.88574,180.28564,153.55225,156.54297,134.32617,135.60791,158.80127,161.30371,135.72998,135.11963,147.20459,139.08691,143.60352,122.42432,136.95068,115.649414,136.15723,126.87988,129.5044,142.68799,126.87988,133.34961,148.12012,149.15771,148.12012,158.25195,162.1582,159.8999,143.78662,160.69336,140.24658,141.16211,176.31836,175.64697,119.43359,144.21387,128.95508,155.13916,140.85693,144.0918,123.64502,139.08691,136.03516,126.94092,131.70166,140.55176,127.79541,125.78125,134.2041,133.71582,129.93164,121.99707,125.04883,128.77197,127.67334,117.17529,134.69238,136.4624,145.37354,142.56592,161.1206,156.48193,155.99365,125.842285,138.04932,122.11914,129.26025,131.27441
143.48145,150.0122,129.32129,151.35498,124.31641,132.73926,129.5044,141.77246,127.67334,118.029785,129.93164,140.73486,165.69824,121.99707,147.63184,165.20996,165.51514,203.90625,168.81104,137.80518,160.44922,160.87646,160.87646,154.83398,142.99316,134.2041,141.16211,131.15234,138.59863,163.56201,201.2207,125.1709,173.93799,132.1289,155.99365,148.97461,131.82373,184.1919,123.40088,163.98926,144.03076,148.48633,153.79639,157.15332,150.74463,130.11475,160.08301,143.90869,173.02246,132.25098,161.60889,163.07373,148.7915,159.65576,154.40674,152.02637,175.58594,143.72559,153.85742,155.3833,170.33691,179.24805,148.97461,167.77344,168.44482,142.99316,180.59082,133.83789,171.06934,149.58496,150.13428,149.09668,153.49121,149.27979,141.89453,152.57568,156.2378,145.67871,137.56104,140.24658,134.14307,144.45801,153.00293,145.4956,142.26074,144.21387,154.46777,151.41602,151.47705,151.78223,156.48193,150.92773,150.31738,158.4961,167.77344,168.32275,124.86572,150.0122,147.08252,150.92773
157.51953,129.93164,151.9043,163.0127,139.39209,126.87988,150.74463,160.99854,153.18604,141.22314,162.28027,136.95068,154.65088,146.83838,165.6372,171.13037,145.4956,145.06836,152.63672,163.25684,159.10645,183.52051,188.15918,149.58496,201.40381,179.30908,147.3877,143.84766,177.7832,142.32178,172.35107,168.07861,189.9292,161.42578,182.91016,161.48682,142.1997,188.40332,177.66113,143.2373,184.61914,144.21387,131.82373,137.3169,147.87598,138.29346,178.27148,145.80078,151.78223,179.30908,148.48633,172.16797,200.67139,218.37158,198.35205,157.27539,164.90479,172.47314,170.21484,191.08887,175.09766,162.09717,170.52002,185.29053,160.14404,134.2041,159.7168,140.42969,157.70264,135.66895,156.604,133.1665,137.13379,144.33594,156.84814,147.5708,143.84766,144.70215,155.99365,147.3877,148.6084,154.22363,146.65527,151.59912,140.55176,152.75879,155.50537,140.7959,142.0166,162.95166,148.6084,138.23242,166.55273,172.47314,145.1294,164.35547,137.56104,154.40674,142.50488,165.57617
151.9043,173.57178,143.78662,157.58057,151.72119,156.11572,161.42578,148.7915,148.54736,150.25635,153.73535,159.59473,137.5,148.7915,156.72607,147.08252,166.18652,167.34619,178.39355,181.62842,220.62988,209.82666,163.68408,181.99463,141.40625,192.55371,172.29004,144.51904,194.38477,148.85254,171.67969,171.25244,149.95117,181.56738,185.71777,178.14941,182.84912,169.66553,182.54395,179.30908,167.10205,163.1958,111.31592,162.95166,155.87158,140.85693,154.04053,147.87598,177.6001,137.5,134.99756,167.7124,196.82617,158.8623,172.83936,121.691895,143.17627,114.0625,169.7876,149.21875,151.59912,197.86377,192.61475,144.88525,189.13574,145.43457,181.99463,165.88135,189.13574,162.03613,139.20898,140.30762,139.81934,166.55273,157.94678,157.8247,172.229,159.53369,143.11523,145.37354,152.63672,160.38818,150.80566,164.35547,165.94238,157.27539,167.22412,141.8335,168.32275,160.9375,137.92725,159.96094,168.68896,164.66064,148.91357,193.71338,179.0039,131.88477,178.6377,174.85352
159.35059,159.04541,150.74463,167.22412,158.92334,146.28906,151.23291,138.90381,165.39307,167.10205,146.71631,152.69775,147.93701,164.17236,165.4541,158.61816,163.68408,178.21045,157.76367,195.72754,190.60059,190.60059,169.9707,175.70801,166.43066,200.79346,144.2749,198.90137,169.9707,171.74072,183.21533,158.6792,175.70801,158.25195,170.09277,184.375,183.94775,190.84473,216.96777,171.92383,180.28564,171.8628,169.72656,170.88623,182.84912,169.23828,198.10791,190.23438,164.11133,187.6709,164.96582,161.9751,183.88672,156.90918,178.57666,167.7124,161.24268,144.51904,193.95752,183.1543,170.15381,204.88281,199.57275,148.73047,158.98438,182.05566,156.29883,157.70264,170.39795,158.19092,150.6836,173.93799,148.91357,157.58057,168.99414,167.83447,174.36523,164.90479,165.75928,172.35107,171.74072,154.77295,174.67041,166.12549,166.36963,173.4497,173.51074,163.1958,170.94727,165.4541,162.1582,168.87207,180.71289,163.98926,151.23291,174.54834,194.75098,158.6792,171.37451,195.54443
174.60938,175.3418,154.65088,160.7544,177.6001,174.91455,162.28027,155.3833,160.44922,167.65137,158.43506,164.66064,171.06934,166.79688,143.60352,157.03125,186.8164,176.19629,176.31836,208.72803,168.9331,167.83447,194.75098,192.0044,228.50342,214.34326,191.76025,160.26611,185.29053,234.97314,197.80273,202.38037,183.76465,233.20312,181.32324,186.14502,181.01807,199.8169,190.17334,150.13428,192.3706,174.1211,196.58203,233.63037,230.76172,246.14258,246.02051,181.2622,216.47949,208.36182,190.29541,199.93896,183.76465,224.53613,146.89941,206.16455,141.77246,170.94727,191.21094,211.65771,186.87744,184.74121,150.19531,214.70947,172.10693,175.28076,180.71289,180.28564,187.97607,171.92383,186.02295,181.14014,182.84912,183.09326,184.13086,177.17285,183.94775,185.10742,179.49219,186.51123,183.1543,181.56738,166.12549,155.87158,160.81543,190.1123,183.09326,173.57178,171.55762,177.23389,178.57666,181.44531,164.84375,176.68457,167.04102,178.45459,195.11719,185.96191,153.61328,184.5581
185.5957,164.59961,187.42676,175.15869,166.6748,186.87744,170.58105,168.5669,182.48291,168.38379,177.66113,180.46875,176.68457,182.05566,162.82959,166.79688,182.91016,177.6001,214.03809,193.46924,156.90918,229.11377,214.22119,192.98096,194.93408,204.88281,223.55957,211.53564,203.35693,196.21582,183.76465,206.10352,223.31543,231.00586,202.50244,203.23486,236.13281,188.64746,211.84082,189.0747,209.70459,218.49365,175.58594,215.99121,203.1128,182.48291,202.2583,180.40771,230.57861,239.18457,173.38867,224.41406,208.8501,198.59619,216.23535,185.5957,195.11719,203.1128,198.84033,200.61035,209.76562,211.47461,209.58252,189.44092,165.39307,179.49219,195.3003,193.65234,187.854,199.08447,180.59082,197.13135,196.15479,192.91992,205.00488,179.55322,183.52051,166.06445,197.13135,186.87744,195.11719,189.86816,195.36133,184.25293,214.4043,196.21582,201.64795,202.56348,195.05615,197.37549,218.18848,207.9956,215.07568,242.48047,239.67285,242.05322,231.79932,181.0791,197.5586,180.34668
193.46924,194.01855,202.92969,200.0,177.11182,202.74658,189.0747,180.34668,198.47412,194.20166,187.24365,201.77002,190.9668,198.59619,184.31396,211.1084,230.70068,179.30908,209.82666,209.82666,175.28076,173.99902,231.31104,211.04736,212.20703,221.3623,192.12646,192.61475,214.64844,233.56934,213.67188,234.30176,227.64893,208.60596,202.38037,234.85107,193.83545,191.94336,216.47949,232.59277,213.12256,228.01514,168.38379,183.52051,209.64355,205.79834,225.75684,212.39014,232.59277,182.1167,180.71289,210.31494,216.78467,181.14014,227.22168,200.85449,165.51514,206.95801,218.67676,173.02246,193.89648,185.77881,194.20166,171.92383,172.10693,190.66162,191.39404,183.64258,188.8916,196.76514,175.3418,198.7793,192.0044,190.23438,183.39844,194.38477,204.88281,194.99512,200.06104,197.68066,191.1499,170.64209,173.32764,194.32373,196.27686,187.30469,184.80225,189.68506,197.49756,196.64307,196.7041,206.89697,193.89648,194.93408,204.94385,214.95361,217.7002,226.00098,189.56299,215.50293
188.58643,192.98096,175.64697,195.4834,177.53906,187.6709,190.90576,185.10742,188.03711,200.36621,187.36572,197.19238,180.896,189.50195,215.56396,228.38135,217.57812,205.49316,235.70557,223.01025,207.26318,234.17969,241.5039,241.25977,200.73242,168.38379,178.51562,186.32812,229.96826,217.51709,204.08936,218.43262,189.62402,201.52588,195.42236,196.58203,197.25342,225.26855,181.99463,190.78369,178.8208,196.521,224.04785,244.67773,229.72412,247.0581,244.49463,218.9209,220.26367,181.9336,222.15576,231.31104,233.38623,202.74658,223.19336,222.64404,192.85889,247.42432,232.53174,254.93164,203.17383,212.3291,209.46045,204.57764,203.54004,205.24902,199.38965,193.16406,206.71387,205.43213,216.17432,217.63916,222.33887,201.34277,197.00928,188.7085,189.50195,186.14502,208.8501,213.5498,197.5586,195.97168,218.7378,197.43652,187.12158,197.00928,190.05127,211.59668,199.20654,216.35742,215.68604,187.54883,197.9248,200.73242,179.30908,193.34717,199.38965,199.63379,199.38965,208.23975
206.95801,216.47949,195.17822,207.20215,213.85498,196.94824,216.90674,198.29102,215.25879,226.61133,208.8501,217.39502,204.82178,216.8457,233.02002,225.45166,239.85596,250.96436,209.76562,252.49023,213.67188,203.479,250.29297,245.22705,205.79834,231.55518,193.95752,238.39111,236.19385,208.91113,259.2041,184.13086,244.00635,203.66211,233.14209,221.97266,247.9126,237.78076,194.93408,242.96875,256.21338,240.03906,227.70996,243.94531,240.16113,246.56982,220.26367,236.13281,197.61963,245.53223,214.52637,211.2915,211.04736,257.86133,226.9165,240.89355,213.67188,235.9497,240.46631,261.8286,233.38623,231.61621,225.26855,194.20166,206.16455,208.78906,209.8877,208.78906,205.3711,215.19775,207.38525,214.89258,214.16016,226.18408,218.85986,217.8833,225.57373,216.54053,217.51709,214.22119,220.81299,207.01904,222.58301,212.08496,224.6582,225.6958,213.30566,252.67334,241.07666,227.46582,216.96777,207.6294,207.9956,208.60596,202.62451,217.33398,218.31055,241.07666,248.82812,220.50781
219.89746,220.87402,215.4419,218.85986,198.65723,222.94922,217.33398,212.39014,218.43262,218.98193,219.47021,234.30176,213.24463,231.00586,223.55957,222.88818,202.50244,230.76172,214.83154,257.9834,260.79102,228.19824,221.24023,274.40186,219.71436,217.76123,234.97314,196.8872,236.9873,209.70459,207.38525,257.18994,204.15039,203.05176,230.2124,207.9956,203.17383,239.12354,219.104,245.71533,212.146,244.25049,231.67725,178.8208,214.03809,230.39551,252.06299,204.39453,248.76709,228.38135,234.91211,241.07666,255.66406,244.37256,238.14697,238.63525,248.21777,224.71924,242.78564,218.12744,262.07275,216.90674,203.05176,248.88916,219.65332,208.60596,213.91602,210.49805,215.31982,220.81299,212.146,219.71436,205.12695,218.37158,206.28662,211.23047,226.00098,214.03809,211.84082,208.72803,208.60596,211.1084,196.7041,205.67627,226.48926,213.5498,223.37646,230.82275,257.06787,197.86377,220.62988,201.89209,237.71973,244.25049,208.48389,220.9961,247.42432,211.96289,215.50293,235.21729
214.34326,216.72363,226.00098,215.07568,208.48389,227.771,209.70459,228.50342,213.48877,222.2168,232.53174,205.92041,211.1084,242.11426,193.65234,223.74268,222.88818,225.5127,227.28271,211.41357,276.2329,237.78076,225.39062,230.15137,246.44775,236.74316,231.00586,228.9917,264.51416,227.22168,221.72852,206.95801,219.71436,210.98633,209.09424,248.27881,205.00488,204.6997,248.33984,246.02051,208.30078,226.42822,231.37207,246.99707,220.26367,231.92139,233.5083,213.73291,214.5874,213.79395,239.55078,222.52197,210.80322,233.6914,228.9917,248.27881,225.5127,207.14111,211.96289,244.31152,211.16943,225.20752,231.61621,209.82666,207.14111,219.04297,209.94873,210.80322,213.79395,208.66699,204.08936,193.89648,211.59668,206.28662,207.9956,202.0752,196.09375,208.42285,193.53027,203.72314,237.47559,189.31885,244.6167,224.35303,216.11328,197.86377,209.58252,220.81299,239.61182,243.7622,248.9502,252.06299,223.2544,218.85986,235.15625,222.2168,214.83154,218.9209,222.70508,223.2544
214.95361,200.30518,220.38574,208.66699,210.19287,219.34814,207.56836,204.27246,203.96729,220.69092,207.26318,208.66699,213.06152,226.06201,224.10889,224.78027,214.52637,250.41504,219.22607,217.94434,257.37305,274.8291,239.85596,231.18896,213.48877,224.96338,196.8872,248.52295,208.66699,224.78027,214.89258,222.88818,257.49512,257.6172,252.49023,201.83105,213.48877,219.53125,210.37598,237.65869,213.85498,254.99268,247.18018,207.38525,255.66406,229.96826,221.66748,194.68994,267.99316,226.85547,245.6543,254.32129,277.9419,248.52295,206.40869,235.5835,256.0913,237.96387,218.7378,234.11865,237.47559,224.6582,264.20898,229.05273,235.9497,224.4751,219.16504,217.51709,223.4375,232.04346,222.70508,227.03857,228.44238,227.34375,237.78076,230.51758,228.1372,226.00098,236.43799,235.88867,243.15186,221.1792,225.26855,227.40479,221.24023,246.50879,208.42285,225.57373,221.1792,233.26416,209.27734,196.64307,243.33496,220.87402,266.40625,230.2124,245.28809,206.65283,242.84668,248.52295
217.39502,226.9165,232.59277,237.29248,245.59326,244.86084,232.40967,242.1753,232.10449,230.39551,234.11865,251.5747,231.49414,253.71094,249.3164,246.32568,244.73877,265.18555,234.05762,245.53223,274.1577,233.44727,216.41846,232.77588,213.24463,270.92285,237.8418,237.17041,232.4707,237.10938,213.42773,217.51709,223.6206,246.56982,219.9585,251.51367,233.26416,244.12842,257.25098,257.9834,267.26074,263.65967,244.4336,255.23682,223.4375,239.2456,273.6084,279.95605,257.86133,273.05908,241.07666,270.25146,221.78955,260.30273,240.16113,252.12402,251.94092,228.32031,269.51904,277.33154,257.43408,235.70557,231.79932,246.81396,233.3252,235.03418,214.28223,218.79883,219.40918,214.22119,238.63525,240.95459,217.82227,236.31592,228.25928,235.64453,232.40967,230.82275,250.96436,266.58936,256.70166,250.65918,245.28809,241.44287,240.71045,225.08545,235.5835,259.69238,247.79053,273.73047,262.37793,294.4214,290.57617,235.7666,264.20898,270.9839,247.30225,241.62598,259.3872,269.6411
250.65918,238.94043,271.04492,265.73486,228.01514,261.4624,255.11475,246.20361,239.91699,254.19922,252.55127,239.91699,243.5791,248.33984,242.23633,252.73438,270.43457,284.59473,251.63574,272.14355,292.65137,267.74902,201.40381,226.85547,228.32031,213.00049,211.59668,235.33936,229.84619,236.86523,249.68262,265.18555,233.75244,242.41943,266.1621,296.98486,268.7256,262.98828,251.26953,272.937,230.88379,278.85742,273.6084,290.39307,283.8623,229.66309,252.85645,270.55664,239.73389,258.1665,257.9834,267.81006,235.09521,283.98438,244.86084,262.80518,246.6919,256.64062,294.84863,241.25977,297.77832,244.67773,244.98291,248.0957,242.5415,240.95459,257.37305,242.66357,252.67334,250.41504,241.3208,246.20361,250.96436,255.96924,248.76709,244.86084,244.25049,242.72461,248.52295,258.71582,249.01123,256.03027,251.94092,257.37305,256.45752,243.94531,260.79102,268.60352,235.15625,242.05322,263.9038,240.16113,287.8296,229.72412,274.76807,280.07812,251.87988,263.59863,266.52832,240.58838
242.72461,244.92188,265.67383,267.1997,270.06836,270.19043,276.17188,232.53174,256.45752,260.4248,253.22266,273.36426,267.44385,233.3252,242.05322,273.36426,257.73926,284.77783,282.70264,305.4077,254.74854,286.6089,178.33252,236.19385,311.8164,258.47168,238.51318,225.08545,252.36816,266.40625,235.7666,229.41895,271.96045,259.93652,272.937,250.72021,248.15674,249.37744,257.18994,231.98242,244.73877,238.20801,253.58887,258.47168,274.21875,266.40625,266.4673,257.43408,275.43945,277.63672,279.83398,279.22363,231.37207,238.57422,271.59424,287.76855,262.6831,242.90771,241.80908,272.02148,253.4668,280.62744,268.54248,265.18555,261.21826,265.7959,243.7622,254.01611,266.52832,248.58398,259.14307,230.76172,238.45215,259.32617,249.74365,254.44336,253.40576,239.85596,254.93164,254.74854,249.19434,259.021,261.58447,241.74805,250.10986,261.8286,221.11816,267.13867,223.13232,239.73389,249.80469,280.81055,259.2041,236.8042,250.90332,278.73535,256.33545,242.3584,234.60693,274.4629
239.85596,243.33496,249.49951,253.16162,248.0957,232.16553,229.54102,242.3584,243.396,269.33594,221.78955,243.396,251.81885,260.97412,274.40186,279.83398,243.396,289.29443,291.91895,292.95654,303.27148,290.75928,230.09033,278.85742,241.56494,234.17969,273.85254,263.96484,253.52783,217.33398,241.56494,279.83398,225.57373,218.0664,239.36768,217.8833,229.72412,240.58838,250.53711,267.26074,245.28809,251.26953,268.66455,247.60742,245.89844,229.1748,261.0962,295.8252,270.3125,282.70264,243.02979,293.50586,294.54346,292.04102,295.39795,298.0835,272.26562,279.28467,268.35938,276.78223,248.64502,305.896,277.0874,304.187,261.0962,259.44824,274.2798,281.7871,280.7495,269.82422,281.48193,261.6455,237.96387,240.52734,241.1377,272.81494,242.3584,261.76758,262.3169,253.34473,284.65576,235.5835,270.4956,234.24072,240.46631,298.0835,282.58057,262.56104,270.73975,293.32275,277.51465,243.7622,246.26465,262.19482,288.3789,245.8374,252.4292,266.6504,257.43408,269.76318
246.63086,258.47168,255.48096,246.99707,257.92236,272.26562,253.58887,282.15332,230.94482,291.43066,251.26953,275.74463,232.65381,257.6172,259.021,243.70117,255.48096,298.6328,257.43408,284.7168,282.2754,291.36963,269.9463,311.9995,245.89844,306.7505,229.05273,286.792,298.6328,252.85645,242.84668,281.48193,269.9463,280.62744,230.2124,236.9873,233.93555,286.24268,257.43408,275.8667,237.10938,259.8755,268.84766,269.58008,230.76172,256.5796,272.02148,230.39551,266.89453,259.99756,261.58447,282.51953,256.39648,277.81982,248.33984,278.125,262.1338,243.51807,246.32568,278.24707,302.53906,273.48633,275.0122,266.1621,266.22314,261.95068,251.75781,264.0869,255.11475,252.67334,244.7998,275.62256,282.76367,256.9458,244.67773,265.4297,272.44873,237.65869,266.77246,267.13867,236.19385,269.39697,275.43945,279.89502,229.84619,244.6167,257.25098,284.10645,224.71924,239.18457,260.72998,288.3789,272.3877,224.59717,265.7959,252.00195,259.32617,249.80469,266.77246,276.29395
257.312,260.54688,253.4668,264.81934,279.40674,242.11426,249.49951,264.9414,257.8003,250.29297,254.07715,262.37793,251.14746,259.26514,276.5381,257.8003,283.92334,255.11475,254.38232,288.43994,237.29248,236.13281,267.8711,272.69287,281.48193,267.3828,249.01123,299.85352,271.10596,253.77197,293.50586,247.79053,255.7251,262.74414,259.021,269.58008,253.28369,261.8286,257.73926,245.6543,285.51025,292.04102,233.44727,268.4204,255.41992,246.75293,233.38623,245.59326,269.70215,289.2334,308.45947,298.02246,264.9414,238.20801,226.5503,286.36475,288.8672,273.05908,264.5752,284.41162,269.33594,263.96484,254.62646,307.72705,303.39355,282.94678,269.21387,260.6079,275.56152,277.51465,243.64014,268.29834,278.9795,283.313,244.55566,253.10059,295.88623,253.58887,239.36768,274.646,280.2002,244.25049,239.79492,253.28369,291.18652,249.56055,261.21826,271.22803,302.11182,263.23242,255.41992,268.60352,257.92236,244.98291,270.37354,259.63135,258.77686,262.62207,271.41113,251.81885
261.0962,272.69287,252.18506,255.66406,288.43994,265.18555,271.96045,277.69775,246.56982,274.58496,242.23633,267.99316,281.48193,297.16797,294.6045,284.8999,285.38818,280.62744,279.65088,307.9712,298.99902,278.91846,244.37256,279.1626,227.52686,264.63623,307.72705,260.79102,304.79736,291.97998,315.05127,292.65137,282.88574,265.55176,289.53857,275.5005,300.03662,278.3081,263.7207,272.63184,295.39795,246.08154,258.59375,289.5996,295.52002,267.07764,253.77197,288.74512,242.05322,261.2793,307.9712,274.52393,263.29346,301.1963,276.41602,282.88574,264.27002,294.36035,258.3496,279.95605,279.77295,279.5288,301.86768,288.50098,230.70068,233.87451,304.79736,269.21387,313.09814,292.65137,292.65137,292.1631,220.20264,272.5708,258.77686,275.0122,267.0166,274.4629,300.28076,277.33154,273.7915,283.55713,264.45312,248.58398,271.65527,292.65137,253.40576,276.29395,263.59863,283.06885,310.5957,238.8794,250.1709,281.35986,285.44922,262.3169,300.5249,254.07715,281.9702,286.91406
262.43896,263.29346,251.75781,265.4297,298.938,279.10156,307.7881,258.47168,298.938,306.7505,278.18604,270.55664,273.12012,271.59424,288.80615,278.4912,275.37842,286.54785,304.4922,256.33545,274.09668,299.1211,321.7041,291.73584,298.938,282.6416,270.06836,237.41455,308.45947,242.1753,261.6455,255.05371,279.46777,293.87207,254.62646,271.8994,273.48633,266.4673,299.3042,271.04492,293.81104,314.2578,269.33594,277.20947,278.61328,259.93652,302.47803,246.14258,272.69287,275.92773,267.13867,296.0083,284.83887,280.50537,289.53857,325.48828,308.3374,273.73047,322.98584,300.76904,294.72656,313.58643,297.7173,267.688,276.17188,298.81592,250.59814,299.54834,301.44043,277.0874,313.64746,265.73486,301.07422,280.87158,283.0078,295.8252,273.54736,281.2378,270.6787,277.2705,256.15234,289.17236,317.73682,291.18652,260.79102,256.82373,270.1294,304.12598,294.4214,289.11133,258.6548,250.65918,278.18604,287.76855,280.7495,285.083,279.58984,287.28027,292.3462,283.12988
271.47217,235.7666,306.32324,314.19678,281.48193,260.48584,274.95117,282.8247,263.29346,293.75,252.73438,299.85352,272.14355,303.39355,309.61914,255.66406,317.98096,265.06348,303.1494,262.8662,262.25586,281.7871,275.1953,327.2583,291.55273,322.80273,290.8203,262.1338,301.80664,288.62305,285.44922,273.05908,257.8003,265.4297,265.49072,292.10205,290.39307,304.187,275.62256,306.62842,299.36523,273.6084,276.9043,275.31738,316.39404,267.81006,302.47803,308.39844,308.09326,287.1582,278.85742,292.04102,315.84473,286.1206,302.6001,295.70312,263.84277,269.82422,268.0542,276.41602,304.91943,263.1714,277.4536,318.4082,275.43945,308.58154,290.75928,306.14014,288.43994,272.44873,289.2334,281.54297,256.51855,312.97607,300.46387,259.08203,301.9287,327.4414,242.60254,288.1958,261.40137,285.63232,296.98486,266.71143,268.60352,280.87158,275.0122,275.56152,294.05518,275.0122,247.97363,286.54785,270.3125,264.33105,273.48633,265.24658,255.96924,281.90918,274.646,265.00244
269.58008,264.45312,284.0454,275.37842,282.76367,304.98047,302.05078,280.44434,309.98535,274.52393,272.44873,284.77783,275.62256,281.90918,279.1626,316.76025,310.10742,288.25684,291.00342,321.82617,273.18115,256.51855,297.5952,262.1338,318.89648,285.38818,283.61816,279.46777,276.7212,281.84814,297.35107,272.99805,279.5288,290.57617,276.11084,300.83008,273.54736,285.20508,306.20117,266.1621,276.96533,264.63623,297.5952,293.20068,264.0869,297.229,267.44385,303.39355,317.06543,261.34033,264.02588,292.22412,290.75928,277.88086,273.6084,280.32227,270.92285,268.2373,310.29053,292.46826,306.68945,257.6172,295.27588,300.28076,278.125,314.99023,271.41113,279.77295,283.12988,249.3164,271.8994,294.54346,292.59033,284.16748,279.65088,291.18652,299.18213,314.2578,269.51904,310.90088,292.59033,273.7915,299.18213,282.0923,301.07422,300.46387,304.4922,297.229,288.13477,285.32715,285.99854,281.11572,275.1953,266.6504,280.26123,292.77344,284.0454,295.8252,275.92773,266.89453
286.85303,299.91455,281.2378,295.70312,301.07422,305.65186,296.55762,321.8872,312.6709,323.16895,280.13916,303.94287,327.74658,271.28906,270.19043,273.05908,270.92285,332.87354,289.11133,293.20068,323.84033,295.39795,279.89502,321.58203,314.68506,256.33545,258.5327,317.79785,277.02637,272.08252,329.3335,278.125,258.8379,280.93262,281.66504,281.2378,276.5381,292.59033,312.3047,312.4878,285.69336,316.63818,298.6328,312.36572,280.87158,311.32812,286.54785,293.3838,329.57764,296.1914,322.25342,284.96094,308.76465,293.32275,331.958,280.32227,304.0039,280.81055,290.271,288.07373,320.60547,278.24707,284.22852,277.2705,300.28076,281.604,273.6084,287.46338,297.229,272.81494,300.5249,292.77344,306.68945,279.58984,276.7212,343.37158,305.896,290.33203,299.42627,290.33203,284.10645,325.42725,306.50635,282.58057,316.57715,263.29346,300.3418,309.61914,301.3794,260.85205,302.417,279.3457,276.5381,303.75977,290.51514,289.4165,290.4541,310.90088,317.61475,289.84375
285.7544,283.8623,278.06396,296.6797,278.7964,323.1079,304.187,352.64893,321.8872,321.09375,319.68994,285.32715,278.24707,329.08936,266.95557,296.92383,283.37402,298.02246,288.31787,306.4453,290.4541,312.91504,319.56787,279.83398,283.0078,340.56396,307.72705,335.13184,294.48242,305.46875,260.2417,332.87354,271.96045,295.21484,318.95752,273.85254,308.09326,324.57275,328.72314,333.4839,284.47266,289.72168,284.77783,326.28174,344.9585,327.99072,322.31445,287.76855,299.60938,301.31836,284.59473,336.84082,311.20605,278.06396,288.8672,309.5581,298.0835,304.61426,295.52002,316.1499,276.59912,278.125,283.98438,326.77002,303.51562,290.02686,279.89502,298.14453,284.77783,284.77783,315.6006,318.10303,301.86768,302.7832,287.89062,330.98145,316.5161,310.7788,339.2212,268.7256,293.13965,279.7119,291.24756,290.271,296.0083,323.29102,282.6416,290.20996,311.4502,273.7915,313.64746,317.73682,307.91016,301.3794,273.6084,266.3452,299.60938,311.38916,321.0327,299.85352
318.46924,286.18164,300.76904,320.6665,293.81104,323.1079,327.19727,311.4502,281.54297,309.25293,266.28418,306.4453,292.46826,320.42236,336.1084,317.49268,339.7705,348.01025,282.76367,328.05176,330.7373,266.04004,326.15967,347.15576,336.90186,354.29688,328.479,259.26514,305.10254,290.94238,302.6001,326.0376,326.83105,330.61523,282.39746,309.1919,318.5913,292.04102,303.21045,277.0874,310.5957,276.9043,344.89746,297.5952,293.68896,306.7505,314.80713,301.13525,310.53467,299.36523,298.38867,303.88184,289.66064,311.14502,299.36523,310.9619,309.61914,321.8872,340.38086,344.89746,320.36133,325.3662,314.2578,306.56738,330.85938,310.71777,274.2798,318.83545,290.94238,307.1167,308.1543,286.24268,311.08398,313.64746,338.67188,279.89502,284.83887,295.21484,310.65674,301.9287,321.3379,313.76953,343.00537,326.77002,313.64746,329.82178,317.24854,303.39355,305.7129,313.15918,277.14844,315.6006,291.4917,319.56787,288.68408,300.8911,316.21094,330.7373,313.28125,298.87695
323.35205,282.76367,320.23926,282.33643,302.11182,309.49707,279.65088,293.20068,308.5205,352.70996,295.76416,309.1919,263.84277,341.60156,311.93848,313.15918,327.68555,306.4453,320.05615,336.9629,348.31543,303.1494,303.08838,311.20605,292.95654,281.29883,311.02295,313.95264,352.03857,291.55273,306.4453,308.45947,292.77344,307.66602,320.8496,303.27148,333.91113,336.23047,342.8833,307.7881,300.708,303.39355,306.62842,310.53467,285.44922,296.92383,329.02832,313.46436,290.4541,306.4453,343.49365,322.31445,316.08887,329.02832,311.57227,331.83594,292.65137,305.34668,306.38428,323.4131,352.34375,316.02783,300.1587,309.61914,292.83447,304.187,308.1543,320.6665,292.04102,277.0874,360.64453,299.24316,319.68994,299.60938,320.8496,288.1958,298.938,330.9204,305.5298,318.89648,294.17725,312.12158,315.7837,308.03223,313.5254,287.28027,306.0791,316.76025,307.60498,310.90088,309.61914,317.06543,322.31445,298.20557,299.36523,309.49707,308.03223,308.94775,294.9707,305.7129
314.37988,329.82178,281.72607,334.94873,318.83545,318.83545,309.49707,307.17773,334.7046,340.01465,289.96582,300.21973,318.53027,335.62012,334.64355,343.7378,310.10742,311.69434,360.03418,328.479,356.31104,351.48926,362.53662,308.45947,327.50244,292.46826,333.30078,300.8911,328.1128,293.0786,348.01025,264.02588,358.44727,342.7002,307.84912,346.66748,292.1631,314.80713,314.44092,296.31348,320.91064,335.49805,345.87402,323.4131,328.6621,364.79492,327.13623,340.31982,306.4453,317.98096,327.0752,305.83496,338.5498,303.51562,303.88184,309.5581,304.55322,326.46484,329.1504,319.01855,329.27246,293.75,314.7461,333.05664,294.4214,314.563,310.29053,321.27686,315.6006,326.52588,330.188,319.6289,304.61426,295.39795,360.70557,306.4453,325.54932,342.0288,307.7881,334.0332,333.23975,330.00488,317.5537,326.70898,299.85352,333.36182,307.05566,329.63867,345.1416,303.75977,312.4878,319.32373,309.86328,321.27686,321.09375,303.8208,309.86328,306.7505,303.39355,299.73145
317.3706,294.90967,351.12305,322.61963,310.2295,327.0752,294.90967,349.96338,328.72314,338.12256,311.8164,304.0039,321.8872,327.38037,326.28174,318.4082,324.8169,322.80273,336.6577,337.3291,336.84082,355.94482,314.2578,301.01318,303.33252,295.1538,348.01025,304.73633,321.21582,327.86865,301.07422,297.77832,354.23584,346.8506,340.4419,321.1548,306.56738,328.2959,350.26855,363.3911,330.00488,304.6753,332.1411,322.0703,367.5415,335.62012,370.95947,336.53564,333.54492,326.5869,349.35303,320.17822,344.104,318.4082,322.80273,332.4463,357.59277,333.97217,347.52197,353.6255,304.43115,325.6714,350.57373,321.39893,353.3203,362.78076,339.09912,330.3711,335.86426,296.49658,344.89746,307.2998,310.0464,314.13574,313.2202,320.72754,357.95898,331.2256,336.9629,310.29053,336.71875,345.9961,280.2002,330.12695,303.6377,343.43262,333.97217,319.38477,307.91016,306.7505,314.68506,314.50195,308.27637,293.87207,360.0952,311.32812,316.02783,338.30566,297.29004,318.53027
346.05713,329.08936,321.7041,336.90186,348.37646,312.42676,321.64307,319.50684,318.28613,353.44238,321.76514,321.21582,326.52588,324.69482,311.9995,293.99414,304.187,296.06934,322.68066,313.09814,319.68994,327.0752,328.6621,287.1582,331.53076,322.43652,356.79932,325.30518,300.64697,299.24316,293.87207,351.79443,320.42236,305.83496,303.6377,327.19727,345.9961,309.375,370.41016,320.60547,312.12158,308.5205,368.2129,325.54932,345.1416,331.958,309.7412,308.82568,343.49365,326.4038,326.0376,328.17383,302.90527,337.26807,335.62012,319.6289,336.71875,314.563,314.68506,324.75586,318.7744,335.49805,331.89697,310.10742,290.14893,285.69336,292.3462,289.53857,299.1211,307.17773,341.6626,329.94385,331.2256,368.88428,315.35645,339.09912,322.13135,329.94385,360.64453,358.02002,329.39453,334.15527,321.09375,330.98145,315.66162,322.86377,318.95752,277.39258,309.68018,303.1494,312.3047,314.7461,322.0703,304.12598,299.54834,311.6333,321.1548,308.1543,343.9209,325.8545
316.27197,345.87402,320.42236,326.2207,335.80322,321.7041,336.84082,310.10742,314.62402,343.7378,317.06543,324.08447,321.521,339.2212,311.93848,305.95703,311.9995,353.50342,316.8213,293.3838,338.91602,345.87402,344.40918,338.85498,342.76123,338.24463,347.94922,385.30273,345.38574,355.70068,349.90234,316.5161,359.5459,344.04297,336.90186,343.37158,325.12207,358.08105,354.96826,380.9082,366.687,318.16406,344.22607,302.35596,333.11768,323.47412,327.0752,358.5083,334.15527,333.23975,312.06055,314.31885,320.3003,341.60156,299.36523,306.87256,318.7744,297.96143,308.3374,308.58154,303.02734,300.8911,312.97607,339.83154,322.80273,312.12158,323.04688,314.86816,333.97217,301.86768,305.59082,322.13135,317.06543,348.4375,339.4043,307.2998,310.65674,329.02832,311.93848,307.72705,312.6709,319.75098,314.13574,312.4878,318.89648,325.1831,283.25195,308.7036,315.53955,322.43652,308.94775,312.6709,298.57178,324.26758,327.74658,310.7788,316.27197,312.854,323.1079,311.32812
348.01025,312.06055,326.4038,312.4878,306.68945,327.0752,333.30078,320.6665,322.31445,300.03662,300.21973,306.81152,311.57227,334.3994,297.7173,320.4834,345.813,339.0381,333.91113,320.60547,319.14062,342.2119,344.9585,323.16895,344.04297,336.35254,316.21094,278.9795,322.0703,329.1504,346.91162,307.66602,345.62988,331.46973,340.07568,355.27344,353.07617,322.00928,341.72363,302.84424,349.292,358.3252,354.8462,358.81348,350.39062,362.1704,340.4419,304.8584,294.4214,320.4834,331.28662,340.9912,325.48828,288.31787,332.56836,299.3042,332.32422,297.9004,304.37012,303.88184,308.27637,302.11182,325.42725,314.86816,317.1875,345.69092,294.1162,307.36084,309.06982,335.80322,279.95605,332.4463,314.86816,319.93408,316.69922,284.41162,297.29004,330.00488,328.1128,306.62842,306.68945,294.48242,300.83008,302.47803,350.5127,341.78467,318.10303,301.50146,322.86377,296.98486,299.85352,306.38428,294.54346,314.44092,344.16504,337.75635,325.91553,276.11084,321.64307,331.28662
329.82178,328.23486,306.0791,338.97705,298.81592,324.87793,322.43652,306.9336,332.6294,327.0752,332.38525,303.6377,302.47803,339.4043,316.21094,344.83643,317.3706,342.08984,307.84912,343.18848,329.3335,275.80566,307.91016,272.3877,291.61377,315.17334,283.8623,328.60107,321.09375,310.16846,315.84473,320.3003,311.75537,316.63818,336.1084,307.2998,326.34277,306.38428,340.9912,291.91895,302.6001,317.49268,311.93848,339.34326,321.0327,323.4131,320.72754,329.6997,311.51123,307.9712,323.35205,314.86816,332.87354,322.9248,330.00488,306.01807,305.95703,296.8628,290.6372,303.39355,286.54785,308.94775,312.36572,309.0088,301.1963,296.31348,313.95264,333.11768,328.1128,300.8911,304.98047,311.69434,298.32764,296.06934,307.60498,315.7837,322.68066,338.97705,320.3003,340.01465,340.86914,288.98926,331.10352,285.87646,300.83008,304.73633,295.8252,293.99414,310.0464,294.29932,295.39795,291.6748,304.6753,332.26318,333.54492,301.80664,332.1411,317.12646,333.05664,326.64795
330.98145,320.54443,320.72754,331.16455,320.72754,334.7046,332.26318,306.14014,324.75586,320.8496,343.00537,317.06543,319.75098,318.7744,305.95703,314.01367,331.7749,323.1079,343.98193,335.7422,319.2627,343.18848,344.4702,338.67188,346.30127,298.2666,322.61963,334.64355,331.53076,329.5166,332.69043,325.30518,349.23096,350.14648,350.6958,316.1499,332.87354,337.5122,349.16992,314.62402,357.34863,319.93408,335.62012,333.60596,328.60107,342.0288,324.02344,340.86914,325.0,327.9297,313.3423,337.57324,335.2539,290.6372,316.69922,333.54492,307.36084,317.12646,332.9956,310.7788,324.51172,319.2627,312.854,306.68945,300.76904,323.35205,314.99023,308.3374,316.08887,337.6953,349.23096,352.0996,341.96777,335.98633,316.88232,321.0327,346.24023,304.73633,307.54395,324.45068,349.96338,339.9536,331.5918,322.3755,332.20215,311.2671,316.27197,312.06055,315.7837,314.37988,339.9536,303.4546,313.95264,329.82178,341.05225,304.12598,336.23047,328.78418,332.56836,311.87744
327.86865,346.42334,341.8457,302.29492,325.6714,328.23486,344.9585,318.71338,334.8877,317.73682,315.84473,351.00098,313.40332,330.5542,330.3711,332.9956,357.22656,325.79346,332.87354,353.44238,298.57178,325.91553,318.5913,317.06543,346.5454,344.40918,330.00488,318.34717,341.41846,331.958,322.9248,324.1455,321.21582,317.8589,329.57764,320.36133,317.12646,313.83057,313.83057,330.188,319.812,317.61475,317.8589,327.13623,316.63818,322.98584,319.01855,310.90088,315.7837,317.49268,320.97168,318.95752,317.5537,321.94824,323.90137,323.22998,319.812,313.2202,312.91504,314.50195,321.64307,315.84473,321.21582,319.38477,319.2627,313.64746,309.1919,307.42188,308.03223,315.7837,324.8169,340.13672,308.88672,333.05664,355.76172,305.77393,339.0381,323.1079,317.8589,346.66748,351.9165,349.4751,360.0952,357.22656,310.71777,311.6333,319.6289,318.7744,322.0703,314.80713,326.09863,326.52588,315.17334,330.85938,304.73633,305.896,303.08838,310.4126,323.7793,316.45508
326.46484,327.13623,316.45508,311.57227,344.22607,322.13135,321.45996,292.46826,316.88232,301.3794,326.64795,323.5962,350.63477,330.31006,337.57324,315.9668,336.6577,329.5166,337.02393,330.67627,326.0376,315.6006,330.188,335.9253,325.06104,319.01855,338.61084,326.4038,325.8545,329.02832,303.33252,322.31445,326.0376,321.3379,331.53076,339.5874,338.48877,325.91553,323.16895,328.54004,330.7373,318.34717,311.9995,322.86377,324.45068,325.79346,321.27686,322.80273,336.6577,329.94385,323.1079,319.50684,335.00977,325.54932,331.89697,320.36133,328.23486,326.34277,323.4131,325.30518,331.83594,315.7837,320.3003,326.70898,329.21143,317.8589,323.1079,325.73242,330.43213,333.42285,336.16943,348.98682,355.76172,354.1748,328.41797,332.50732,329.82178,330.9204,332.9956,310.53467,323.71826,345.56885,325.61035,321.09375,324.93896,319.56787,319.93408,323.16895,325.61035,327.50244,327.80762,327.9297,322.0703,329.82178,330.43213,328.41797,323.29102,336.2915,329.57764,319.6289
325.24414,336.4746,346.60645,343.7378,331.53076,344.4702,331.89697,321.82617,318.16406,309.61914,316.39404,331.2256,311.8164,319.38477,325.1831,325.8545,344.71436,352.70996,342.57812,362.90283,357.77588,346.60645,349.59717,354.90723,347.0337,311.02295,340.86914,331.34766,333.42285,331.89697,334.0332,333.05664,336.04736,332.01904,339.46533,345.93506,335.9253,334.15527,324.87793,338.12256,333.72803,325.12207,336.6577,328.8452,328.23486,332.26318,333.72803,333.60596,339.34326,324.02344,320.6665,334.2163,337.3291,320.6665,331.16455,336.1084,326.34277,336.84082,327.01416,314.7461,336.1084,339.46533,323.47412,329.57764,329.76074,328.1128,317.1875,315.9668,311.9995,321.64307,309.06982,329.63867,331.71387,311.69434,317.1875,346.1792,335.86426,315.35645,317.30957,330.31006,320.4834,327.2583,312.42676,320.78857,309.1919,325.06104,314.2578,317.49268,323.04688,309.13086,317.98096,317.98096,325.1831,318.83545,317.3706,323.04688,344.22607,347.82715,313.64746,347.27783
329.27246,335.62012,326.0376,338.12256,335.9253,322.9248,336.2915,331.2256,333.42285,343.98193,326.5869,324.69482,326.0376,329.21143,330.9204,324.1455,321.521,326.52588,328.54004,343.7378,337.93945,332.87354,351.85547,352.03857,346.91162,306.87256,311.75537,320.17822,324.20654,333.72803,331.28662,322.13135,314.50195,313.15918,317.06543,312.24365,335.62012,315.90576,326.8921,333.78906,328.60107,328.78418,309.80225,310.2295,318.89648,318.10303,330.12695,313.15918,322.0703,318.71338,322.80273,322.61963,328.05176,325.0,322.80273,317.73682,331.71387,330.85938,326.52588,326.52588,342.2119,316.45508,322.31445,333.78906,332.75146,338.61084,330.5542,331.4087,337.3291,336.7798,335.7422,321.521,335.13184,349.23096,355.8838,313.2202,337.75635,321.94824,335.80322,322.9248,333.1787,349.23096,336.53564,311.38916,321.3379,315.84473,314.9292,316.5161,306.9336,315.2954,309.31396,311.20605,317.3706,308.64258,323.9624,345.56885,342.39502,328.90625,322.13135,335.31494
326.64795,326.34277,323.90137,307.42188,355.5786,323.5962,329.27246,327.9297,331.34766,330.00488,319.4458,313.95264,324.26758,317.8589,327.38037,313.8916,344.04297,342.45605,345.08057,345.01953,328.90625,328.35693,306.2622,309.86328,308.94775,316.76025,314.7461,318.65234,320.6665,320.3003,312.854,316.5161,313.5254,353.07617,317.73682,312.06055,332.38525,312.12158,346.60645,323.16895,321.3379,323.53516,311.51123,316.8213,319.75098,319.93408,323.53516,325.97656,337.45117,325.1831,322.49756,323.9624,335.19287,333.36182,325.0,325.06104,329.82178,327.74658,321.0327,321.8872,319.2627,326.77002,332.20215,330.67627,350.63477,336.41357,317.8589,328.72314,326.2207,326.09863,329.45557,314.19678,309.25293,315.53955,347.94922,332.56836,337.26807,335.0708,328.78418,340.8081,327.56348,329.39453,327.2583,316.5161,316.27197,325.91553,328.6621,327.56348,329.39453,327.86865,328.60107,327.13623,316.45508,330.61523,334.52148,328.35693,328.479,343.98193,333.23975,337.75635
322.25342,326.64795,324.75586,336.6577,331.5918,328.8452,327.50244,341.72363,337.63428,312.73193,338.06152,331.83594,320.3003,328.05176,339.64844,331.65283,320.60547,340.31982,331.10352,327.38037,336.71875,320.05615,335.80322,331.958,325.30518,326.4038,330.49316,323.9624,315.05127,333.54492,331.83594,313.7085,328.2959,337.81738,333.72803,344.2871,324.51172,348.68164,318.7744,329.21143,323.5962,328.90625,341.90674,315.41748,340.07568,312.4878,331.2256,327.0752,313.58643,342.82227,319.0796,321.09375,324.45068,314.44092,325.8545,331.83594,352.46582,345.69092,317.1875,335.68115,334.76562,313.28125,333.78906,329.27246,321.1548,330.79834,333.30078,310.29053,333.4839,329.63867,324.75586,345.56885,328.2959,320.42236,331.71387,324.51172,332.75146,327.31934,323.71826,333.42285,317.91992,315.6006,338.30566,321.76514,344.04297,333.667,322.31445,346.78955,337.08496,336.59668,313.15918,338.48877,335.19287,333.36182,336.9629,326.28174,331.34766,322.25342,323.1079,343.79883
327.19727,325.91553,336.90186,331.2256,357.53174,340.625,347.88818,341.72363,340.38086,336.41357,331.958,327.2583,326.46484,334.15527,337.39014,323.71826,339.2212,341.11328,307.60498,338.1836,334.3994,328.6621,328.05176,330.61523,333.54492,321.76514,338.97705,329.08936,342.2119,348.92578,353.68652,351.61133,348.19336,314.13574,324.20654,314.37988,330.85938,321.39893,333.11768,314.62402,330.7373,332.93457,325.0,332.08008,332.08008,326.70898,338.42773,325.8545,335.68115,322.3755,336.84082,329.02832,329.82178,330.79834,338.7329,327.86865,331.65283,338.06152,326.2207,336.84082,327.74658,333.30078,334.7046,328.8452,326.8921,331.89697,336.7798,333.4839,333.97217,330.24902,329.45557,334.15527,335.49805,333.97217,335.00977,334.2163,332.8125,328.05176,338.61084,323.1079,328.6621,326.5869,325.06104,328.05176,330.9204,335.37598,337.02393,333.05664,335.7422,341.54053,331.28662,327.6245,339.70947,331.4087,330.61523,323.04688,331.958,332.20215,336.41357,331.53076
328.54004,337.08496,330.49316,336.41357,327.6245,333.78906,315.35645,350.45166,331.83594,350.81787,312.36572,324.8169,325.79346,319.75098,332.20215,317.30957,328.479,338.0005,330.5542,326.95312,336.04736,338.24463,328.54004,327.31934,329.02832,316.02783,320.8496,310.16846,326.8921,330.06592,326.77002,334.0332,332.93457,323.29102,320.17822,327.31934,322.25342,325.73242,319.4458,326.8921,322.3755,324.38965,322.68066,326.95312,332.26318,330.31006,319.6289,329.57764,328.17383,330.188,323.1079,317.30957,329.57764,341.4795,339.46533,327.99072,327.80762,339.28223,346.24023,330.67627,325.0,325.73242,331.89697,328.72314,328.05176,323.35205,332.87354,324.8169,320.1172,346.91162,329.82178,321.27686,318.5913,330.67627,334.8877,325.48828,319.14062,319.14062,322.43652,321.64307,317.67578,319.32373,313.64746,315.72266,309.375,329.82178,318.16406,321.8872,315.35645,325.8545,323.29102,326.8921,324.8169,322.19238,326.46484,328.78418,332.32422,328.9673,331.89697,337.20703
326.83105,337.63428,324.69482,333.78906,332.75146,335.37598,332.08008,336.84082,362.4756,321.39893,334.7046,327.50244,332.9956,331.28662,324.57275,330.188,330.31006,323.84033,334.27734,329.76074,318.16406,355.5786,344.65332,336.1084,331.5918,355.33447,352.83203,369.7998,357.6538,366.687,352.52686,327.19727,316.39404,326.0376,322.13135,320.60547,323.29102,317.49268,334.58252,328.1128,331.89697,342.57812,357.71484,328.9673,324.20654,331.10352,323.53516,347.0337,330.3711,325.6714,345.26367,321.521,326.34277,319.56787,329.02832,347.46094,336.2915,340.8081,336.1084,343.61572,336.2915,327.2583,327.99072,326.09863,320.3003,330.79834,339.4043,337.6953,337.63428,337.146,340.625,331.5918,341.78467,346.8506,333.11768,342.45605,333.54492,328.2959,330.24902,333.1787,344.40918,334.64355,331.4087,329.6997,333.4839,337.26807,336.35254,349.23096,333.72803,337.3291,320.60547,342.7002,342.39502,328.60107,345.20264,327.9297,323.4131,343.2495,336.04736,335.0708
330.7373,348.01025,348.0713,327.01416,339.46533,352.2827,343.31055,342.5171,346.42334,338.48877,330.5542,330.85938,333.11768,339.52637,339.52637,332.20215,329.82178,328.05176,329.5166,332.9956,335.2539,329.63867,334.8877,332.75146,333.23975,337.39014,326.77002,335.9253,326.0376,337.02393,327.38037,338.61084,330.7373,333.60596,331.2256,338.97705,326.95312,338.1836,337.6953,336.2915,336.41357,329.82178,328.9673,327.2583,332.56836,329.02832,337.26807,336.16943,331.65283,342.94434,341.72363,333.667,343.31055,334.09424,349.35303,339.4043,341.90674,341.8457,344.5923,340.50293,344.34814,342.8833,338.3667,341.78467,344.53125,342.27295,339.0381,346.11816,338.30566,335.7422,344.5923,332.69043,344.4702,337.08496,337.08496,340.56396,341.11328,345.44678,348.49854,348.49854,345.38574,340.2588,340.625,337.57324,343.00537,340.38086,345.813,341.6626,344.65332,342.94434,346.66748,339.64844,337.93945,353.19824,337.93945,336.9629,348.2544,342.8833,344.2871,334.27734
344.104,334.58252,345.44678,336.7798,335.0708,352.4048,344.89746,353.74756,329.82178,353.44238,331.16455,344.40918,353.44238,339.0381,347.70508,349.292,341.17432,345.69092,344.104,339.83154,331.34766,345.813,340.13672,346.42334,346.5454,340.56396,350.14648,336.53564,342.94434,341.60156,335.7422,342.8833,353.68652,338.42773,344.104,350.8789,350.75684,356.31104,339.09912,349.4751,339.5874,345.5078,346.8506,345.5078,343.79883,348.4375,339.70947,347.52197,344.65332,352.771,347.46094,334.76562,343.49365,343.0664,343.67676,350.57373,353.44238,351.79443,343.43262,363.51318,341.8457,338.06152,352.03857,352.9541,351.00098,357.53174,344.104,352.2827,350.3296,351.42822,350.81787,349.96338,345.87402,345.3247,355.76172,330.5542,351.67236,370.71533,353.93066,372.66846,340.625,334.7046,357.34863,343.5547,348.37646,352.34375,350.57373,340.9912,352.0996,342.0288,339.46533,347.82715,350.93994,349.59717,342.2119,339.16016,355.27344,352.70996,345.87402,343.49365
335.68115,354.1748,340.31982,350.63477,355.45654,343.12744,360.82764,345.26367,354.29688,365.22217,328.1128,356.67725,343.79883,348.31543,350.81787,347.27783,341.41846,350.57373,339.89258,345.26367,338.5498,335.13184,346.97266,351.97754,329.8828,340.01465,344.04297,338.91602,330.43213,349.16992,338.06152,345.38574,338.24463,339.28223,347.88818,342.27295,333.42285,339.0381,347.15576,348.74268,343.7378,343.18848,350.3296,334.8877,342.0288,338.79395,343.79883,347.7661,345.08057,343.5547,349.78027,340.86914,346.24023,347.583,345.01953,353.07617,344.16504,342.0288,341.72363,346.11816,346.8506,336.16943,357.53174,346.8506,348.68164,349.96338,341.60156,353.6255,344.40918,342.5171,348.68164,353.3203,347.46094,354.8462,347.0337,353.1372,353.19824,365.6494,375.90332,382.00684,327.50244,356.25,356.86035,346.97266,342.33398,344.4702,342.5171,343.2495,346.5454,343.00537,335.0708,334.52148,344.04297,349.292,348.98682,344.7754,352.2827,339.52637,335.9253,350.93994
341.23535,345.69092,347.583,354.23584,341.23535,366.93115,326.70898,366.38184,355.45654,375.8423,315.2954,345.813,348.49854,337.45117,338.0005,330.12695,354.6631,343.12744,331.2256,337.6953,341.05225,340.625,347.15576,331.16455,341.23535,340.9912,342.27295,335.19287,343.37158,339.2212,333.54492,350.93994,338.48877,343.31055,337.26807,338.79395,346.1792,346.48438,336.7798,339.52637,344.34814,342.33398,341.2964,332.8125,341.8457,346.60645,348.19336,348.92578,356.86035,333.78906,334.09424,352.2827,344.2871,345.44678,339.0381,352.03857,344.04297,337.81738,339.09912,356.18896,356.0669,341.6626,333.11768,340.4419,350.14648,342.8833,344.83643,354.60205,336.90186,348.19336,348.6206,338.91602,338.42773,345.3247,342.08984,364.30664,367.96875,334.2163,365.71045,365.83252,369.9829,338.79395,343.00537,347.15576,346.5454,349.96338,360.46143,369.31152,345.93506,345.87402,346.05713,345.69092,357.89795,349.16992,341.41846,347.88818,333.11768,348.92578,351.42822,342.82227
337.63428,355.09033,330.24902,345.75195,340.31982,348.37646,338.42773,362.8418,376.08643,358.1421,328.72314,334.46045,328.35693,337.02393,334.94873,343.2495,342.27295,352.2827,353.01514,340.50293,350.0244,325.6714,335.62012,345.62988,338.5498,328.479,339.2212,342.63916,329.63867,348.86475,331.4087,337.63428,337.81738,345.3247,332.20215,342.39502,342.7002,332.38525,333.1787,338.61084,336.71875,329.08936,321.7041,333.42285,346.24023,332.8125,332.20215,333.54492,343.5547,339.7705,350.6958,352.2827,333.42285,334.09424,350.45166,343.18848,335.2539,343.31055,336.35254,346.24023,349.8413,326.52588,331.5918,343.49365,340.31982,339.34326,350.5127,332.56836,328.8452,349.16992,336.23047,345.26367,335.68115,343.5547,342.5171,342.27295,358.56934,363.8794,366.56494,366.62598,351.61133,351.85547,343.2495,329.45557,336.53564,353.3203,333.30078,338.85498,336.2915,342.08984,338.3667,337.02393,346.05713,343.79883,335.00977,345.1416,333.60596,345.5078,324.75586,336.16943
345.87402,346.97266,344.71436,339.70947,337.93945,336.4746,334.2163,350.39062,360.03418,367.9077,332.93457,320.05615,330.3711,351.5503,324.45068,329.08936,328.9673,332.01904,342.0288,330.79834,321.82617,352.16064,346.24023,339.46533,346.30127,331.83594,345.1416,336.59668,331.04248,347.94922,335.13184,338.61084,340.4419,347.88818,334.8877,348.92578,334.33838,338.7329,338.67188,343.18848,338.0005,344.34814,332.01904,338.30566,336.9629,338.7329,343.7378,337.45117,339.34326,339.16016,325.0,339.0381,343.7378,344.22607,336.41357,332.4463,341.6626,328.6621,343.0664,343.31055,337.02393,341.11328,330.188,327.50244,344.04297,346.8506,337.3291,337.20703,338.1836,336.2915,344.53125,337.20703,329.8828,341.23535,348.31543,339.46533,358.26416,359.30176,369.7998,366.25977,378.52783,328.2959,331.28662,354.60205,342.27295,332.32422,338.85498,345.01953,345.44678,339.34326,335.9253,334.52148,336.2915,341.2964,346.05713,343.67676,341.11328,357.53174,335.62012,342.5171
335.437,351.48926,342.76123,338.1836,347.70508,336.90186,341.8457,357.40967,332.08008,343.9209,326.5869,350.75684,345.01953,344.5923,346.1792,355.8838,344.9585,333.42285,350.57373,346.8506,338.1836,349.6582,345.3247,343.7378,355.51758,337.5122,350.39062,330.79834,350.08545,355.15137,352.03857,344.5923,339.4043,351.9165,356.31104,352.771,352.70996,347.0337,338.85498,340.93018,350.26855,349.90234,351.61133,346.1792,346.3623,343.7378,347.70508,346.42334,359.3628,349.35303,339.83154,343.49365,342.7002,343.18848,347.46094,346.3623,346.24023,345.75195,342.94434,336.6577,348.01025,355.27344,343.7378,351.3672,349.1089,338.24463,346.24023,349.1089,353.9917,357.4707,341.2964,352.771,351.67236,343.18848,343.31055,327.2583,365.1001,338.97705,337.26807,354.1748,354.3579,356.49414,349.4751,345.44678,346.42334,333.11768,352.89307,363.0249,343.0664,344.9585,340.68604,350.26855,346.72852,347.70508,348.0713,352.70996,348.01025,351.9165,351.48926,348.01025
341.17432,335.86426,356.55518,345.44678,333.60596,345.1416,341.11328,350.26855,340.19775,357.8369,337.57324,339.89258,354.23584,328.35693,356.67725,350.3296,345.01953,351.3672,342.5171,353.93066,343.37158,351.42822,355.0293,344.34814,341.05225,331.04248,353.93066,341.78467,346.1792,331.5918,351.12305,354.29688,351.5503,355.33447,346.24023,350.0244,357.1045,349.35303,344.104,348.4375,337.08496,335.0708,359.48486,345.20264,332.1411,367.78564,343.5547,338.79395,373.52295,343.18848,345.26367,352.70996,337.81738,350.5127,354.90723,331.53076,356.37207,351.18408,340.93018,342.76123,347.33887,342.8833,345.56885,336.6577,348.8037,351.85547,326.4038,339.83154,350.81787,349.04785,344.04297,340.38086,343.49365,343.2495,345.26367,345.3247,345.1416,338.91602,336.9629,336.59668,341.78467,345.87402,346.11816,341.8457,336.71875,343.2495,340.13672,341.6626,353.6255,346.48438,354.96826,336.53564,343.00537,339.34326,342.94434,349.16992,341.4795,333.91113,337.5122,352.89307
349.23096,349.16992,348.31543,341.8457,343.43262,349.04785,358.6914,364.917,370.10498,373.7671,329.82178,341.72363,357.4707,342.45605,337.5122,353.68652,335.62012,349.90234,343.98193,344.22607,344.22607,341.96777,340.8081,334.3994,338.91602,345.44678,340.50293,345.9961,353.1372,342.76123,343.18848,342.8833,357.04346,339.09912,342.8833,346.30127,357.40967,351.48926,337.93945,350.26855,349.59717,338.85498,348.4375,355.3955,345.20264,351.61133,342.94434,343.49365,344.04297,347.82715,349.16992,341.6626,351.97754,336.16943,356.86035,356.4331,346.30127,348.98682,340.625,339.83154,358.44727,333.36182,359.48486,346.5454,337.5122,356.0669,351.18408,350.39062,340.93018,353.44238,350.0244,342.15088,345.62988,357.6538,338.91602,345.813,343.67676,362.1704,352.16064,371.75293,332.1411,346.97266,342.63916,348.98682,350.20752,347.64404,338.30566,345.1416,342.63916,347.64404,330.98145,339.4043,336.04736,342.57812,356.0669,348.98682,345.56885,351.5503,354.90723,355.15137
340.68604,356.67725,346.05713,351.30615,375.1709,353.1372,375.1709,329.94385,387.8662,359.79004,359.1797,326.83105,354.78516,356.00586,351.79443,347.52197,355.27344,351.5503,351.18408,366.56494,350.6958,352.70996,346.42334,348.13232,352.22168,358.1421,338.79395,357.04346,352.9541,339.89258,357.59277,360.5835,335.86426,352.03857,348.8037,346.60645,371.08154,377.91748,360.9497,352.5879,352.9541,364.61182,347.583,367.29736,332.38525,344.65332,343.7378,345.62988,340.2588,345.3247,349.78027,333.78906,341.11328,345.3247,354.54102,344.5923,346.66748,346.1792,358.8745,349.16992,356.25,352.03857,351.42822,355.15137,357.77588,353.86963,342.63916,356.0669,353.56445,349.90234,350.93994,355.76172,338.30566,358.3252,352.70996,351.3672,346.72852,343.9209,354.8462,362.41455,338.61084,328.6621,351.42822,358.44727,337.08496,349.53613,340.07568,348.8037,350.63477,346.66748,336.90186,342.8833,353.19824,346.60645,350.81787,344.2871,340.50293,348.6206,358.08105,342.33398
343.85986,354.41895,355.70068,364.67285,371.2036,369.00635,379.99268,326.52588,336.9629,348.19336,345.5078,339.7705,347.64404,359.24072,351.48926,354.72412,372.66846,336.7798,354.96826,338.91602,338.3667,342.76123,355.82275,348.31543,353.9917,356.25,344.104,346.60645,343.9209,341.41846,340.8081,348.13232,363.51318,356.86035,345.01953,346.66748,350.63477,352.5879,354.96826,357.77588,355.27344,358.26416,345.87402,358.8745,347.88818,356.49414,347.27783,346.11816,355.76172,357.4707,355.2124,352.0996,362.04834,357.16553,353.25928,350.5127,348.98682,351.5503,349.6582,357.04346,344.65332,348.98682,351.67236,353.9917,350.6958,343.12744,353.68652,352.89307,344.5923,347.64404,350.14648,353.6255,355.51758,343.67676,355.76172,354.8462,355.63965,354.1748,354.54102,335.437,349.16992,355.82275,353.56445,349.8413,346.72852,348.55957,348.4375,333.36182,338.85498,337.93945,347.82715,352.5879,346.72852,341.23535,345.87402,340.8081,345.1416,345.62988,348.19336,347.64404
354.05273,351.5503,355.76172,368.64014,363.3911,375.7202,371.56982,348.8037,351.30615,351.9165,363.45215,334.3994,353.56445,354.05273,355.33447,356.73828,347.09473,364.55078,353.9917,339.83154,368.09082,338.30566,352.771,354.3579,349.292,351.48926,348.31543,356.37207,346.3623,346.48438,354.8462,362.8418,350.08545,345.38574,349.35303,344.9585,341.35742,345.93506,353.44238,349.23096,364.36768,365.16113,372.66846,340.13672,346.5454,359.5459,350.45166,363.51318,351.7334,350.26855,356.18896,353.6255,348.98682,357.95898,353.8086,342.2119,352.22168,353.93066,349.78027,353.1372,349.41406,344.89746,342.45605,354.23584,344.71436,355.27344,349.53613,353.38135,351.42822,356.55518,352.2827,348.92578,348.0713,346.66748,343.7378,354.41895,360.88867,365.40527,361.438,361.92627,356.18896,358.99658,361.25488,353.74756,354.60205,354.78516,356.12793,357.89795,359.5459,359.85107,359.97314,359.30176,350.3296,363.14697,357.71484,343.37158,365.2832,357.2876,358.75244,345.26367
360.9497,350.0244,356.37207,358.6914,348.31543,357.71484,359.24072,356.12793,384.63135,367.23633,386.95068,341.11328,335.0708,344.83643,352.0996,359.24072,354.1748,345.813,346.24023,343.43262,355.33447,352.2827,348.0713,348.37646,343.43262,340.19775,351.61133,361.92627,353.25928,359.60693,363.3911,348.68164,341.54053,356.12793,348.2544,351.48926,349.35303,352.52686,353.01514,358.3252,338.24463,342.94434,358.93555,343.00537,360.46143,359.3628,377.4292,347.82715,350.0244,347.88818,324.75586,351.79443,348.8037,390.30762,336.7798,348.2544,338.1836,370.04395,377.55127,380.29785,366.5039,377.7954,364.00146,395.06836,370.22705,346.60645,345.5078,327.50244,328.1128,337.146,349.292,358.1421,343.79883,342.27295,344.71436,341.41846,357.1045,352.83203,346.8506,337.20703,356.6162,381.2744,365.34424,351.85547,344.71436,349.78027,347.46094,342.94434,341.78467,357.8369,362.29248,348.4375,353.25928,349.35303,354.1748,343.00537,347.70508,351.9165,359.3628,342.7002
352.2827,367.23633,365.52734,364.00146,348.13232,345.38574,349.04785,378.89404,359.05762,346.8506,343.49365,335.7422,355.82275,359.24072,356.98242,352.64893,340.9912,356.4331,349.16992,347.64404,350.45166,340.13672,350.26855,353.74756,344.04297,339.34326,353.74756,357.22656,351.79443,364.67285,362.35352,344.5923,337.5122,344.7754,341.4795,345.01953,356.49414,361.92627,351.062,343.2495,351.18408,351.97754,347.70508,357.2876,345.44678,343.2495,347.82715,342.76123,348.4375,348.37646,348.31543,347.94922,338.85498,369.49463,353.3203,385.72998,371.08154,365.71045,357.95898,384.14307,334.52148,345.20264,340.86914,344.53125,342.0288,347.15576,338.85498,360.70557,386.15723,374.92676,368.88428,356.0669,348.68164,345.1416,346.30127,350.8789,346.5454,338.0005,338.7329,332.20215,343.37158,345.44678,346.30127,356.98242,335.37598,362.59766,343.79883,391.28418,368.45703,353.1372,345.1416,357.2876,335.98633,337.39014,354.8462,355.5786,365.83252,358.02002,354.41895,347.64404
360.5835,354.41895,355.8838,360.4004,351.7334,367.41943,350.6958,348.6206,358.63037,351.5503,345.1416,351.30615,351.18408,357.04346,346.8506,351.42822,358.08105,358.26416,340.74707,356.31104,340.13672,346.1792,362.96387,342.82227,348.4375,356.12793,356.67725,337.81738,346.3623,352.16064,349.8413,358.8745,350.08545,349.96338,349.4751,344.71436,350.8789,341.54053,346.60645,353.07617,358.3252,350.6958,333.667,357.71484,351.18408,357.89795,368.82324,354.3579,351.97754,358.93555,359.9121,349.1089,352.03857,361.68213,352.4048,366.44287,346.05713,345.01953,343.2495,338.48877,332.08008,333.30078,331.83594,351.062,361.438,347.583,348.37646,362.71973,341.72363,347.15576,350.0244,352.22168,347.70508,349.1089,347.583,355.33447,360.0952,365.77148,353.3203,350.63477,343.43262,348.19336,348.55957,353.50342,346.60645,336.71875,343.43262,338.7329,348.8037,344.53125,355.76172,339.52637,357.53174,361.92627,348.31543,352.5879,358.56934,351.062,363.57422,360.2173
360.33936,374.19434,345.01953,343.61572,365.03906,346.66748,353.38135,354.90723,390.49072,346.42334,366.25977,337.87842,356.6162,341.23535,354.47998,366.5039,343.31055,368.5791,362.4756,358.81348,356.0669,370.6543,349.1089,367.48047,354.72412,349.8413,363.33008,365.2832,361.01074,345.38574,348.13232,344.83643,362.04834,349.96338,348.8037,356.25,353.56445,350.75684,356.49414,384.021,366.93115,352.4048,340.38086,342.82227,348.98682,345.1416,347.583,346.24023,356.00586,363.8794,362.10938,357.22656,344.5923,352.83203,350.26855,356.00586,338.67188,349.4751,352.5879,346.66748,368.27393,336.2915,342.27295,353.8086,346.42334,348.98682,343.12744,349.292,361.438,349.16992,348.92578,348.92578,342.2119,348.31543,348.2544,361.49902,362.1704,353.68652,339.2212,354.29688,360.7666,355.5786,352.4048,342.7002,348.98682,363.3911,343.79883,366.3208,341.17432,347.0337,368.7622,355.3955,365.34424,354.54102,357.2876,361.86523,358.56934,359.9121,352.03857,360.2173
356.79932,343.67676,366.74805,359.24072,355.3955,364.18457,357.4707,344.22607,376.69678,369.86084,379.99268,378.833,346.3623,353.56445,354.72412,365.22217,366.19873,363.0249,360.70557,379.74854,355.94482,356.18896,348.68164,356.12793,369.18945,353.44238,364.0625,358.8745,348.37646,366.07666,351.61133,354.05273,368.396,354.05273,355.33447,353.68652,357.95898,363.6963,360.4004,361.31592,367.96875,358.02002,351.48926,360.27832,363.08594,361.49902,359.9121,364.0625,365.9546,371.81396,383.28857,377.85645,355.8838,344.34814,353.93066,358.81348,360.7666,345.69092,370.4712,345.5078,348.0713,351.5503,356.9214,357.16553,355.70068,352.16064,350.39062,347.15576,342.76123,350.6958,357.59277,354.29688,354.23584,350.75684,356.4331,357.4707,357.53174,369.2505,352.52686,360.33936,350.81787,369.73877,371.0205,364.48975,352.70996,384.69238,375.04883,396.8994,352.03857,348.68164,361.438,359.30176,367.66357,354.90723,383.77686,365.4663,352.0996,367.1753,362.04834,355.2124
373.88916,353.25928,368.0298,362.23145,361.8042,367.78564,353.01514,365.4663,379.56543,388.5376,385.48584,353.38135,345.87402,357.04346,357.8369,347.09473,338.97705,372.79053,385.85205,354.11377,342.0288,366.38184,360.70557,362.41455,366.74805,369.18945,359.11865,363.8794,384.5703,353.25928,343.67676,370.34912,365.9546,361.8042,366.01562,362.53662,363.57422,365.40527,353.07617,383.77686,368.45703,365.9546,352.64893,345.26367,357.53174,352.22168,364.0625,357.95898,362.96387,361.56006,359.85107,353.6255,369.6167,371.38672,361.07178,365.89355,363.3911,354.41895,356.6162,348.55957,359.85107,364.12354,361.49902,369.92188,372.0581,364.4287,368.45703,369.4336,364.18457,379.3213,366.62598,355.63965,373.03467,365.83252,369.67773,372.18018,380.84717,372.18018,358.44727,360.27832,362.53662,377.55127,370.34912,368.27393,366.87012,375.59814,359.60693,343.49365,373.0957,380.11475,354.29688,368.7622,358.38623,352.22168,367.41943,351.79443,360.52246,355.09033,353.74756,353.86963
380.84717,380.29785,350.8789,359.3628,350.6958,350.6958,358.26416,360.9497,367.84668,352.89307,365.77148,355.27344,363.3911,371.5088,359.66797,370.34912,368.0298,391.89453,388.3545,390.36865,356.00586,368.7622,361.56006,353.86963,361.8042,364.0625,364.12354,362.71973,353.93066,346.30127,351.18408,340.56396,349.78027,354.8462,364.12354,363.14697,365.22217,362.4756,355.15137,366.3208,381.15234,358.56934,360.15625,375.10986,362.1704,367.29736,366.5039,368.33496,359.66797,358.26416,365.83252,359.24072,364.30664,365.6494,366.93115,364.55078,368.45703,361.25488,350.93994,351.61133,355.27344,367.11426,354.41895,358.1421,352.46582,358.8745,353.56445,352.5879,367.05322,372.11914,360.46143,364.48975,354.23584,353.19824,361.9873,364.61182,352.34375,361.86523,367.78564,354.29688,359.3628,361.31592,362.41455,352.52686,381.0913,361.8042,402.02637,380.96924,372.85156,352.52686,359.5459,369.00635,345.01953,368.0298,370.41016,366.44287,373.33984,354.29688,369.18945,347.15576
368.09082,365.9546,369.7998,370.41016,368.396,359.3628,368.33496,355.33447,368.33496,357.95898,381.15234,348.8037,346.8506,362.4756,373.9502,369.18945,369.7998,371.2036,361.07178,357.77588,355.51758,359.3628,368.5791,371.6919,374.1333,368.33496,362.96387,364.4287,347.27783,349.41406,355.63965,362.23145,358.75244,359.729,367.1753,364.4287,356.12793,361.92627,358.02002,379.13818,368.45703,374.92676,369.06738,368.82324,376.51367,365.40527,370.22705,368.0298,378.22266,371.5088,367.05322,368.82324,384.75342,378.03955,379.80957,381.64062,366.25977,375.5371,373.33984,378.03955,371.14258,377.2461,366.74805,368.45703,380.78613,355.94482,368.7622,374.56055,402.7588,387.01172,388.47656,372.2412,359.11865,359.30176,357.71484,367.96875,372.11914,387.98828,374.19434,377.97852,378.833,394.6411,383.89893,364.7339,384.2041,396.3501,394.03076,347.583,353.6255,377.30713,367.66357,376.7578,377.4292,360.5835,373.0957,358.56934,355.82275,350.63477,369.31152,375.47607
366.74805,361.438,367.41943,356.25,376.0254,364.97803,372.9126,362.04834,372.66846,347.15576,354.60205,358.1421,367.48047,370.16602,356.18896,362.71973,364.97803,355.27344,359.60693,356.18896,378.95508,371.56982,367.5415,372.48535,362.78076,375.23193,365.34424,361.6211,364.2456,389.69727,355.2124,357.4707,388.78174,355.27344,364.61182,381.51855,365.1001,363.6963,375.90332,365.4663,370.59326,365.77148,374.86572,366.80908,367.23633,376.14746,373.0957,353.6255,374.19434,369.12842,359.729,384.50928,358.02002,357.77588,364.30664,362.04834,367.78564,356.37207,377.7954,345.87402,364.61182,374.8047,368.33496,368.33496,357.77588,366.07666,366.07666,361.49902,364.12354,371.14258,368.88428,366.5039,366.87012,375.96436,364.67285,375.29297,365.03906,378.34473,361.07178,379.19922,345.44678,364.12354,362.78076,361.92627,354.23584,355.5786,364.61182,370.71533,370.10498,368.88428,374.01123,353.25928,361.86523,355.3955,348.6206,360.0952,344.40918,343.12744,349.1089,345.38574
368.9453,357.6538,370.71533,368.7622,367.11426,382.43408,382.92236,356.86035,394.458,379.80957,394.82422,351.12305,357.2876,374.3164,373.03467,369.7998,363.81836,375.59814,377.67334,356.25,360.27832,356.79932,351.5503,364.4287,363.57422,364.79492,356.49414,358.93555,370.4712,368.64014,373.70605,355.5786,371.26465,363.45215,365.1001,364.97803,365.40527,371.14258,362.59766,372.66846,374.8047,358.93555,362.10938,376.14746,367.84668,360.27832,363.63525,365.77148,368.2129,361.25488,375.59814,374.25537,365.34424,366.87012,369.92188,366.44287,375.90332,366.1377,373.0957,366.19873,364.97803,364.97803,367.96875,371.81396,369.2505,357.77588,369.92188,366.44287,361.6211,367.96875,366.56494,359.9121,364.2456,362.10938,365.9546,353.3203,362.35352,362.41455,364.36768,360.9497,371.6919,356.86035,368.15186,354.05273,373.21777,356.37207,366.74805,363.08594,369.18945,359.3628,371.14258,357.34863,373.21777,362.35352,369.86084,369.92188,359.85107,362.4756,362.53662,366.01562
363.8794,362.71973,365.22217,363.14697,364.36768,362.41455,371.44775,346.8506,371.08154,380.66406,372.42432,346.48438,353.38135,364.61182,357.8369,356.73828,356.25,357.04346,353.25928,361.68213,373.2788,359.60693,359.11865,371.44775,361.68213,361.01074,364.00146,365.22217,369.18945,352.2827,364.4287,364.18457,363.6963,365.4663,363.33008,358.81348,364.7339,359.729,360.52246,366.38184,366.5039,363.63525,366.01562,362.1704,369.00635,367.41943,369.67773,367.84668,369.00635,367.3584,370.6543,366.56494,372.11914,362.10938,360.64453,362.6587,371.32568,367.5415,374.01123,372.85156,371.0205,365.16113,374.19434,364.55078,366.38184,372.97363,366.19873,360.03418,370.6543,375.59814,365.1001,359.5459,369.9829,373.21777,376.08643,362.96387,378.77197,371.2036,369.7998,376.63574,368.27393,378.2837,366.74805,366.62598,367.7246,369.18945,376.7578,376.08643,360.15625,381.9458,364.7339,369.86084,364.30664,358.38623,366.87012,366.44287,378.833,356.9214,370.16602,375.59814
375.354,372.30225,368.82324,381.9458,367.5415,374.62158,369.18945,362.96387,361.92627,371.56982,391.4673,377.30713,379.44336,360.0952,371.56982,376.2085,363.75732,368.5791,353.86963,373.9502,365.16113,367.60254,367.3584,371.08154,375.96436,361.07178,369.73877,371.26465,377.55127,359.79004,388.23242,373.33984,356.4331,364.97803,349.35303,373.2788,358.99658,365.89355,379.6875,362.59766,364.18457,379.26025,367.3584,375.96436,372.36328,362.41455,360.27832,367.48047,370.2881,366.44287,356.4331,357.89795,367.60254,357.53174,371.99707,350.45166,375.1709,350.3296,368.51807,350.3296,355.5786,369.9829,351.3672,376.2085,379.44336,367.78564,372.42432,378.4668,372.11914,373.2788,368.7622,365.03906,386.21826,378.34473,359.79004,357.95898,387.98828,357.40967,367.9077,362.90283,374.62158,376.51367,365.34424,362.10938,375.41504,368.64014,365.89355,369.12842,372.11914,359.66797,363.14697,365.34424,355.2124,360.5835,360.4004,363.45215,368.88428,372.18018,356.86035,359.60693
374.07227,370.59326,369.92188,368.33496,362.8418,370.10498,374.86572,359.48486,364.2456,366.74805,371.81396,385.72998,402.51465,392.32178,383.5327,382.86133,343.00537,348.86475,353.1372,360.03418,370.71533,369.06738,370.89844,358.44727,363.08594,365.40527,363.63525,370.77637,357.22656,367.05322,382.25098,367.5415,378.89404,373.4619,400.8667,396.167,407.0923,384.44824,384.44824,375.41504,397.14355,344.16504,388.5376,388.11035,366.25977,369.49463,381.7627,366.62598,377.12402,375.59814,366.38184,377.67334,373.70605,368.2129,375.23193,378.03955,367.7246,368.88428,377.2461,378.4668,374.25537,373.7671,369.73877,371.26465,369.4336,368.82324,354.8462,376.45264,377.7954,367.78564,370.4712,370.41016,370.10498,364.4287,379.99268,400.5005,385.48584,366.01562,377.00195,366.19873,369.92188,370.22705,386.95068,373.7671,386.52344,376.51367,408.92334,396.167,382.43408,355.51758,382.86133,393.29834,392.56592,371.2036,375.1709,366.56494,366.5039,365.52734,357.71484,356.4331
380.11475,373.7671,371.63086,374.8047,372.48535,369.6167,361.68213,360.27832,391.3452,376.3916,375.5371,358.44727,376.08643,383.6548,396.167,396.3501,366.9922,365.1001,363.08594,361.56006,358.6914,371.5088,369.49463,355.33447,364.18457,351.42822,383.95996,363.57422,369.92188,364.30664,362.10938,367.3584,367.41943,366.1377,372.5464,366.87012,361.31592,369.49463,366.3208,364.97803,394.2749,383.6548,379.26025,391.28418,396.5332,362.23145,364.917,396.04492,365.4663,389.45312,371.14258,376.3916,378.77197,379.07715,366.3208,380.84717,368.15186,375.41504,377.49023,369.18945,381.2744,376.51367,375.5371,372.42432,380.84717,382.37305,371.75293,369.37256,394.76318,368.51807,382.37305,382.43408,378.6499,387.56104,381.70166,377.91748,388.47656,365.71045,382.43408,370.59326,374.3164,378.58887,385.4248,408.92334,399.95117,387.56104,383.41064,365.71045,392.81006,397.14355,366.19873,363.3911,373.03467,381.2744,377.2461,370.34912,381.51855,377.18506,363.0249,373.33984
380.96924,371.44775,370.95947,360.2173,363.26904,365.40527,357.89795,389.9414,382.18994,374.86572,409.8999,399.8291,393.11523,359.9121,386.8286,366.25977,406.54297,357.04346,366.38184,377.55127,379.19922,382.49512,378.6499,376.7578,378.34473,380.60303,374.8047,379.99268,387.43896,378.52783,384.021,379.99268,377.12402,379.8706,386.88965,371.875,385.66895,386.4624,368.27393,377.7954,397.87598,406.90918,389.63623,393.7256,398.54736,369.9829,378.6499,379.44336,364.97803,381.33545,406.72607,341.23535,387.74414,373.21777,381.03027,384.2041,379.74854,374.01123,372.7295,386.0962,378.22266,373.0957,371.32568,374.56055,374.43848,375.7202,378.833,374.8047,391.10107,373.03467,376.26953,374.1333,364.18457,389.02588,384.99756,390.4297,379.0161,361.19385,359.48486,364.85596,383.89893,381.39648,384.2041,377.4292,377.73438,379.26025,377.12402,374.8047,365.4663,374.56055,373.88916,373.52295,370.04395,370.71533,377.73438,391.71143,384.14307,374.07227,385.6079,389.27002
386.0962,368.70117,375.65918,381.45752,377.73438,384.63135,377.91748,376.14746,369.9829,388.11035,384.63135,375.90332,377.12402,367.1753,399.09668,355.09033,397.87598,398.54736,404.46777,371.5088,363.63525,363.6963,381.21338,380.66406,380.96924,378.2837,374.25537,376.45264,380.3589,377.18506,380.11475,381.51855,378.89404,371.2036,361.07178,358.75244,365.6494,369.4336,362.8418,365.16113,383.47168,386.0962,374.74365,381.7627,369.49463,364.79492,384.44824,401.9043,393.54248,388.7207,406.84814,341.35742,388.3545,384.5703,376.0254,369.6167,408.313,365.34424,387.19482,368.64014,379.3213,389.27002,376.2085,380.3589,379.19922,385.9131,373.7671,368.82324,368.15186,358.44727,383.3496,380.29785,372.42432,391.40625,372.36328,404.95605,367.23633,364.12354,373.82812,377.6123,387.56104,373.70605,381.15234,374.37744,381.5796,380.17578,386.03516,378.4668,377.73438,385.2417,382.86133,380.41992,396.5332,400.1953,382.92236,389.51416,395.73975,369.00635,371.93604,381.33545
381.2744,376.7578,376.3916,378.2837,366.56494,375.04883,377.55127,388.41553,381.21338,383.22754,384.8755,388.23242,378.58887,384.50928,387.1338,380.542,380.9082,375.8423,387.1338,390.85693,384.3872,372.9126,383.59375,368.9453,380.3589,371.5088,392.81006,387.19482,373.70605,378.40576,381.03027,377.4292,383.10547,387.6831,384.63135,371.99707,374.07227,377.2461,371.56982,376.63574,379.19922,373.15674,381.33545,376.51367,386.76758,373.21777,377.7954,382.9834,374.9878,393.2373,397.26562,353.1372,393.2373,386.88965,389.7583,393.35938,412.89062,418.68896,387.07275,375.04883,393.11523,396.167,365.4663,385.66895,373.70605,388.41553,414.47754,409.65576,413.25684,397.08252,380.66406,407.39746,380.23682,398.36426,402.0874,402.0874,370.53223,370.4712,373.21777,382.9834,378.03955,382.8003,382.49512,379.62646,388.04932,387.5,397.63184,402.20947,362.90283,368.33496,367.60254,403.125,378.833,376.26953,362.6587,402.63672,395.55664,394.39697,374.1333,388.04932
383.10547,386.70654,370.8374,372.60742,399.03564,383.22754,394.58008,375.96436,382.49512,369.7998,378.40576,371.08154,379.6875,369.2505,393.17627,385.2417,381.21338,369.18945,375.5371,360.7666,377.36816,369.7998,392.8711,390.85693,408.4961,376.08643,366.93115,386.88965,374.92676,374.9878,389.33105,380.41992,371.0205,379.0161,383.8379,383.41064,380.11475,385.11963,384.69238,393.29834,372.66846,381.21338,385.66895,386.88965,376.45264,385.6079,381.0913,380.84717,373.40088,368.33496,373.70605,389.9414,390.18555,380.7251,389.5752,395.61768,408.98438,402.63672,395.43457,382.92236,387.25586,366.19873,393.17627,377.00195,361.56006,383.71582,373.0957,385.6079,372.7295,362.71973,379.99268,369.6167,369.92188,397.7539,400.92773,406.4209,366.1377,394.82422,377.6123,375.65918,384.8755,391.4673,382.18994,388.23242,383.22754,389.88037,386.21826,392.0166,385.66895,384.50928,388.29346,387.6831,384.63135,385.79102,384.44824,372.9126,393.48145,367.05322,391.89453,402.14844
387.8662,387.5,363.45215,381.2744,375.41504,381.15234,384.32617,385.0586,383.47168,373.70605,383.71582,382.1289,377.12402,381.39648,390.91797,380.17578,386.88965,391.6504,380.66406,380.3589,386.03516,390.24658,379.44336,381.51855,377.12402,376.2085,386.76758,379.0161,390.979,383.10547,376.81885,376.08643,373.40088,385.0586,380.78613,379.13818,381.9458,374.74365,385.48584,380.3589,380.84717,389.14795,385.97412,384.99756,389.45312,396.5332,397.81494,375.41504,375.5371,379.38232,402.39258,408.43506,410.81543,387.5,372.60742,381.0913,384.75342,381.39648,385.4248,398.73047,397.69287,387.74414,384.021,385.97412,377.4292,379.56543,369.86084,375.10986,399.2798,392.81006,394.9463,395.86182,381.0913,380.0537,369.12842,373.03467,390.85693,390.979,394.6411,380.41992,392.81006,387.19482,387.56104,393.9087,389.5752,395.06836,390.30762,384.5703,391.89453,395.06836,390.49072,383.77686,379.38232,374.8047,388.04932,396.47217,389.45312,394.88525,382.55615,376.2085
381.33545,386.34033,385.6079,388.78174,388.7207,390.1245,388.1714,375.354,385.0586,392.74902,389.63623,392.99316,387.01172,379.07715,385.9131,384.75342,390.24658,383.1665,394.458,384.32617,388.11035,376.7578,382.6172,380.78613,377.4292,392.26074,386.2793,389.7583,394.9463,390.55176,395.3125,382.67822,390.06348,394.70215,379.80957,378.52783,383.89893,386.6455,393.4204,390.24658,387.62207,398.48633,379.74854,390.36865,387.1338,389.7583,385.54688,416.4917,380.66406,382.37305,379.99268,378.03955,375.47607,384.99756,398.73047,382.86133,384.26514,381.9458,390.85693,396.10596,385.85205,380.9082,389.33105,381.03027,395.86182,395.43457,387.92725,402.02637,386.2793,386.76758,394.82422,391.77246,383.59375,379.56543,389.9414,394.88525,396.5332,403.73535,384.75342,388.59863,400.80566,388.84277,385.4248,379.07715,382.25098,397.87598,395.3125,379.8706,399.03564,400.56152,389.20898,393.96973,377.4292,386.95068,388.11035,385.9131,375.59814,371.6919,384.3872,367.7246
388.5376,395.6787,383.10547,384.93652,392.688,378.89404,381.03027,382.9834,371.0205,404.40674,403.55225,393.78662,376.3916,388.59863,408.0078,403.06396,388.1714,383.47168,374.07227,389.9414,389.33105,381.51855,404.58984,402.33154,381.21338,393.78662,394.21387,380.9082,379.6875,377.67334,377.30713,394.03076,369.2505,396.77734,391.52832,382.43408,392.44385,417.28516,401.17188,368.7622,389.3921,394.21387,392.0166,385.48584,382.18994,392.99316,387.5,401.7212,404.3457,404.10156,395.00732,403.3081,398.36426,396.10596,396.10596,394.39697,398.36426,389.14795,398.85254,391.52832,383.10547,382.00684,381.21338,391.1621,397.7539,396.3501,384.81445,388.1714,383.28857,377.85645,388.5376,398.05908,405.5664,417.8955,390.73486,398.85254,381.88477,396.04492,394.15283,402.69775,394.33594,392.50488,398.66943,394.0918,396.96045,392.32178,395.00732,393.4204,391.6504,396.65527,403.61328,391.71143,388.96484,414.47754,372.85156,387.19482,390.6128,404.10156,391.52832,404.83398
393.66455,396.96045,389.33105,391.28418,402.88086,382.73926,393.60352,397.32666,388.5376,392.688,401.0498,387.01172,394.21387,397.14355,383.04443,418.87207,405.3833,396.10596,380.3589,376.33057,397.87598,392.93213,378.71094,384.44824,392.93213,390.18555,398.4253,384.50928,382.8003,383.3496,386.15723,393.78662,386.4624,404.77295,401.59912,410.63232,383.41064,379.80957,374.37744,391.04004,389.3921,393.2373,393.48145,384.81445,383.71582,395.3125,404.46777,417.77344,391.8335,394.70215,388.23242,394.70215,392.99316,401.7212,399.8291,375.90332,390.30762,388.47656,393.78662,390.36865,393.96973,388.1714,398.12012,388.96484,392.26074,399.58496,387.6831,389.9414,385.2417,394.76318,385.0586,393.4204,394.82422,386.2793,401.78223,384.99756,381.5796,412.28027,388.04932,395.4956,403.00293,397.32666,397.26562,393.11523,391.8335,398.18115,396.96045,393.4204,389.0869,398.54736,383.71582,397.08252,397.08252,397.99805,396.8994,393.0542,396.10596,395.19043,391.89453,374.01123
396.83838,393.17627,386.03516,394.458,394.76318,394.58008,392.62695,385.97412,407.2754,382.18994,408.06885,378.40576,403.24707,395.6787,390.24658,393.0542,383.47168,376.2085,378.95508,399.70703,402.20947,392.44385,404.77295,388.96484,382.8003,393.48145,389.81934,378.833,396.5332,403.43018,392.1997,382.73926,392.56592,396.28906,388.41553,398.91357,374.01123,390.85693,389.02588,402.2705,381.2744,406.17676,394.33594,400.31738,390.24658,396.59424,396.167,398.54736,396.10596,400.1953,402.81982,396.77734,392.13867,383.1665,385.36377,374.8047,387.25586,408.06885,402.69775,409.77783,378.22266,389.14795,391.04004,385.54688,391.95557,385.36377,386.88965,395.80078,390.30762,394.15283,415.69824,417.1631,425.95215,410.14404,384.021,383.71582,389.88037,402.0874,395.43457,403.73535,395.37354,406.35986,384.32617,398.2422,395.3125,412.3413,399.34082,388.04932,393.84766,386.58447,390.49072,391.89453,404.1626,401.0498,400.56152,404.22363,408.8623,394.88525,442.73682,395.6787
396.83838,389.69727,381.70166,388.04932,398.36426,403.73535,411.9751,412.8296,411.792,417.77344,418.87207,378.4668,406.90918,403.18604,399.2798,406.29883,403.18604,401.5381,400.1953,411.792,401.17188,398.48633,402.33154,401.5381,403.06396,401.11084,406.9702,410.44922,404.10156,405.81055,399.4629,408.19092,407.8247,403.85742,399.40186,400.80566,404.5288,401.17188,391.4673,399.8291,401.5381,404.3457,401.5381,403.4912,398.48633,410.38818,408.80127,395.55664,399.52393,404.65088,399.03564,400.1953,404.65088,400.07324,404.10156,411.42578,403.18604,390.6128,403.73535,399.646,407.6416,401.41602,392.99316,403.4912,396.3501,397.32666,390.49072,402.39258,415.02686,400.62256,418.81104,421.8628,427.47803,379.6875,401.11084,409.8999,387.07275,393.29834,394.21387,400.56152,396.28906,401.29395,398.73047,402.57568,389.81934,401.17188,405.99365,405.0171,390.06348,407.4585,405.7495,392.81006,398.6084,412.70752,407.51953,418.32275,387.74414,405.50537,401.84326,424.9756
397.26562,418.5669,410.38818,407.03125,390.7959,393.84766,406.84814,432.1167,421.98486,416.24756,420.21484,387.92725,403.61328,409.8999,400.43945,415.14893,402.2705,406.48193,406.48193,405.44434,399.8291,411.73096,407.0923,410.51025,410.32715,415.4541,399.76807,405.07812,402.02637,404.40674,400.74463,404.89502,406.84814,407.15332,412.70752,409.3506,405.44434,407.2754,402.69775,403.24707,408.06885,402.4536,407.94678,401.5381,396.41113,406.2378,400.80566,410.14404,414.96582,405.44434,410.51025,403.67432,394.58008,411.18164,410.2661,403.55225,399.646,411.54785,408.313,404.83398,408.313,407.88574,406.9702,403.36914,414.11133,399.89014,412.5244,403.24707,416.4917,432.17773,429.43115,428.39355,424.79248,406.11572,381.82373,410.87646,406.604,399.8291,400.07324,403.91846,396.5332,408.80127,394.9463,400.62256,403.3081,398.7915,405.32227,390.24658,415.14893,404.40674,390.49072,403.00293,409.28955,403.9795,398.12012,399.34082,404.3457,415.94238,399.646,414.9048
402.57568,397.5708,404.89502,398.2422,397.81494,406.72607,396.167,411.9751,401.9043,402.20947,401.41602,410.9375,409.65576,396.59424,408.61816,407.8247,399.1577,410.99854,400.6836,406.90918,411.3037,408.43506,413.8672,404.65088,416.24756,406.35986,403.73535,401.9043,410.63232,399.40186,403.4912,398.91357,404.04053,402.2705,402.88086,412.1582,401.96533,409.22852,400.25635,409.41162,402.57568,404.65088,407.2754,400.5005,397.63184,403.4912,393.66455,398.36426,403.67432,398.85254,404.28467,401.2329,407.94678,403.7964,411.3037,399.89014,404.89502,403.7964,394.21387,400.8667,407.88574,395.4956,404.83398,409.83887,405.0171,399.40186,403.36914,407.8247,409.28955,420.58105,400.13428,399.4629,410.20508,410.2661,402.0874,397.32666,395.19043,397.14355,385.9131,395.06836,401.96533,400.25635,401.78223,393.66455,395.06836,408.80127,407.6416,393.4204,409.16748,404.7119,412.3413,408.92334,412.1582,406.48193,401.0498,413.74512,405.0171,420.45898,392.99316,401.5381
410.51025,402.63672,387.80518,406.604,403.73535,408.25195,405.68848,405.99365,409.77783,399.8291,409.65576,392.1997,382.73926,395.80078,388.65967,409.59473,419.4214,388.1714,409.22852,431.68945,392.50488,393.78662,401.66016,400.74463,404.7119,412.58545,416.6748,400.80566,395.00732,409.10645,413.50098,415.20996,401.35498,405.50537,418.44482,403.4912,414.4165,414.7827,412.1582,407.76367,421.55762,404.95605,413.3789,413.13477,405.3833,412.8296,404.28467,409.83887,411.18164,403.18604,410.2661,418.5669,412.09717,407.51953,407.6416,417.40723,403.61328,398.66943,414.11133,406.48193,413.25684,420.70312,402.88086,401.17188,410.02197,408.0078,405.32227,407.33643,411.48682,416.18652,405.32227,409.77783,393.2373,392.62695,405.26123,411.85303,403.61328,399.40186,403.9795,404.89502,396.28906,400.98877,386.34033,391.6504,407.94678,402.7588,406.84814,407.03125,395.73975,407.39746,411.42578,407.58057,415.8203,398.6084,414.5996,407.03125,410.14404,412.3413,401.9043,409.59473
413.0127,407.8247,412.03613,405.50537,411.66992,405.93262,408.61816,404.3457,412.76855,412.89062,405.32227,397.69287,403.73535,401.0498,407.33643,411.54785,409.8999,408.80127,405.13916,407.94678,412.03613,411.18164,414.9048,416.00342,402.4536,411.18164,410.38818,408.43506,409.83887,405.44434,408.25195,408.6792,399.09668,418.13965,413.562,397.99805,417.22412,411.48682,408.80127,407.6416,398.6084,398.73047,406.72607,412.64648,402.20947,421.3745,404.3457,404.10156,411.48682,411.05957,409.22852,405.32227,412.58545,426.68457,392.8711,406.7871,410.14404,396.41113,396.7163,404.83398,411.73096,395.43457,397.2046,414.53857,397.3877,416.73584,406.11572,397.87598,409.41162,435.5957,425.09766,419.23828,390.67383,384.32617,407.4585,402.7588,403.4912,412.5244,403.3081,398.85254,400.80566,413.3789,409.59473,407.33643,394.2749,411.792,402.9419,405.81055,409.7168,398.9746,401.66016,406.9702,401.41602,391.4673,409.10645,407.51953,399.52393,414.84375,407.15332,402.69775
404.83398,408.0078,399.8291,393.54248,410.2661,403.125,413.562,394.51904,399.8291,403.18604,408.06885,394.82422,408.25195,411.05957,391.52832,406.9702,410.81543,401.41602,407.8247,401.9043,404.3457,400.62256,393.78662,407.15332,393.0542,401.66016,413.8672,402.51465,408.8623,404.89502,411.48682,394.88525,409.8999,410.02197,406.17676,404.83398,419.7876,406.2378,402.51465,410.5713,412.1582,408.06885,405.62744,414.5996,405.93262,402.81982,399.76807,412.21924,404.7119,406.48193,412.76855,397.937,405.81055,410.44922,408.74023,395.73975,407.70264,399.1577,410.02197,414.35547,397.08252,420.3369,393.66455,407.76367,413.80615,398.9746,410.02197,403.3081,388.1714,417.5293,415.57617,414.35547,389.14795,400.0122,418.32275,411.1206,407.39746,414.35547,401.17188,413.31787,405.62744,407.51953,414.96582,391.52832,410.20508,408.06885,404.89502,408.55713,398.30322,404.77295,406.66504,407.21436,399.09668,412.76855,409.65576,394.51904,406.84814,407.33643,405.5664,407.51953
