164.06006,167.6001,170.83496,168.08838,165.95215,163.99902,170.0415,167.90527,160.94727,162.41211,164.24316,162.47314,162.10693,163.69385,162.71729,162.90039,168.39355,166.5625,163.4497,161.31348,162.96143,170.40771,171.81152,163.81592,162.229,164.24316,168.6377,163.87695,166.7456,166.62354,169.6753,163.14453,164.06006,159.84863,165.28076,168.45459,169.30908,161.92383,171.14014,164.4873,162.41211,169.0039,161.8628,169.73633,161.61865,166.62354,162.10693,160.27588,165.64697,167.47803,164.91455,171.44531,163.38867,164.06006,166.80664,167.29492,161.1914,168.45459,163.63281,171.14014,162.10693,164.54834,170.46875,163.63281,169.06494,161.31348,165.89111,163.4497,164.85352,166.19629,163.14453,163.14453,168.75977,160.33691,163.75488,160.03174,169.24805,163.14453,165.15869,169.73633
165.76904,162.35107,170.40771,161.98486,160.70312,161.43555,169.55322,165.64697,161.1914,166.7456,164.60938,163.4497,162.47314,161.55762,161.13037,161.1914,171.9336,166.86768,168.21045,169.61426,164.06006,168.45459,166.31836,162.65625,165.76904,166.86768,159.17725,167.11182,164.4873,163.14453,167.90527,161.13037,162.10693,167.05078,160.88623,169.0039,159.9707,161.8628,166.01318,160.21484,169.12598,161.8628,163.0835,160.21484,166.31836,164.79248,163.20557,167.17285,163.51074,168.27148,166.44043,161.55762,162.29004,166.3794,165.76904,162.47314,160.88623,160.8252,162.96143,160.88623,170.40771,167.96631,162.77832,167.29492,169.24805,162.83936,163.81592,165.40283,169.8584,164.42627,163.32764,159.90967,163.69385,159.66553,162.53418,163.02246,168.39355,166.86768,163.51074,167.05078
167.53906,165.28076,160.39795,164.67041,161.06934,168.21045,163.0835,166.98975,163.2666,168.8208,167.47803,159.90967,160.52002,167.90527,165.28076,159.66553,164.4873,163.0835,163.87695,160.27588,159.7876,161.98486,160.39795,158.20068,162.41211,165.58594,168.02734,160.39795,160.70312,162.41211,158.81104,168.6377,164.4873,160.76416,170.0415,163.57178,164.1211,163.99902,161.31348,170.34668,162.41211,167.05078,170.65186,170.28564,159.36035,167.17285,167.47803,163.75488,164.4873,169.6753,166.13525,165.3418,164.97559,165.21973,170.0415,163.2666,160.70312,164.54834,169.91943,158.26172,160.33691,162.29004,162.59521,164.79248,169.49219,161.31348,163.14453,166.19629,167.96631,172.17773,168.8208,164.18213,162.96143,161.98486,162.65625,166.62354,169.49219,171.32324,168.14941,161.55762
168.94287,168.33252,159.66553,162.53418,160.27588,160.45898,166.31836,159.23828,160.03174,160.03174,159.48242,167.90527,163.20557,158.99414,161.43555,160.64209,160.03174,161.25244,159.7876,163.14453,162.47314,161.43555,158.81104,158.81104,162.53418,170.65186,161.43555,166.44043,158.99414,167.17285,163.93799,160.76416,162.53418,170.71289,158.5669,163.93799,164.3042,161.0083,166.44043,163.81592,162.35107,162.0459,163.81592,167.05078,164.79248,161.98486,158.26172,158.99414,165.28076,169.8584,170.77393,169.98047,172.60498,161.43555,160.70312,166.25732,162.229,164.97559,158.75,158.50586,159.66553,169.8584,159.36035,163.69385,159.7876,159.66553,159.05518,161.06934,164.42627,161.31348,168.21045,167.41699,162.29004,157.95654,160.76416,159.36035,167.6001,168.02734,160.88623,157.22412
158.50586,160.58105,159.11621,161.80176,158.81104,159.90967,162.29004,157.5293,158.75,157.28516,160.94727,160.94727,157.22412,158.44482,165.89111,157.46826,158.07861,159.05518,161.92383,165.83008,157.04102,158.62793,158.87207,158.38379,159.17725,162.10693,157.28516,158.44482,156.79688,161.13037,158.75,160.52002,164.18213,160.45898,156.97998,164.97559,162.10693,158.20068,154.96582,160.45898,166.80664,157.7124,159.05518,162.90039,161.06934,167.66113,158.62793,156.91895,157.16309,159.90967,165.58594,157.10205,158.68896,162.53418,159.17725,158.38379,157.5293,159.05518,166.92871,164.97559,157.10205,167.05078,161.74072,167.05078,160.33691,159.11621,161.61865,164.24316,157.40723,156.06445,159.42139,157.04102,165.70801,158.20068,164.1211,157.10205,165.58594,162.47314,163.75488,158.13965
157.34619,165.09766,156.18652,156.79688,159.7876,158.68896,160.76416,165.95215,160.09277,164.24316,158.9331,155.88135,161.06934,158.13965,158.81104,163.0835,161.8628,158.81104,162.53418,163.75488,167.17285,168.39355,158.38379,156.24756,165.83008,158.01758,157.04102,156.12549,159.36035,165.95215,156.6748,156.97998,162.53418,157.5293,160.15381,157.46826,166.86768,156.79688,158.50586,156.73584,156.6748,154.72168,156.36963,155.94238,156.4917,154.84375,156.85791,163.93799,165.95215,161.31348,160.33691,159.66553,157.95654,157.89551,159.84863,166.92871,158.87207,156.6748,157.46826,159.48242,163.51074,159.17725,157.22412,156.85791,159.11621,155.08789,157.04102,156.00342,156.06445,157.22412,163.20557,164.06006,157.28516,154.84375,156.79688,154.17236,154.59961,155.20996,154.72168,158.07861
155.39307,159.23828,156.36963,156.73584,163.75488,159.36035,153.3789,161.80176,158.01758,152.64648,156.43066,157.77344,155.94238,155.57617,162.10693,158.13965,159.60449,157.10205,158.9331,159.29932,155.271,162.10693,158.50586,158.20068,158.32275,161.1914,166.62354,153.92822,162.10693,157.40723,166.01318,161.92383,157.04102,161.13037,157.04102,155.94238,158.9331,161.49658,157.7124,156.85791,154.96582,164.06006,154.11133,159.84863,155.51514,156.91895,154.2334,162.0459,165.28076,156.3086,161.37451,155.02686,153.31787,162.90039,162.16797,159.48242,159.66553,155.02686,157.40723,164.60938,161.55762,159.05518,157.28516,158.26172,156.61377,161.37451,165.89111,158.44482,156.00342,160.27588,159.54346,163.38867,157.95654,157.65137,156.00342,156.36963,157.5293,163.32764,154.72168,155.69824
155.75928,161.31348,155.69824,153.98926,160.8252,154.84375,154.53857,155.4541,157.28516,162.41211,159.17725,161.74072,154.2334,155.82031,155.94238,152.58545,154.47754,155.51514,152.46338,158.9331,157.83447,162.41211,163.87695,162.41211,160.94727,161.61865,156.6748,158.99414,155.02686,154.29443,154.96582,159.66553,156.55273,155.271,156.73584,156.55273,158.38379,156.79688,155.4541,158.5669,157.59033,161.74072,161.43555,160.27588,158.68896,157.22412,163.02246,159.17725,153.74512,160.88623,157.65137,153.86719,161.25244,158.68896,155.271,156.6748,155.33203,162.59521,161.67969,153.92822,155.88135,156.4917,156.73584,154.0503,162.35107,161.67969,154.53857,158.99414,162.65625,164.24316,162.0459,155.75928,161.1914,153.98926,155.82031,153.98926,153.80615,153.74512,156.24756,155.57617
152.76855,158.9331,154.2334,157.10205,156.61377,153.74512,157.34619,159.48242,154.0503,154.66064,154.66064,153.74512,154.11133,161.25244,155.82031,156.79688,162.71729,156.3086,162.0459,162.35107,157.65137,152.76855,153.1958,151.85303,151.9751,155.08789,154.78271,153.31787,160.21484,154.17236,160.8252,160.39795,154.78271,154.59961,154.4165,157.04102,151.79199,158.01758,157.34619,153.07373,153.74512,159.60449,153.74512,160.58105,155.20996,154.29443,153.74512,156.3086,159.84863,152.95166,157.40723,151.18164,154.59961,152.70752,154.0503,154.53857,160.94727,152.58545,153.3789,158.5669,153.1958,159.84863,158.07861,152.70752,154.78271,161.61865,159.48242,152.58545,152.64648,160.45898,155.57617,162.16797,160.8252,152.09717,152.1582,162.90039,152.89062,158.9331,152.52441,159.36035
152.1582,161.43555,156.06445,160.52002,160.15381,153.0127,151.79199,151.91406,161.31348,151.54785,152.64648,153.74512,162.35107,152.52441,163.02246,161.13037,160.58105,152.95166,156.91895,160.27588,162.41211,158.44482,159.48242,162.229,154.47754,157.04102,153.56201,154.35547,158.07861,158.07861,153.31787,156.55273,153.43994,156.12549,156.61377,152.64648,154.84375,163.32764,155.14893,155.08789,161.49658,155.14893,154.84375,153.98926,153.07373,160.64209,153.25684,155.6372,159.7876,160.8252,161.25244,152.03613,153.98926,150.69336,158.07861,158.87207,161.13037,156.06445,152.95166,157.04102,155.20996,152.09717,153.56201,162.83936,157.40723,161.80176,150.14404,152.64648,160.64209,153.31787,161.25244,153.74512,161.49658,157.77344,161.74072,154.59961,152.58545,161.43555,155.4541,153.68408
160.58105,158.38379,154.29443,161.8628,151.60889,155.08789,161.80176,159.23828,154.96582,152.95166,156.06445,154.72168,157.22412,154.72168,158.99414,157.40723,154.0503,153.43994,156.00342,159.66553,155.82031,153.0127,154.4165,151.79199,154.35547,160.70312,158.9331,154.0503,151.24268,159.9707,154.53857,156.3086,159.9707,156.3086,152.21924,154.11133,156.73584,152.1582,162.0459,153.13477,162.35107,159.29932,155.94238,151.79199,151.60889,158.68896,155.88135,151.24268,151.54785,153.3789,152.34131,153.80615,161.92383,161.61865,159.84863,163.69385,154.53857,160.45898,151.79199,158.44482,163.57178,160.64209,152.34131,155.4541,153.13477,150.38818,158.38379,154.29443,159.7876,155.82031,156.91895,153.98926,153.50098,154.90479,163.14453,153.50098,151.91406,156.3086,159.54346,153.43994
162.29004,151.79199,153.74512,153.62305,152.03613,153.92822,160.94727,153.25684,152.70752,152.58545,154.29443,161.55762,152.34131,153.50098,154.2334,162.0459,161.98486,152.58545,158.62793,159.60449,151.48682,157.65137,160.58105,154.29443,154.4165,161.67969,155.14893,152.03613,160.94727,159.66553,153.68408,153.80615,161.43555,151.79199,152.21924,160.39795,157.95654,153.07373,150.14404,154.90479,153.62305,161.25244,156.18652,161.98486,154.35547,159.11621,155.94238,159.90967,152.52441,155.88135,156.73584,155.08789,154.66064,160.70312,156.97998,153.25684,152.34131,153.50098,155.6372,157.95654,154.4165,160.21484,155.33203,152.28027,157.59033,159.36035,161.25244,153.50098,157.28516,161.13037,160.8252,160.94727,161.43555,151.18164,158.13965,151.91406,153.68408,156.24756,158.32275,155.51514
156.4917,150.81543,154.17236,160.45898,152.40234,155.57617,154.96582,157.59033,155.4541,152.58545,152.82959,159.42139,156.24756,160.94727,152.40234,150.99854,159.9707,160.21484,156.12549,156.73584,154.66064,149.96094,155.94238,155.88135,157.16309,151.42578,160.09277,151.05957,152.03613,156.61377,157.28516,156.97998,161.0083,157.34619,151.36475,152.21924,150.9375,151.48682,160.39795,149.41162,157.10205,152.21924,157.46826,155.08789,154.4165,151.24268,151.18164,158.81104,157.22412,154.0503,151.73096,148.92334,156.55273,150.32715,154.17236,148.92334,153.07373,152.03613,155.02686,157.22412,152.70752,159.9707,157.22412,160.03174,155.20996,152.82959,151.79199,151.60889,160.88623,155.271,155.51514,154.0503,153.50098,156.00342,155.51514,155.82031,160.70312,153.56201,162.96143,153.43994
158.07861,150.81543,157.7124,158.9331,152.34131,152.21924,155.51514,154.96582,162.29004,161.67969,163.32764,162.59521,162.53418,154.4165,159.72656,157.16309,156.36963,156.97998,158.75,150.99854,151.36475,151.54785,151.54785,153.13477,159.72656,156.4917,156.3086,159.66553,152.09717,152.03613,149.7168,156.4917,151.30371,151.91406,155.271,162.59521,153.68408,151.30371,161.55762,156.18652,152.82959,160.58105,157.28516,158.01758,152.64648,155.39307,161.31348,156.97998,153.56201,152.82959,157.22412,154.84375,157.95654,153.50098,154.59961,158.81104,163.0835,162.29004,155.39307,152.89062,152.58545,158.81104,157.83447,157.22412,149.8999,156.97998,157.5293,158.32275,154.35547,152.70752,153.07373,151.85303,155.14893,150.44922,158.62793,156.06445,154.17236,155.08789,158.07861,157.22412
151.05957,150.32715,157.40723,158.32275,154.47754,159.48242,151.36475,152.40234,147.51953,155.75928,148.12988,155.14893,161.0083,147.39746,157.10205,148.98438,151.30371,155.82031,148.31299,151.42578,150.81543,149.35059,149.8999,156.6748,157.95654,154.59961,152.70752,154.90479,158.38379,150.44922,158.9331,160.94727,160.27588,161.43555,149.16748,150.9375,153.1958,155.39307,156.00342,153.62305,151.60889,157.46826,151.36475,156.61377,160.27588,153.98926,159.11621,150.99854,150.57129,156.85791,151.42578,153.62305,153.62305,159.60449,156.73584,149.04541,157.5293,148.98438,157.89551,150.14404,151.1206,150.38818,152.40234,159.48242,151.85303,152.89062,153.80615,155.82031,153.0127,149.65576,155.94238,150.32715,151.05957,157.46826,149.83887,155.75928,154.96582,149.41162,158.07861,150.08301
150.7544,152.28027,150.63232,160.21484,152.03613,150.69336,152.40234,157.65137,156.6748,153.98926,153.68408,154.53857,151.18164,160.70312,150.63232,150.02197,151.79199,157.83447,160.52002,159.42139,153.07373,149.7168,152.21924,151.91406,159.66553,158.50586,150.20508,155.02686,153.1958,156.91895,155.69824,151.9751,156.12549,152.95166,152.21924,149.22852,153.86719,149.59473,153.3789,160.33691,150.02197,156.43066,151.85303,158.99414,157.65137,153.74512,154.11133,154.66064,151.60889,149.77783,150.38818,150.7544,152.03613,157.59033,151.91406,150.26611,150.51025,154.78271,150.7544,152.64648,151.91406,159.72656,159.42139,153.25684,153.62305,150.99854,150.20508,151.73096,151.85303,155.82031,149.8999,150.32715,157.34619,152.64648,156.79688,153.13477,159.42139,152.09717,148.12988,153.62305
154.17236,158.20068,150.69336,160.33691,158.81104,157.10205,153.3789,149.53369,159.11621,149.59473,152.40234,156.55273,149.47266,155.14893,147.51953,159.29932,155.02686,151.66992,150.87646,149.77783,152.34131,151.91406,152.21924,153.25684,157.40723,153.3789,150.08301,150.02197,151.91406,156.73584,155.33203,155.08789,160.27588,151.66992,150.44922,151.85303,156.00342,156.4917,159.7876,156.24756,149.28955,149.16748,151.48682,158.13965,156.36963,156.55273,150.38818,150.08301,149.10645,158.20068,157.04102,157.22412,153.80615,153.31787,152.28027,153.74512,153.25684,156.55273,157.89551,152.40234,152.28027,152.58545,151.36475,155.75928,162.16797,153.3789,151.1206,160.58105,150.20508,156.3086,158.32275,149.83887,151.48682,150.14404,160.64209,152.09717,157.89551,152.40234,150.32715,151.05957
158.07861,158.20068,155.271,151.85303,152.76855,150.63232,148.92334,148.92334,157.34619,158.13965,154.29443,147.58057,154.53857,148.74023,155.57617,152.58545,149.10645,151.48682,157.95654,152.1582,149.65576,158.32275,149.65576,148.8623,149.96094,159.17725,150.38818,152.89062,153.25684,146.72607,149.7168,150.08301,151.66992,154.90479,149.83887,152.28027,148.12988,158.68896,152.1582,150.57129,150.38818,149.04541,157.16309,148.80127,154.96582,149.16748,154.17236,151.48682,159.11621,157.5293,151.42578,151.60889,154.29443,151.24268,158.44482,153.1958,153.25684,155.57617,154.84375,156.61377,154.2334,150.63232,152.34131,155.69824,151.05957,150.32715,151.73096,156.06445,147.39746,150.38818,150.14404,148.12988,149.04541,151.91406,152.70752,155.20996,151.54785,150.44922,154.84375,154.96582
152.34131,152.46338,154.4165,150.7544,151.18164,156.85791,151.42578,149.77783,158.62793,160.52002,156.55273,152.28027,154.11133,154.35547,153.80615,151.36475,148.98438,158.62793,160.15381,159.36035,155.20996,149.28955,149.77783,150.20508,158.44482,150.08301,151.85303,151.18164,149.47266,149.83887,149.96094,149.65576,159.48242,151.1206,158.38379,153.07373,152.70752,152.34131,156.18652,149.59473,149.65576,147.27539,158.32275,148.19092,154.72168,148.19092,156.73584,148.31299,155.14893,159.17725,147.33643,150.20508,151.42578,149.96094,148.00781,159.72656,151.9751,160.64209,154.78271,158.44482,157.28516,149.10645,147.58057,156.91895,153.98926,154.4165,157.83447,151.85303,158.62793,149.77783,158.07861,149.7168,150.26611,158.01758,152.64648,157.16309,158.44482,151.30371,150.57129,150.08301
147.51953,158.26172,152.09717,150.20508,153.1958,160.03174,154.84375,157.65137,153.43994,154.2334,158.68896,157.04102,150.87646,150.87646,159.11621,157.65137,159.05518,151.79199,151.42578,153.86719,154.29443,160.27588,162.16797,162.16797,153.3789,159.29932,150.7544,153.80615,159.54346,159.66553,155.08789,148.31299,151.85303,154.84375,154.72168,150.38818,152.82959,150.99854,150.14404,153.98926,152.70752,157.46826,159.48242,157.16309,151.05957,152.1582,151.54785,161.8628,149.96094,149.96094,149.22852,150.44922,155.69824,153.31787,156.18652,159.72656,154.59961,151.73096,151.42578,158.26172,151.73096,149.65576,156.43066,161.67969,153.68408,151.42578,150.9375,154.53857,154.66064,155.39307,160.21484,160.09277,157.89551,152.1582,151.60889,155.75928,155.20996,157.04102,155.75928,150.38818
155.33203,159.84863,155.51514,151.18164,158.9331,155.20996,151.36475,154.72168,160.88623,150.32715,150.02197,151.9751,152.46338,159.48242,158.50586,150.08301,151.36475,151.85303,150.81543,154.96582,147.8247,154.66064,152.40234,151.85303,155.88135,149.65576,151.54785,149.47266,152.52441,159.9707,150.57129,150.02197,152.58545,153.50098,161.43555,159.23828,160.76416,159.84863,152.09717,157.65137,158.26172,160.58105,150.63232,157.77344,149.41162,152.28027,152.1582,153.98926,157.5293,155.4541,150.26611,154.78271,151.73096,152.09717,150.9375,150.7544,152.89062,149.8999,150.99854,153.80615,153.13477,150.87646,159.54346,149.22852,153.31787,157.5293,150.7544,150.57129,151.66992,149.47266,149.8999,150.7544,155.69824,156.00342,150.69336,152.76855,153.3789,156.36963,152.46338,150.63232
152.03613,156.12549,154.78271,152.09717,150.08301,149.35059,152.46338,151.36475,150.08301,150.57129,153.0127,154.17236,159.23828,151.1206,150.08301,150.99854,153.31787,154.66064,158.01758,151.42578,155.20996,148.25195,151.73096,151.36475,150.51025,150.63232,151.18164,150.69336,150.08301,149.16748,151.24268,150.9375,149.22852,154.17236,157.40723,161.37451,153.74512,152.03613,155.6372,156.85791,151.42578,153.92822,151.79199,155.4541,160.27588,151.42578,151.1206,151.48682,150.38818,153.68408,151.36475,158.38379,148.98438,157.95654,150.9375,157.46826,153.1958,149.22852,153.86719,150.08301,153.43994,161.06934,149.96094,150.69336,158.87207,152.40234,148.12988,150.44922,150.14404,159.36035,149.04541,148.55713,152.21924,158.81104,152.28027,150.08301,152.82959,149.77783,150.02197,152.09717
148.43506,149.41162,159.42139,151.66992,158.68896,155.20996,152.52441,154.96582,156.00342,148.43506,155.02686,153.1958,159.66553,158.26172,151.66992,159.90967,149.96094,158.20068,150.9375,156.00342,157.40723,159.42139,159.17725,150.14404,150.20508,156.24756,151.66992,151.24268,153.80615,161.67969,149.8999,150.32715,152.03613,154.53857,152.52441,158.38379,154.29443,149.35059,151.30371,156.24756,149.77783,158.50586,154.90479,154.96582,150.7544,159.48242,150.7544,149.35059,159.17725,161.06934,151.54785,148.00781,154.84375,155.51514,154.47754,150.63232,156.3086,152.82959,149.28955,154.53857,156.36963,160.21484,149.77783,149.35059,155.08789,150.99854,149.65576,147.88574,158.38379,149.53369,154.0503,150.38818,159.54346,157.40723,155.271,152.21924,153.3789,154.59961,153.56201,148.55713
152.03613,149.04541,155.271,156.91895,149.83887,152.21924,157.89551,149.10645,150.08301,150.9375,150.9375,147.6416,153.13477,151.05957,157.65137,158.62793,156.24756,154.66064,155.33203,156.85791,150.57129,149.04541,149.53369,149.7168,149.77783,156.4917,156.18652,155.6372,155.75928,148.37402,150.32715,150.9375,147.70264,147.51953,154.59961,146.604,154.17236,157.28516,149.77783,151.54785,154.47754,148.92334,156.85791,155.69824,158.07861,149.59473,154.0503,158.44482,151.36475,150.08301,154.72168,146.4209,149.83887,154.72168,151.24268,150.20508,154.96582,148.61816,156.3086,150.7544,158.32275,152.09717,149.16748,157.83447,152.64648,157.34619,160.33691,159.60449,148.43506,154.11133,156.36963,153.43994,157.95654,157.04102,154.4165,157.89551,158.75,153.86719,152.1582,150.9375
156.55273,158.5669,152.28027,147.94678,152.1582,150.32715,156.18652,153.43994,151.42578,148.80127,147.21436,147.15332,155.20996,149.53369,150.38818,149.59473,157.65137,149.10645,154.17236,155.14893,150.38818,157.34619,150.20508,150.02197,150.38818,155.39307,153.31787,149.8999,148.31299,149.77783,149.47266,149.28955,152.28027,154.90479,154.11133,148.92334,149.53369,150.38818,150.08301,155.88135,152.09717,149.53369,150.51025,147.27539,150.9375,157.04102,148.98438,149.7168,151.1206,147.58057,148.06885,147.70264,149.35059,151.36475,158.13965,157.7124,157.77344,155.02686,149.10645,148.74023,159.11621,150.57129,152.58545,159.66553,152.52441,149.65576,150.20508,148.98438,149.22852,152.03613,149.35059,156.36963,160.76416,153.50098,155.14893,150.81543,154.47754,150.7544,157.46826,150.99854
154.53857,153.43994,152.21924,154.72168,152.40234,149.35059,152.34131,150.38818,159.36035,149.8999,148.12988,150.81543,148.55713,152.03613,149.77783,148.25195,150.08301,149.77783,154.96582,160.09277,159.29932,157.16309,148.80127,150.57129,157.22412,150.9375,157.40723,159.05518,154.72168,158.44482,156.06445,158.38379,153.74512,149.10645,150.57129,152.89062,158.99414,154.11133,150.44922,151.36475,152.28027,150.26611,148.74023,149.41162,150.51025,156.43066,149.96094,149.47266,149.8999,148.19092,150.20508,156.18652,147.21436,151.79199,158.99414,148.74023,155.75928,149.47266,150.7544,153.0127,159.72656,150.57129,161.43555,159.17725,160.45898,154.11133,151.54785,151.18164,152.76855,157.34619,152.64648,152.70752,149.04541,146.54297,147.70264,148.06885,154.2334,146.35986,152.95166,147.58057
157.59033,151.05957,151.18164,149.04541,149.16748,149.10645,159.7876,152.34131,153.86719,146.97021,154.0503,151.66992,156.4917,158.5669,147.03125,149.28955,157.59033,156.18652,153.56201,155.6372,157.40723,156.73584,158.44482,159.17725,157.59033,153.50098,147.76367,155.57617,152.09717,150.69336,147.4585,150.32715,160.27588,152.03613,150.69336,152.09717,150.26611,157.7124,151.24268,146.72607,146.2378,147.58057,151.05957,153.50098,150.81543,155.14893,148.55713,148.19092,149.35059,152.52441,156.97998,149.22852,149.35059,147.94678,148.43506,156.12549,150.81543,152.82959,154.72168,156.24756,156.12549,150.38818,149.59473,148.98438,148.98438,145.5664,149.83887,148.55713,153.86719,155.82031,156.4917,158.75,148.6792,147.33643,157.59033,148.06885,150.26611,149.8999,149.41162,156.91895
157.59033,148.31299,148.06885,151.05957,149.22852,147.03125,146.66504,149.77783,157.89551,149.16748,147.70264,149.16748,155.57617,156.73584,147.09229,151.9751,154.47754,152.1582,156.4917,153.62305,147.51953,147.09229,150.20508,152.28027,147.6416,148.06885,154.59961,157.5293,146.97021,153.62305,144.95605,148.12988,146.66504,158.50586,145.87158,147.51953,147.51953,150.63232,152.28027,149.10645,152.1582,149.65576,147.03125,155.14893,150.81543,148.61816,149.10645,156.12549,155.02686,152.34131,155.271,157.40723,156.18652,147.39746,153.86719,147.58057,150.69336,149.83887,157.22412,151.54785,147.33643,157.16309,156.85791,153.86719,147.94678,149.59473,150.87646,151.9751,155.08789,150.14404,147.27539,150.02197,149.28955,152.40234,150.02197,150.08301,157.10205,152.58545,150.9375,148.80127
158.68896,146.97021,152.28027,149.59473,148.55713,152.46338,150.02197,159.11621,150.08301,146.604,156.43066,147.4585,154.59961,157.46826,147.70264,146.54297,157.95654,153.74512,150.87646,154.72168,149.35059,156.24756,146.11572,147.03125,156.73584,153.62305,148.92334,148.19092,148.61816,148.43506,148.31299,154.90479,151.30371,149.28955,154.11133,157.40723,150.7544,151.60889,153.98926,147.27539,149.77783,155.20996,157.59033,151.85303,156.06445,159.60449,157.04102,148.92334,149.65576,151.85303,150.38818,149.47266,149.59473,156.97998,149.10645,155.02686,157.77344,156.00342,156.12549,147.94678,152.76855,153.68408,154.35547,150.08301,147.33643,144.46777,154.72168,154.17236,157.77344,155.14893,149.8999,153.74512,156.36963,149.7168,154.96582,150.38818,158.13965,149.41162,148.43506,157.83447
149.8999,148.6792,145.68848,156.00342,155.14893,154.17236,150.32715,146.35986,152.03613,156.36963,152.03613,152.70752,147.09229,156.85791,152.34131,147.51953,148.61816,153.56201,152.34131,148.00781,157.28516,152.70752,156.43066,147.03125,149.22852,149.10645,147.6416,151.18164,149.41162,151.24268,155.69824,158.87207,158.26172,155.14893,147.76367,150.57129,155.4541,154.72168,152.03613,156.97998,159.42139,156.61377,156.6748,155.6372,148.06885,156.61377,157.46826,149.41162,146.66504,149.96094,148.80127,151.30371,153.50098,153.56201,156.4917,155.20996,153.1958,147.51953,156.6748,153.86719,161.06934,151.66992,150.7544,161.55762,153.0127,155.75928,159.05518,151.24268,156.00342,152.34131,157.40723,149.8999,148.6792,151.54785,149.83887,156.18652,152.28027,151.79199,152.09717,158.68896
150.20508,153.31787,156.91895,147.88574,147.33643,152.21924,153.50098,152.89062,149.35059,148.19092,147.4585,146.4209,149.7168,154.0503,153.43994,151.1206,148.92334,152.28027,150.81543,148.12988,155.88135,154.59961,145.93262,150.51025,147.27539,149.77783,151.9751,149.35059,149.77783,149.35059,155.82031,154.0503,151.36475,149.8999,149.59473,149.28955,151.73096,153.98926,147.51953,150.99854,147.27539,148.19092,155.57617,150.20508,149.96094,151.60889,149.65576,149.47266,150.7544,147.58057,148.61816,157.28516,157.16309,151.42578,155.69824,147.51953,150.26611,154.96582,149.35059,150.14404,149.53369,146.90918,146.29883,146.72607,156.24756,151.54785,154.17236,148.74023,146.4209,146.66504,149.47266,151.48682,151.18164,146.11572,153.50098,147.03125,155.88135,148.80127,148.12988,154.35547
155.20996,146.84814,149.96094,152.64648,146.604,155.57617,146.54297,156.85791,157.7124,151.24268,151.66992,148.25195,157.59033,157.04102,153.62305,154.90479,149.59473,148.6792,153.07373,150.20508,150.32715,147.39746,156.79688,155.33203,150.44922,146.54297,150.9375,146.48193,155.33203,157.40723,156.36963,146.4209,158.26172,149.16748,147.33643,156.36963,156.91895,146.90918,148.31299,153.68408,148.92334,152.34131,148.98438,149.47266,149.10645,147.27539,153.31787,147.03125,152.28027,148.6792,152.64648,156.06445,158.07861,148.00781,146.72607,149.10645,153.50098,146.54297,146.11572,145.62744,155.4541,152.1582,146.97021,146.72607,155.51514,150.20508,155.88135,146.54297,144.46777,153.25684,146.48193,153.62305,153.80615,146.97021,150.81543,153.43994,154.4165,153.68408,149.35059,152.28027
157.65137,148.61816,147.88574,159.23828,151.54785,148.55713,146.29883,147.15332,155.94238,146.78711,152.40234,154.0503,147.15332,158.07861,148.19092,148.19092,150.69336,157.16309,146.97021,146.78711,154.59961,148.25195,151.30371,151.79199,152.89062,149.96094,154.11133,152.34131,148.06885,156.61377,151.79199,149.47266,146.4209,154.53857,149.96094,150.20508,154.2334,148.00781,148.80127,150.14404,146.78711,152.70752,156.3086,146.05469,152.82959,151.05957,146.78711,147.21436,148.8623,145.62744,146.54297,153.43994,148.43506,150.14404,154.78271,146.78711,144.71191,147.39746,153.74512,147.27539,153.1958,145.5664,152.82959,153.98926,147.70264,149.7168,149.47266,155.20996,147.21436,148.25195,158.13965,155.88135,150.38818,147.27539,148.37402,146.48193,152.95166,154.84375,153.62305,156.73584
154.66064,153.50098,147.33643,148.6792,147.76367,146.4209,147.70264,153.62305,150.9375,151.05957,152.82959,147.6416,154.11133,156.97998,156.4917,153.07373,148.98438,150.9375,149.7168,151.85303,149.59473,148.80127,147.88574,146.72607,150.69336,155.33203,151.66992,147.94678,147.94678,145.07812,154.0503,154.17236,146.72607,146.66504,149.8999,155.69824,146.90918,150.26611,153.56201,156.6748,151.60889,147.76367,154.11133,149.83887,148.80127,152.40234,147.33643,150.81543,154.53857,147.33643,148.74023,147.76367,157.34619,147.15332,156.12549,159.48242,149.53369,154.0503,151.24268,147.4585,155.08789,147.27539,150.14404,156.85791,144.40674,151.79199,157.59033,152.28027,150.02197,157.34619,152.82959,155.14893,155.14893,149.35059,156.73584,157.7124,149.10645,155.20996,147.58057,147.27539
154.47754,146.78711,153.3789,156.43066,150.9375,147.51953,148.80127,151.60889,146.66504,149.28955,157.83447,156.79688,153.98926,151.18164,146.97021,146.72607,156.91895,149.7168,152.89062,159.60449,157.34619,150.57129,158.9331,148.61816,147.76367,158.01758,150.51025,155.6372,156.36963,157.7124,149.65576,157.89551,148.61816,152.82959,147.4585,145.99365,150.02197,153.1958,154.53857,157.34619,151.73096,148.43506,150.69336,147.09229,154.2334,153.3789,153.56201,147.39746,152.70752,155.6372,150.7544,155.20996,155.08789,150.81543,147.76367,155.94238,155.39307,149.16748,149.22852,154.47754,154.53857,153.74512,156.43066,154.59961,152.28027,157.34619,157.83447,157.40723,152.70752,148.12988,153.43994,153.3789,157.28516,153.50098,147.8247,148.8623,151.05957,149.47266,151.1206,157.59033
158.38379,152.1582,155.08789,155.51514,153.92822,151.85303,154.78271,154.96582,150.20508,155.02686,154.2334,150.44922,151.85303,158.32275,159.48242,154.11133,154.96582,154.84375,150.08301,149.10645,149.96094,152.46338,156.3086,158.75,154.35547,148.55713,149.59473,153.25684,154.35547,152.1582,150.99854,152.64648,155.08789,150.99854,149.96094,157.40723,153.43994,149.77783,151.9751,150.44922,151.48682,151.42578,156.85791,155.6372,150.38818,150.14404,151.66992,148.6792,154.90479,152.03613,150.51025,150.02197,147.15332,151.24268,150.26611,149.59473,149.16748,150.38818,159.72656,154.66064,150.9375,151.1206,151.85303,146.604,158.20068,158.62793,154.35547,149.10645,157.89551,151.9751,148.55713,148.43506,148.98438,152.09717,155.39307,154.47754,151.66992,151.54785,151.54785,157.5293
151.30371,152.64648,150.9375,157.40723,151.1206,148.6792,158.87207,148.92334,148.80127,152.28027,149.53369,152.95166,147.51953,154.90479,158.38379,155.33203,153.56201,149.10645,150.20508,158.75,148.98438,151.36475,158.62793,152.70752,149.8999,158.50586,150.38818,154.29443,153.50098,154.84375,149.65576,151.18164,155.4541,149.96094,150.44922,150.69336,150.26611,156.18652,154.0503,153.1958,152.46338,154.53857,156.12549,153.74512,159.60449,154.90479,149.10645,152.1582,151.1206,149.28955,148.19092,149.04541,147.58057,150.20508,150.02197,148.74023,148.25195,149.35059,151.66992,147.58057,151.30371,151.1206,151.54785,150.14404,158.81104,151.73096,152.28027,150.99854,152.52441,159.05518,149.96094,154.78271,150.51025,151.36475,151.05957,157.16309,151.18164,160.58105,150.69336,156.12549
151.42578,156.43066,151.54785,153.3789,152.40234,159.17725,152.21924,157.5293,152.1582,157.16309,150.9375,155.20996,152.40234,154.66064,154.59961,148.61816,150.14404,150.44922,152.03613,153.43994,156.06445,159.05518,152.09717,155.88135,159.7876,152.89062,151.1206,155.20996,149.22852,157.22412,150.9375,150.7544,152.52441,149.16748,150.81543,151.66992,159.72656,159.48242,151.05957,151.42578,150.69336,151.48682,149.35059,150.69336,151.1206,157.22412,152.1582,150.87646,150.26611,160.52002,155.271,150.57129,159.48242,154.4165,152.28027,151.1206,159.05518,161.49658,155.14893,152.46338,163.14453,150.87646,157.46826,154.78271,150.32715,152.46338,154.2334,150.26611,155.51514,148.80127,152.70752,149.22852,156.06445,153.50098,157.7124,156.06445,160.45898,149.04541,150.02197,151.24268
149.65576,151.9751,158.75,150.44922,150.81543,158.20068,152.28027,148.12988,151.1206,149.7168,151.48682,157.40723,153.43994,153.92822,153.98926,158.81104,152.89062,153.98926,159.72656,153.68408,159.9707,149.22852,149.59473,156.91895,152.64648,149.7168,156.12549,156.97998,153.62305,150.9375,149.65576,152.95166,157.77344,150.02197,159.9707,159.66553,150.20508,151.1206,156.24756,156.4917,153.31787,149.59473,152.09717,149.77783,151.9751,156.6748,158.13965,152.70752,160.15381,153.92822,151.9751,151.05957,156.61377,149.59473,158.38379,151.1206,151.79199,150.02197,150.20508,161.49658,153.3789,152.1582,160.09277,153.56201,156.97998,162.41211,154.66064,161.55762,160.70312,164.42627,154.35547,153.74512,158.13965,158.50586,158.5669,154.53857,154.35547,156.24756,159.90967,158.44482
150.14404,156.3086,159.23828,153.92822,162.59521,162.0459,154.35547,152.76855,150.7544,160.33691,160.8252,160.8252,162.41211,157.59033,153.50098,160.8252,150.02197,152.95166,161.37451,160.8252,150.02197,153.0127,157.5293,153.56201,152.95166,160.58105,156.12549,160.33691,150.38818,150.9375,150.87646,150.44922,158.32275,154.66064,155.14893,154.4165,152.58545,158.9331,154.11133,153.56201,162.96143,157.34619,155.271,158.13965,162.59521,154.90479,160.76416,155.82031,150.99854,160.64209,151.48682,154.4165,162.47314,151.18164,155.271,161.13037,156.61377,151.60889,155.6372,151.73096,149.96094,161.74072,152.89062,151.1206,152.21924,152.64648,156.97998,158.62793,161.80176,157.40723,154.59961,163.87695,156.06445,163.38867,153.80615,154.29443,162.77832,158.13965,150.26611,151.18164
160.21484,152.1582,151.79199,152.28027,149.96094,151.24268,158.81104,156.4917,156.73584,150.99854,160.21484,156.24756,155.51514,161.55762,161.43555,153.0127,151.60889,151.85303,151.42578,159.84863,156.43066,156.24756,153.50098,151.79199,152.64648,150.99854,154.66064,155.51514,151.91406,153.13477,159.42139,156.4917,161.37451,153.25684,150.81543,153.86719,152.46338,157.95654,159.84863,162.83936,153.50098,162.53418,159.7876,154.84375,155.82031,153.50098,153.31787,155.6372,158.32275,153.92822,163.20557,153.3789,154.59961,157.5293,160.21484,155.75928,155.20996,156.61377,153.98926,153.62305,152.09717,163.57178,157.5293,154.47754,163.2666,156.06445,158.68896,161.74072,151.36475,157.40723,150.20508,157.10205,150.81543,150.99854,152.21924,155.14893,162.65625,161.43555,154.2334,154.53857
156.61377,158.87207,160.52002,152.76855,158.01758,153.62305,161.74072,153.25684,152.76855,154.59961,161.92383,153.1958,153.80615,153.3789,154.0503,161.98486,158.87207,161.31348,155.02686,154.53857,153.3789,152.58545,158.68896,151.85303,155.271,152.1582,151.85303,154.47754,157.28516,152.21924,155.39307,161.0083,154.47754,152.09717,153.0127,155.82031,153.50098,158.68896,160.27588,155.82031,155.33203,151.73096,152.09717,153.56201,154.78271,154.11133,152.09717,158.26172,162.65625,156.97998,151.85303,152.52441,160.21484,153.80615,157.04102,161.8628,158.81104,163.57178,156.18652,154.35547,161.74072,157.28516,153.92822,156.97998,154.47754,152.70752,157.7124,153.92822,154.90479,162.59521,161.92383,160.52002,163.4497,161.37451,156.24756,159.11621,154.90479,153.56201,159.17725,154.47754
156.79688,163.57178,153.80615,158.50586,162.77832,153.13477,157.77344,152.76855,153.3789,160.8252,164.18213,153.43994,156.12549,154.0503,151.91406,153.92822,158.75,158.26172,159.66553,154.90479,153.31787,161.55762,152.70752,159.48242,153.1958,159.90967,163.69385,158.68896,158.87207,154.59961,161.92383,159.29932,164.67041,162.16797,159.17725,154.90479,154.59961,156.43066,162.10693,154.17236,154.11133,152.52441,155.57617,154.84375,154.90479,162.83936,152.1582,161.06934,159.11621,161.67969,155.88135,154.11133,159.90967,158.38379,157.46826,153.31787,153.86719,154.47754,156.73584,164.73145,160.39795,156.4917,158.44482,163.02246,153.62305,161.1914,153.25684,153.86719,152.76855,162.47314,158.38379,153.86719,155.14893,155.4541,161.61865,155.39307,156.12549,154.90479,156.61377,157.65137
162.96143,153.56201,153.98926,154.72168,153.62305,154.66064,159.36035,152.82959,155.57617,162.41211,152.70752,159.23828,155.08789,152.95166,162.65625,158.32275,164.06006,161.98486,156.85791,154.84375,156.4917,152.46338,160.52002,161.8628,153.31787,152.70752,162.229,156.36963,154.0503,153.68408,153.3789,153.92822,152.58545,156.06445,159.7876,156.24756,156.97998,162.16797,153.86719,154.4165,158.68896,156.12549,152.89062,162.229,163.93799,163.20557,153.80615,155.20996,154.53857,153.3789,153.07373,163.81592,163.63281,163.14453,153.13477,162.83936,156.18652,163.87695,158.87207,155.88135,164.67041,163.4497,154.66064,161.06934,163.87695,161.92383,155.4541,153.80615,154.53857,158.07861,156.3086,163.2666,163.14453,160.09277,161.0083,158.75,160.33691,156.24756,154.0503,155.08789
152.46338,160.8252,157.5293,156.73584,163.99902,153.98926,162.90039,157.77344,155.20996,159.9707,163.81592,159.60449,154.4165,154.96582,155.57617,162.229,162.65625,157.59033,166.50146,161.67969,154.84375,154.0503,158.32275,161.67969,158.26172,159.84863,161.31348,156.36963,159.7876,160.21484,166.01318,164.97559,164.3042,164.36523,155.271,158.50586,155.82031,158.75,154.53857,154.35547,156.4917,155.14893,158.38379,152.89062,155.57617,157.10205,163.99902,153.74512,156.97998,160.94727,159.23828,156.06445,154.11133,153.86719,153.92822,155.14893,154.53857,162.71729,163.02246,158.38379,158.87207,157.34619,154.0503,161.8628,162.71729,161.06934,163.93799,159.17725,164.73145,158.32275,156.4917,158.38379,159.9707,157.65137,164.3042,163.20557,157.46826,156.4917,163.20557,158.01758
156.3086,154.72168,154.11133,153.50098,153.1958,155.271,157.89551,165.09766,155.14893,161.67969,155.57617,155.4541,155.14893,154.35547,163.99902,158.26172,162.16797,155.69824,159.11621,153.31787,160.33691,163.87695,164.36523,163.32764,163.57178,162.65625,155.51514,161.49658,163.2666,163.02246,160.15381,159.90967,159.84863,161.98486,161.25244,155.94238,155.20996,155.14893,162.90039,161.80176,160.27588,153.86719,153.86719,161.55762,154.53857,154.59961,158.75,160.09277,152.46338,159.7876,156.43066,153.80615,153.80615,156.79688,154.53857,154.35547,153.50098,154.96582,160.52002,156.24756,158.50586,159.17725,157.10205,157.04102,159.66553,153.62305,161.13037,157.10205,154.96582,154.17236,156.18652,152.52441,153.31787,153.50098,154.2334,155.6372,155.94238,154.78271,152.58545,154.78271
155.14893,157.40723,163.14453,153.62305,157.28516,163.14453,158.44482,159.7876,156.24756,159.48242,158.87207,159.7876,163.14453,160.03174,161.1914,157.59033,162.35107,154.35547,156.12549,153.92822,151.48682,155.82031,153.43994,161.67969,155.51514,160.88623,156.43066,159.36035,162.77832,157.04102,154.11133,159.05518,153.3789,159.72656,156.91895,152.28027,158.32275,154.2334,155.75928,158.62793,156.4917,155.6372,158.01758,157.04102,155.39307,161.8628,156.55273,157.65137,161.1914,155.57617,158.38379,160.64209,164.60938,154.0503,156.61377,154.47754,154.59961,155.20996,154.53857,154.72168,157.7124,166.07422,166.25732,161.31348,160.52002,159.17725,167.05078,157.22412,156.97998,155.94238,154.84375,158.44482,158.32275,160.88623,160.94727,164.42627,164.67041,155.6372,161.98486,156.61377
163.57178,154.53857,155.4541,155.6372,156.97998,163.20557,160.33691,162.83936,161.80176,155.88135,164.06006,163.32764,155.20996,154.59961,153.3789,162.71729,155.4541,159.05518,163.38867,153.92822,155.271,153.56201,155.94238,155.88135,162.83936,163.57178,163.14453,161.49658,160.45898,164.42627,155.57617,161.61865,156.36963,158.5669,153.31787,154.53857,154.96582,154.66064,163.2666,160.94727,161.13037,154.72168,159.90967,160.94727,160.52002,165.28076,159.17725,152.89062,162.59521,164.54834,159.90967,159.42139,155.6372,164.06006,155.4541,155.69824,165.3418,164.85352,156.3086,158.81104,156.43066,155.271,158.99414,157.5293,157.34619,155.20996,164.1211,166.86768,158.13965,159.84863,158.9331,156.18652,155.4541,160.45898,165.21973,156.6748,155.6372,159.36035,161.37451,158.20068
154.29443,153.25684,152.70752,159.29932,154.4165,163.51074,163.32764,163.99902,155.20996,155.82031,157.95654,164.42627,164.97559,155.02686,161.67969,153.92822,160.94727,155.33203,154.29443,157.16309,159.7876,155.69824,158.38379,157.46826,155.08789,163.51074,164.97559,163.32764,156.3086,159.72656,159.9707,157.16309,164.91455,161.80176,161.06934,156.12549,157.16309,156.61377,155.75928,153.92822,156.00342,155.08789,155.82031,162.10693,163.63281,163.20557,161.31348,161.67969,161.37451,164.36523,156.00342,156.79688,164.36523,155.08789,156.18652,156.79688,156.18652,160.70312,163.87695,164.85352,165.89111,161.13037,157.7124,158.68896,164.4873,156.00342,160.64209,159.90967,162.229,161.1914,157.95654,160.45898,158.5669,157.04102,158.9331,156.55273,164.67041,163.87695,161.55762,157.28516
160.88623,159.84863,163.0835,163.69385,161.43555,153.56201,162.83936,158.50586,160.64209,161.98486,159.36035,163.75488,158.32275,161.25244,154.4165,161.06934,156.73584,156.91895,164.24316,156.43066,164.3042,157.65137,162.77832,158.38379,156.85791,165.83008,161.1914,156.36963,159.29932,165.70801,157.34619,163.99902,161.06934,159.05518,158.99414,156.43066,158.81104,161.49658,163.81592,162.59521,165.64697,157.59033,165.03662,156.97998,157.89551,160.64209,160.09277,159.48242,164.3042,166.3794,167.41699,158.20068,156.55273,157.10205,168.08838,156.3086,155.69824,165.58594,158.01758,170.52979,161.80176,159.29932,166.19629,160.64209,156.97998,158.99414,160.76416,160.27588,167.11182,159.7876,157.5293,156.3086,156.18652,158.50586,162.96143,163.99902,160.88623,162.35107,159.60449,166.44043
161.13037,159.48242,158.87207,158.9331,165.21973,156.85791,159.23828,159.66553,168.27148,162.90039,159.48242,161.0083,160.58105,163.2666,165.03662,169.37012,163.32764,159.90967,167.6001,160.21484,157.83447,161.8628,169.24805,158.75,168.39355,165.89111,164.06006,163.81592,157.77344,165.76904,157.89551,158.44482,158.68896,158.01758,164.42627,166.98975,156.18652,166.5625,161.31348,160.64209,160.27588,158.81104,164.24316,157.28516,155.6372,163.81592,167.23389,163.81592,158.50586,157.77344,158.32275,160.15381,166.01318,168.14941,161.98486,163.81592,162.29004,159.05518,158.68896,160.45898,161.92383,160.52002,165.21973,166.50146,164.18213,162.47314,163.99902,155.69824,158.87207,160.03174,161.61865,162.16797,165.46387,163.93799,156.97998,159.48242,163.63281,158.07861,158.38379,157.5293
156.06445,164.85352,166.19629,157.22412,158.38379,158.5669,166.01318,164.54834,161.43555,160.33691,158.62793,167.84424,164.91455,158.5669,160.70312,158.13965,168.45459,168.33252,162.229,162.35107,165.58594,162.16797,161.8628,158.81104,159.23828,167.7832,159.90967,167.17285,162.10693,163.0835,165.21973,157.95654,161.8628,162.29004,157.89551,158.75,167.11182,159.48242,158.07861,164.06006,166.13525,164.73145,166.7456,167.90527,159.54346,158.20068,159.05518,158.75,163.02246,157.7124,156.36963,163.75488,162.16797,159.48242,160.64209,164.67041,168.33252,169.61426,159.29932,166.44043,159.60449,160.52002,160.64209,160.8252,168.14941,158.87207,162.65625,163.63281,163.93799,159.23828,159.66553,166.3794,165.40283,165.3418,164.42627,158.9331,158.5669,168.33252,158.07861,162.29004
158.50586,159.60449,158.13965,160.52002,163.38867,160.27588,163.63281,167.29492,165.3418,168.14941,162.229,158.62793,165.89111,162.29004,166.50146,166.5625,168.8208,159.72656,158.75,160.21484,159.48242,159.72656,166.31836,158.32275,160.09277,166.25732,160.64209,160.27588,164.79248,171.2622,164.79248,169.55322,162.71729,161.55762,165.15869,161.37451,167.84424,163.02246,161.49658,163.69385,159.29932,168.14941,163.02246,164.4873,164.36523,160.27588,161.06934,168.57666,164.06006,160.21484,163.93799,165.89111,170.71289,161.80176,164.4873,165.76904,164.06006,160.21484,162.35107,162.53418,162.71729,163.32764,161.67969,160.88623,161.67969,166.5625,159.60449,169.55322,164.60938,160.21484,162.10693,165.15869,162.16797,165.76904,167.23389,166.25732,165.76904,167.29492,161.1914,166.86768
160.27588,164.54834,161.67969,166.31836,164.36523,165.21973,171.0791,162.229,166.13525,160.52002,164.67041,162.16797,167.96631,161.98486,170.59082,168.57666,160.76416,166.01318,165.64697,165.70801,162.35107,161.31348,169.61426,167.23389,161.67969,169.6753,161.0083,163.2666,163.32764,168.75977,166.98975,164.24316,167.17285,160.76416,165.09766,159.84863,161.80176,165.70801,162.229,162.29004,168.75977,163.4497,163.69385,162.90039,168.33252,163.63281,162.29004,161.61865,161.67969,159.9707,160.64209,160.15381,162.53418,172.05566,164.18213,169.12598,173.09326,165.28076,170.83496,166.5625,159.48242,165.3418,161.92383,163.93799,164.18213,161.31348,163.02246,160.39795,166.92871,169.73633,161.1914,163.81592,171.14014,168.51562,164.1211,161.25244,160.27588,162.47314,164.85352,164.3042
159.66553,162.35107,169.18701,161.0083,159.9707,162.96143,160.21484,161.98486,162.35107,161.92383,161.80176,160.94727,162.96143,165.76904,165.21973,161.55762,171.0791,163.14453,161.49658,160.64209,161.37451,168.21045,160.8252,166.5625,168.57666,163.51074,159.72656,169.0039,162.0459,164.06006,161.61865,161.25244,162.71729,162.83936,163.57178,162.59521,169.30908,169.98047,167.84424,162.53418,161.25244,169.79736,162.71729,161.43555,160.52002,161.43555,167.17285,162.71729,167.41699,164.73145,164.73145,165.28076,161.25244,162.71729,162.35107,162.41211,160.58105,162.16797,161.43555,162.229,166.3794,161.31348,162.90039,162.53418,164.24316,165.64697,170.52979,168.45459,161.8628,162.90039,170.40771,160.58105,164.18213,166.5625,167.35596,165.83008,163.32764,163.32764,162.90039,162.41211
161.1914,162.29004,163.63281,163.2666,172.42188,172.05566,166.31836,169.6753,166.80664,162.47314,167.17285,162.10693,172.84912,166.7456,162.229,168.57666,163.0835,160.8252,170.0415,169.55322,165.64697,176.75537,160.45898,165.03662,164.42627,168.02734,168.14941,171.38428,162.53418,166.92871,164.18213,163.81592,172.05566,169.43115,169.43115,169.79736,171.2622,170.22461,161.98486,168.21045,164.73145,165.21973,163.69385,171.01807,162.77832,161.25244,161.8628,163.02246,163.87695,164.79248,166.68457,163.69385,162.47314,162.29004,164.67041,163.38867,171.99463,171.68945,164.4873,163.4497,162.83936,165.95215,168.75977,171.0791,162.29004,163.32764,164.97559,174.25293,169.79736,163.63281,172.1167,167.35596,165.28076,169.8584,169.8584,162.229,166.07422,162.53418,163.51074,166.19629
163.0835,168.75977,164.06006,165.76904,168.51562,173.45947,164.18213,164.79248,160.58105,162.47314,166.98975,163.75488,170.34668,170.71289,162.71729,168.57666,167.11182,162.35107,163.32764,163.2666,168.21045,169.24805,164.18213,167.47803,167.72217,171.81152,169.06494,170.46875,165.46387,163.4497,171.81152,168.45459,169.98047,161.67969,164.85352,170.77393,166.13525,166.25732,170.46875,171.20117,168.27148,167.84424,163.32764,165.76904,169.61426,168.02734,172.36084,171.0791,163.63281,173.82568,164.36523,172.60498,163.81592,163.57178,164.97559,162.77832,165.83008,168.45459,166.80664,165.21973,164.24316,162.96143,170.59082,165.5249,166.19629,163.57178,164.67041,166.44043,170.77393,163.99902,163.38867,161.61865,162.77832,163.38867,164.1211,169.91943,171.87256,173.09326,167.66113,160.52002
164.18213,162.59521,164.24316,170.52979,163.32764,164.54834,170.22461,162.47314,163.75488,162.229,163.75488,163.63281,164.18213,173.27637,165.28076,164.3042,163.93799,166.07422,167.84424,164.85352,171.44531,163.69385,163.14453,164.73145,167.11182,171.38428,164.73145,161.49658,172.54395,166.07422,163.14453,164.1211,163.63281,171.38428,169.0039,164.73145,164.42627,166.62354,171.81152,164.24316,172.48291,166.68457,175.35156,167.7832,168.8208,166.62354,163.2666,171.20117,166.92871,169.0039,165.5249,170.16357,164.18213,166.13525,171.0791,165.03662,172.2998,164.79248,165.83008,169.49219,163.51074,165.09766,165.76904,167.41699,167.84424,167.96631,163.57178,173.64258,173.82568,174.61914,170.65186,165.28076,162.71729,166.68457,163.99902,168.88184,174.06982,165.21973,165.70801,166.62354
168.94287,166.80664,169.37012,171.9336,173.03223,166.3794,166.68457,165.58594,165.64697,169.37012,171.01807,166.3794,167.53906,166.01318,165.15869,164.60938,165.5249,163.02246,173.70361,165.95215,165.95215,164.4873,165.28076,164.06006,165.40283,165.89111,170.896,170.59082,172.60498,173.09326,164.79248,167.41699,172.36084,168.14941,173.52051,170.71289,167.53906,162.59521,167.6001,163.75488,164.85352,172.23877,166.07422,171.20117,162.29004,170.896,162.96143,172.05566,167.41699,165.40283,166.19629,164.85352,166.92871,174.1919,164.4873,165.5249,165.5249,174.5581,169.18701,165.28076,173.09326,173.09326,164.91455,164.4873,170.83496,166.13525,163.63281,165.89111,166.80664,165.40283,167.41699,166.92871,168.02734,163.87695,165.83008,167.17285,169.06494,163.32764,166.50146,169.43115
164.4873,165.70801,172.42188,170.896,174.68018,174.92432,173.94775,169.8584,168.39355,172.78809,168.27148,171.2622,167.66113,167.7832,175.83984,167.05078,168.21045,169.06494,169.6753,166.98975,166.98975,166.92871,168.39355,171.50635,166.86768,166.7456,167.7832,171.20117,165.64697,170.0415,174.25293,167.05078,166.01318,166.5625,165.70801,168.33252,173.45947,166.5625,168.39355,170.40771,171.81152,166.31836,168.02734,168.14941,164.85352,165.64697,170.71289,173.39844,166.3794,168.6377,165.28076,173.64258,166.98975,166.92871,166.50146,167.47803,175.22949,166.44043,166.98975,165.3418,166.7456,168.88184,165.58594,174.25293,173.52051,170.34668,171.75049,167.17285,170.46875,167.47803,166.7456,174.43604,174.31396,174.06982,167.53906,167.72217,172.17773,170.71289,174.74121,169.24805
167.90527,172.66602,165.64697,165.83008,170.95703,165.95215,170.896,170.0415,167.96631,166.50146,166.31836,175.96191,176.8164,172.2998,170.65186,170.83496,166.44043,173.03223,165.40283,166.01318,166.80664,167.72217,174.5581,172.97119,170.34668,166.86768,169.0039,168.6377,169.24805,167.84424,176.20605,170.46875,168.27148,168.45459,168.94287,171.68945,166.07422,169.0039,169.06494,166.25732,175.90088,165.83008,171.9336,168.6377,169.30908,175.71777,172.91016,166.5625,174.25293,172.42188,171.9336,165.95215,164.85352,164.91455,167.72217,172.2998,168.02734,165.64697,174.31396,177.06055,176.14502,171.20117,169.49219,176.38916,171.44531,167.05078,169.18701,167.23389,167.35596,168.94287,169.06494,172.2998,170.34668,175.22949,168.08838,171.20117,178.46436,173.88672,169.61426,175.35156
169.37012,166.68457,175.96191,172.54395,166.98975,174.49707,172.23877,168.57666,168.14941,176.02295,169.8584,167.84424,169.06494,175.22949,173.52051,174.92432,167.6001,168.14941,167.84424,168.8208,170.10254,169.6753,172.2998,166.98975,170.40771,168.8208,166.92871,170.28564,176.4502,173.09326,176.8164,167.17285,166.44043,167.29492,173.3374,172.17773,176.4502,172.17773,174.98535,166.80664,172.84912,168.08838,163.81592,176.8164,166.44043,166.86768,170.10254,163.75488,172.05566,172.42188,174.1919,170.52979,169.37012,170.59082,168.14941,168.88184,165.89111,171.0791,171.9336,173.94775,173.03223,168.27148,170.16357,177.36572,174.25293,172.97119,171.44531,167.6001,175.90088,173.76465,173.09326,175.16846,169.79736,172.05566,173.09326,175.5957,172.48291,174.1919,174.00879,168.57666
174.25293,167.84424,168.45459,168.33252,175.29053,177.79297,169.49219,173.09326,169.73633,169.49219,169.43115,178.22021,174.92432,167.96631,171.38428,172.97119,172.05566,169.98047,167.6001,171.32324,177.6709,171.0791,169.0039,177.24365,174.375,168.14941,169.49219,174.5581,174.43604,173.64258,168.88184,168.33252,176.38916,173.45947,172.23877,178.95264,172.54395,171.56738,170.896,168.45459,176.57227,170.65186,170.59082,169.98047,178.40332,170.34668,172.97119,175.96191,179.68506,172.1167,174.13086,170.0415,179.44092,169.30908,179.50195,177.91504,169.61426,170.34668,168.27148,169.55322,175.5957,172.84912,168.88184,178.8916,167.23389,171.32324,167.29492,169.0039,170.16357,172.97119,174.00879,170.71289,167.7832,169.06494,177.4878,169.79736,177.91504,169.18701,174.43604,171.87256
168.39355,168.14941,168.88184,176.99951,170.71289,174.86328,168.33252,169.61426,173.70361,170.0415,171.81152,177.60986,167.47803,177.30469,168.94287,168.33252,169.8584,171.0791,175.71777,175.22949,168.69873,167.90527,175.53467,180.29541,173.64258,169.0039,173.39844,178.15918,177.97607,180.1123,179.01367,175.35156,171.56738,169.61426,169.8584,173.88672,178.03711,172.72705,171.75049,175.35156,171.56738,168.69873,176.69434,173.76465,173.45947,171.50635,171.56738,173.70361,174.00879,170.65186,172.78809,172.48291,175.10742,169.98047,172.97119,171.62842,170.40771,169.06494,172.48291,171.14014,171.75049,170.0415,169.37012,169.0039,168.6377,169.91943,171.01807,171.01807,174.1919,172.36084,170.16357,177.97607,171.44531,178.22021,169.0039,169.73633,170.0415,169.55322,169.37012,174.43604
169.49219,178.46436,176.38916,185.23926,171.87256,171.0791,169.98047,173.1543,169.30908,173.39844,170.46875,172.78809,171.68945,172.72705,175.22949,168.27148,175.65674,171.20117,178.40332,171.32324,176.69434,169.98047,172.60498,169.79736,171.32324,169.18701,171.2622,171.56738,170.77393,174.1919,174.86328,169.79736,175.04639,170.95703,177.97607,174.375,174.49707,168.33252,174.98535,172.23877,177.12158,177.06055,181.1499,179.44092,169.06494,167.35596,175.16846,171.32324,169.91943,171.32324,173.64258,171.50635,170.95703,178.52539,178.52539,176.02295,176.02295,172.48291,169.6753,174.74121,175.77881,170.77393,179.37988,168.8208,168.88184,171.2622,170.71289,178.40332,180.60059,176.69434,178.8916,170.65186,179.7461,174.68018,168.45459,168.69873,169.30908,169.73633,177.30469,171.99463
171.01807,177.60986,171.01807,178.58643,171.2622,174.74121,177.73193,170.65186,178.58643,170.896,169.61426,179.56299,169.79736,170.0415,177.30469,170.28564,178.28125,170.52979,178.58643,170.52979,171.01807,170.95703,174.375,169.30908,174.06982,168.8208,175.10742,181.57715,178.58643,179.25781,180.35645,176.87744,176.75537,179.62402,170.77393,171.87256,173.45947,176.8164,174.43604,171.99463,181.63818,181.33301,177.12158,174.375,173.27637,177.79297,170.65186,170.52979,179.31885,170.77393,174.1919,178.7085,170.71289,171.38428,180.29541,172.91016,170.59082,174.00879,180.78369,175.22949,177.54883,173.1543,171.20117,177.24365,180.29541,177.6709,171.62842,179.80713,174.5581,170.95703,176.75537,181.88232,181.21094,182.12646,171.14014,172.78809,176.14502,182.3706,172.60498,181.82129
173.03223,181.63818,171.20117,180.78369,172.05566,171.44531,180.1123,174.80225,168.75977,171.99463,179.13574,178.76953,174.80225,172.72705,172.17773,176.26709,176.8164,173.1543,175.04639,178.34229,179.01367,179.0747,179.19678,175.35156,173.94775,178.8916,172.60498,178.64746,174.25293,173.76465,171.99463,173.82568,175.10742,173.76465,174.25293,179.19678,177.854,171.75049,171.2622,171.75049,170.896,172.84912,173.64258,173.52051,174.25293,176.75537,178.64746,179.68506,181.57715,174.31396,172.91016,177.12158,173.70361,172.60498,173.76465,177.73193,176.4502,177.4878,175.10742,174.86328,175.22949,185.11719,176.8164,184.14062,179.50195,181.94336,172.17773,176.99951,181.1499,174.61914,170.71289,181.45508,172.1167,172.05566,174.61914,176.4502,175.10742,178.15918,183.16406,181.57715
178.7085,184.93408,182.3706,181.02783,184.20166,181.33301,176.6333,178.34229,175.5957,172.42188,174.13086,183.04199,175.4126,175.90088,173.52051,178.22021,183.28613,178.8916,178.03711,176.87744,176.69434,179.99023,178.09814,176.4502,173.58154,172.97119,172.48291,181.1499,174.86328,180.78369,172.36084,175.29053,182.79785,179.62402,172.60498,173.58154,183.16406,173.03223,176.69434,175.16846,183.46924,174.92432,177.54883,173.70361,172.2998,177.18262,176.4502,179.86816,184.2627,184.38477,183.53027,181.39404,186.76514,182.91992,179.31885,179.68506,179.44092,175.65674,184.68994,179.31885,182.24854,181.02783,184.87305,177.36572,174.43604,182.73682,172.66602,173.76465,172.05566,174.80225,173.94775,172.78809,175.16846,174.5581,174.43604,172.17773,174.43604,177.97607,175.4126,180.05127
179.56299,178.52539,179.50195,181.1499,178.95264,174.1919,173.52051,173.52051,178.7085,182.91992,176.38916,176.14502,182.49268,180.9668,171.87256,177.42676,172.78809,186.521,180.53955,181.88232,176.57227,181.63818,174.375,176.02295,184.32373,183.53027,177.18262,174.49707,180.78369,177.36572,175.4126,176.26709,174.375,176.08398,181.1499,173.88672,182.55371,174.43604,180.66162,185.36133,177.54883,177.6709,184.38477,177.60986,186.33789,174.49707,176.08398,181.45508,175.83984,175.4126,177.24365,183.28613,176.8164,175.53467,182.12646,183.83545,173.88672,185.23926,178.15918,173.82568,186.15479,180.66162,183.77441,182.85889,174.74121,173.39844,179.0747,173.64258,172.23877,180.90576,183.10303,176.02295,176.51123,185.11719,177.12158,183.59131,186.82617,185.4834,175.83984,180.84473
180.84473,177.79297,178.52539,173.88672,180.47852,180.78369,180.90576,179.37988,174.86328,184.6289,174.86328,175.47363,173.64258,178.46436,174.375,179.86816,173.21533,174.06982,176.38916,177.06055,177.30469,176.08398,175.53467,174.61914,176.51123,186.33789,174.92432,175.77881,177.854,177.54883,182.0044,182.49268,177.54883,180.35645,177.12158,175.77881,174.43604,175.22949,183.16406,176.51123,177.12158,180.23438,175.35156,182.91992,174.49707,179.0747,176.51123,176.20605,175.53467,173.58154,174.80225,178.09814,175.77881,174.31396,174.5581,176.4502,175.10742,173.76465,174.61914,173.45947,174.92432,180.29541,183.16406,174.00879,181.21094,175.5957,176.6333,175.77881,181.82129,173.03223,175.22949,175.5957,176.57227,183.46924,180.1123,182.67578,183.10303,184.32373,186.15479,176.26709
176.87744,186.39893,174.92432,179.68506,176.20605,174.98535,173.45947,176.08398,180.53955,186.21582,176.57227,181.1499,176.87744,176.93848,176.51123,177.91504,177.854,177.36572,175.96191,188.22998,177.54883,182.91992,178.8916,180.9668,179.44092,175.35156,184.68994,187.13135,186.8872,175.83984,180.53955,186.8872,183.83545,178.64746,177.06055,184.6289,182.24854,177.73193,182.43164,180.60059,183.34717,180.72266,176.57227,178.28125,179.31885,178.83057,176.8164,178.09814,177.30469,180.05127,179.68506,177.4878,175.4126,175.53467,176.02295,180.78369,176.87744,174.98535,176.32812,176.4502,175.65674,175.71777,177.42676,176.38916,183.46924,176.87744,181.57715,182.24854,174.61914,180.90576,184.14062,175.83984,183.10303,176.38916,184.32373,186.7041,181.94336,177.42676,180.1123,186.33789
175.83984,178.7085,179.99023,179.99023,182.06543,184.75098,188.41309,178.15918,179.80713,178.03711,179.44092,186.45996,184.2627,178.76953,185.72754,176.87744,177.18262,185.97168,180.1123,181.51611,173.88672,185.3003,181.33301,176.02295,177.54883,178.8916,179.99023,180.60059,187.61963,187.07031,187.25342,176.02295,175.90088,179.44092,177.854,176.51123,178.76953,178.7085,181.57715,178.95264,180.47852,175.71777,182.24854,176.75537,182.91992,178.15918,187.00928,184.93408,177.6709,177.79297,179.50195,177.30469,178.03711,176.57227,179.9292,180.47852,186.03271,182.49268,185.3003,177.30469,183.89648,179.80713,186.521,177.4878,177.60986,180.1123,176.20605,177.60986,178.95264,183.46924,178.03711,176.4502,178.95264,182.85889,181.63818,179.31885,184.68994,182.73682,176.26709,181.82129
182.85889,177.79297,177.854,178.28125,178.58643,179.99023,176.08398,181.82129,177.60986,176.69434,179.9292,177.06055,176.8164,177.4878,176.87744,179.68506,178.15918,181.76025,178.95264,177.06055,178.7085,176.20605,177.97607,177.97607,178.76953,187.86377,179.44092,183.34717,181.45508,186.09375,177.42676,178.52539,180.72266,176.32812,176.8164,178.95264,178.8916,177.24365,177.854,177.79297,177.18262,178.15918,186.58203,178.28125,175.53467,179.31885,176.38916,181.02783,187.37549,178.64746,187.5586,182.0044,184.99512,182.67578,177.30469,177.60986,179.0747,175.77881,177.42676,186.27686,178.40332,177.60986,178.34229,178.83057,180.90576,178.03711,175.53467,179.0747,187.00928,179.50195,178.40332,181.51611,177.73193,187.86377,180.17334,181.33301,187.43652,183.71338,187.37549,186.45996
176.32812,178.46436,179.7461,187.19238,177.79297,180.1123,181.94336,178.58643,181.69922,180.72266,181.63818,180.60059,179.01367,180.66162,181.63818,184.6289,178.52539,177.91504,177.24365,179.31885,187.9248,188.59619,182.85889,178.40332,180.35645,186.45996,177.42676,182.49268,178.7085,178.09814,182.49268,178.40332,180.17334,178.95264,182.0044,184.75098,188.29102,180.17334,177.79297,179.19678,177.91504,183.95752,182.67578,179.19678,177.854,185.91064,183.28613,181.69922,181.69922,177.79297,180.78369,178.76953,179.19678,181.82129,178.03711,189.08447,189.26758,187.68066,184.01855,187.19238,187.98584,178.40332,178.52539,177.60986,177.854,178.03711,177.6709,177.6709,187.07031,179.62402,178.58643,189.26758,182.49268,177.854,178.03711,177.36572,178.22021,178.09814,178.34229,178.40332
185.36133,182.1875,186.64307,180.29541,177.06055,176.69434,178.15918,178.8916,179.13574,179.99023,179.13574,183.10303,177.18262,181.94336,184.32373,184.2627,182.43164,186.15479,177.97607,180.35645,179.13574,180.78369,178.28125,178.28125,179.56299,177.79297,185.42236,177.18262,176.57227,185.17822,180.05127,178.34229,185.05615,184.68994,185.05615,178.58643,180.05127,183.71338,178.83057,179.44092,183.83545,178.46436,178.76953,180.41748,180.41748,179.0747,181.33301,184.6289,188.47412,181.08887,182.43164,181.33301,177.4878,182.55371,187.43652,181.33301,177.91504,178.22021,177.854,181.08887,187.98584,184.07959,178.76953,178.03711,182.55371,185.6665,186.15479,180.9668,183.46924,180.90576,178.34229,178.34229,188.22998,180.53955,186.03271,183.16406,182.61475,179.01367,183.46924,176.99951
185.23926,178.15918,187.7417,179.9292,178.22021,186.94824,184.20166,184.01855,177.854,178.03711,184.32373,188.35205,188.9624,186.64307,187.68066,179.0747,184.01855,182.55371,178.76953,181.82129,179.0747,188.7793,177.97607,178.09814,183.53027,187.49756,178.40332,181.39404,188.84033,184.14062,182.0044,182.55371,188.29102,178.28125,182.3706,182.12646,178.22021,188.59619,186.64307,180.47852,194.3335,181.27197,179.86816,180.41748,183.2251,182.85889,188.29102,183.2251,186.7041,191.09863,191.28174,181.02783,184.2627,184.20166,187.25342,188.47412,184.87305,191.15967,183.53027,189.45068,189.69482,178.64746,180.66162,181.88232,179.37988,181.27197,185.36133,178.09814,182.73682,178.40332,185.6665,180.66162,187.7417,180.41748,189.63379,179.44092,183.71338,178.95264,185.60547,177.73193
189.08447,183.16406,179.56299,181.39404,179.62402,184.56787,182.73682,187.25342,181.94336,180.29541,178.95264,179.01367,178.64746,180.53955,183.71338,189.02344,189.8169,186.521,181.08887,181.21094,191.09863,179.0747,184.93408,185.11719,183.10303,191.83105,179.86816,181.27197,181.33301,180.78369,186.03271,180.47852,179.68506,182.12646,179.44092,181.08887,179.7461,185.91064,179.99023,182.73682,186.27686,184.93408,186.09375,183.04199,189.57275,187.49756,184.75098,189.69482,179.31885,179.68506,181.45508,179.86816,182.0044,183.83545,186.521,183.04199,187.19238,179.37988,181.82129,181.45508,182.12646,181.1499,184.6289,189.51172,179.9292,180.41748,183.4082,182.0044,188.53516,190.1831,188.35205,189.45068,179.99023,189.32861,180.1123,179.9292,188.65723,185.91064,185.05615,186.521
189.38965,183.53027,181.94336,180.84473,191.46484,188.53516,189.32861,181.69922,178.8916,183.28613,184.68994,189.8169,179.25781,183.10303,182.98096,179.7461,181.1499,187.49756,190.67139,185.17822,185.36133,188.7793,180.78369,182.91992,186.521,189.57275,185.05615,185.84961,189.38965,181.21094,181.27197,190.24414,181.94336,181.63818,182.67578,186.33789,187.07031,187.61963,180.53955,190.42725,180.72266,186.8872,180.41748,182.67578,180.90576,190.0,182.24854,183.65234,180.41748,189.63379,181.27197,182.91992,184.07959,179.50195,180.72266,181.69922,188.04688,182.73682,181.08887,184.87305,188.65723,189.93896,183.77441,186.21582,190.42725,185.84961,189.75586,183.46924,189.02344,190.0,191.2207,181.57715,183.4082,182.61475,191.09863,182.79785,182.24854,183.10303,189.32861,187.68066
185.05615,186.94824,180.78369,182.73682,180.47852,188.35205,190.12207,181.33301,180.47852,189.32861,188.10791,182.12646,180.84473,190.97656,188.29102,186.39893,189.8169,185.78857,181.88232,182.06543,182.73682,189.8169,191.2207,189.08447,186.76514,183.59131,189.69482,189.45068,182.12646,191.15967,184.32373,181.08887,180.47852,182.91992,189.20654,185.11719,181.21094,186.33789,182.91992,191.70898,182.3706,182.79785,187.9248,181.27197,181.76025,185.97168,180.47852,184.07959,180.41748,187.37549,186.82617,191.15967,190.48828,188.10791,189.26758,190.48828,180.66162,181.39404,183.28613,184.38477,181.51611,187.9248,186.7041,182.3706,190.61035,185.17822,182.43164,188.90137,184.87305,181.1499,182.67578,181.63818,186.45996,188.90137,182.91992,180.78369,181.88232,181.1499,181.27197,182.0044
