1.8389262,1.7410887,1.68061,1.697541,1.7477124,1.867151,1.7631122,1.7710036,1.830881,1.7997113,1.7658976,1.8384799,1.8723776,1.8225328,1.765953,1.8250405,1.756807,1.7229861,1.8566222,1.8505615,1.859938,1.7299532,1.6625316,1.8330973,1.7479421,1.79637,1.7875612,1.758298,1.7620902,1.7414027,1.6323832,1.9431492,1.7842379,1.8938663,1.7370862,1.6311686,1.6434844,1.8522556,1.6005791,1.7309941,1.7320666,1.7501011,1.7632091,1.5958374,1.863306,1.7304137,1.8294553,1.833219,1.7896211,1.6490619,1.6713645,1.6682189,1.7288117,1.7131803,1.7135121,1.6318954,1.8576427,1.8170408,1.8112766,1.6911653,1.8185364,1.8138103,1.6344523,1.7721115,1.6826813,1.8267245,1.7056763,1.7300333,1.6571738,1.7135617,1.7714294,1.72878,1.7699931,1.8367085,1.8084354,1.8203787,1.7356759,1.7807823,1.8266937,1.7058713
1.9164346,1.883096,1.6608261,1.7969223,1.771755,1.8374418,1.6180794,1.6812923,1.9386739,1.7046223,1.7330476,1.7882866,1.7791252,1.8334088,1.7575872,1.8576427,1.6286919,1.7326369,1.6846979,1.747402,1.875385,1.783707,1.7214785,1.7576098,1.668272,1.775432,1.8608261,1.7038087,1.7725532,1.8672034,1.7259284,1.881074,1.8174069,1.8173301,1.8717886,1.7020687,1.8531225,1.8141148,1.7672907,1.8842039,1.6459855,1.7288948,1.8607913,1.8049647,1.7049645,1.7596409,1.8425705,1.6772643,1.8051631,1.6507168,1.7205826,1.8122525,1.8311521,1.7634008,1.7503792,1.8042946,1.8190564,1.8220239,1.7970157,1.9264177,1.6608261,1.6813326,1.7150463,1.6734867,1.6548959,1.8193526,1.7820534,1.7428154,1.6615258,1.7297807,1.7627169,1.8030657,1.7945682,1.8230249,1.837414,1.80121,1.7771044,1.7856735,1.7267746,1.7172191
1.8353492,1.7784457,1.8139393,1.7320346,1.8029678,1.6135793,1.682645,1.6904341,1.7865539,1.6836686,1.7409,1.7465763,1.8182634,1.537994,1.7130829,1.7588036,1.7747796,1.6736628,1.7348341,1.8122743,1.8128467,1.6982019,1.834107,1.817528,1.7437166,1.7478915,1.6473032,1.8596021,1.8948104,1.7470988,1.8797214,1.6702956,1.7673583,1.9206669,1.6435843,1.8138181,1.8010532,1.8905976,1.7359173,1.6359819,1.852324,1.750833,1.6509392,1.6114783,1.88703,1.6736133,1.6865989,1.8069446,1.9050227,1.6442538,1.6877397,1.7777892,1.7491786,1.7983125,1.6457379,1.8127224,1.8412585,1.6817609,1.6246498,1.8422806,1.7978804,1.8315281,1.8250874,1.690751,1.625144,1.840724,1.7583354,1.7161324,1.6079303,1.626737,1.6587225,1.8215735,1.8415856,1.8741654,1.846917,1.7468973,1.7126498,1.5835495,1.7187037,1.8258531
1.7644619,1.6718735,1.8436674,1.8084989,1.6999345,1.8326486,1.6513857,1.7309426,1.8344902,1.8077927,1.8633887,1.6532265,1.7457105,1.7032738,1.6805396,1.704798,1.7837648,1.8126543,1.7872542,1.7590835,1.7017386,1.755777,1.76942,1.8866394,1.7191246,1.672041,1.8733591,1.7216828,1.981589,1.7072028,1.7695572,1.8219563,1.7638117,1.7472398,1.9157184,1.790034,1.7477822,1.8381476,1.7073811,1.7328724,1.6943713,1.8817458,1.7891325,1.7902929,1.7277886,1.7038538,1.7890596,1.741662,1.7020044,1.641044,1.5546899,1.6441745,1.6407446,1.8230748,1.7972016,1.6989824,1.8378606,1.8424098,1.8458415,1.8656275,1.8111745,1.6388881,1.8977541,1.6998613,1.7318676,1.7618618,1.7525058,1.7544639,1.7513103,1.8047795,1.6988491,1.6077377,1.7593194,1.8014034,1.7441267,1.8004719,1.6875556,1.6251453,1.7906038,1.765928
1.9380199,1.8221334,1.844662,1.7733048,1.7525096,1.8252034,1.6073803,1.7725807,1.7258859,1.8583758,1.7482101,1.7171136,1.8722961,1.7584863,1.7031008,1.8077644,1.8046457,1.8415325,1.7666909,1.6753871,1.8278403,1.7930095,1.8382764,1.8323828,1.8842161,1.740975,1.8591518,1.7993189,1.849371,1.6394036,1.7866327,1.8509635,1.7078172,1.779776,1.8476026,1.6248705,1.7515173,1.8414482,1.8661027,1.709406,1.6231339,1.9237759,1.7736113,1.7560997,1.7192227,1.7015028,1.798781,1.7841429,1.9103054,1.6893235,1.669011,1.8857946,1.8423207,1.7870941,1.8293839,1.812344,1.7741306,1.8403813,1.6566824,1.7225412,1.8220795,1.702239,1.807182,1.6890857,1.7552456,1.8143585,1.814967,1.7688706,1.7809349,1.8979414,1.7986339,1.8367795,1.6324219,1.8144416,1.6337023,1.8702544,1.6159325,1.6728125,1.7186093,1.7375644
1.9716985,1.6894741,1.8573796,1.8174515,1.7956576,1.7392422,1.6913545,1.6164122,1.8456095,1.7309659,1.8398746,1.8766778,1.7381696,1.7533888,1.8163077,1.6901301,1.7428468,1.7997817,1.7333944,1.676119,1.6809154,1.6259605,1.8435583,1.8695449,1.6205465,1.8679161,1.7955817,1.9058,1.6687195,1.6469386,1.9400225,1.7589543,1.7356476,1.8248869,1.6978003,1.7988496,1.6488756,1.7699614,1.8398281,1.8730665,1.9419702,1.899028,1.7915814,1.8571563,1.9130408,1.9314297,1.8183007,1.6656837,1.6528231,1.7215395,1.7579103,1.8711907,1.7863337,1.8310913,1.7441885,1.6135373,1.8582537,1.8153614,1.9007891,1.9173504,1.6700361,1.7653491,1.773304,1.8346434,1.7936447,1.7859235,1.8309495,1.839215,1.848664,1.7181789,1.7165402,1.6696528,1.774556,1.8581136,1.7392097,1.9445914,1.889868,1.8879416,1.8599741,1.8949945
1.9682006,1.7884368,1.811488,1.762473,1.6407102,1.6740816,1.8718802,1.7114403,1.8014802,1.9496354,1.8181946,1.8000124,1.8759433,1.9129213,1.8012168,1.8016334,1.7089975,1.7074702,1.7642206,1.6950299,1.840422,1.695417,1.8413683,1.807497,1.880507,1.8515843,1.7428681,1.9179368,1.7590476,1.8127307,1.6555244,1.7546288,1.7827561,1.811376,1.8305609,1.8645928,1.7987834,1.688597,1.7774888,1.7358091,1.862164,1.6629562,1.8305082,1.7636619,1.921914,1.7296885,1.9141419,1.7657366,1.6226089,1.7934525,1.747742,1.7913511,1.8981035,1.7235028,1.6842406,1.7428358,1.6781449,1.8204854,1.8073021,1.6744632,1.7567171,1.7528895,1.8552713,1.7832748,1.8472463,1.8513745,1.7086197,1.8728948,1.9397643,1.8103703,1.8645886,1.7553344,1.8338615,1.8350884,1.8658195,1.8403722,1.7295735,1.6580815,1.864708,1.8847649
1.9808147,1.8221842,1.8592844,1.8668389,1.6884356,1.867968,1.7981958,1.8339354,1.7904663,1.692983,1.8117455,1.6803876,1.8753601,1.7888882,1.8555907,1.8232132,1.882669,1.8014255,1.8538967,1.7703651,1.8267722,1.6685557,1.6808295,1.6835879,1.7137007,1.6941192,1.7631595,1.7543302,1.8161546,1.8315005,1.9464505,1.6643833,1.7532281,1.773204,1.7616941,1.6970869,1.7449055,1.873116,1.8382542,1.834116,1.7928085,1.7347281,1.6623919,1.6721351,1.6796259,1.7573875,1.759652,1.7714843,1.7598374,1.6881744,1.7146839,1.903624,1.6075035,1.7842429,1.8533939,1.8504223,1.8778135,1.632517,1.7119775,1.8989041,1.8124638,1.7890139,1.6915996,1.85976,1.6240696,1.6772469,1.8345313,1.6867667,1.6581712,1.6833992,1.629388,1.7366886,1.6781625,1.9627581,1.8358924,1.8454355,1.9218401,1.919427,1.8320442,1.8623124
2.0687346,1.6390268,1.9683572,1.7972152,1.7661849,1.8209738,1.7571878,1.7941185,1.7920094,1.8583403,1.8145354,1.810255,1.7916957,1.6559525,1.8554776,1.7824178,1.69806,1.7583094,1.6911592,1.6376035,1.7568836,1.9576662,1.8430413,1.8991302,1.8542306,1.8551886,1.7157053,1.8137072,1.728773,1.8523492,1.7294228,1.6906497,1.7677566,1.8768398,1.8790653,1.7905293,1.9565896,1.7910513,1.6737885,1.8273656,1.8610697,1.636721,1.8948138,1.6951835,1.7762607,1.8532572,1.8642455,1.7672904,1.7422794,1.9222015,1.843751,1.8328757,1.7402407,1.947657,1.9069082,1.8108343,1.673882,1.8360133,1.8257195,1.6624428,1.8932413,1.5838195,1.7760738,1.8741148,1.8209909,1.6559767,1.711071,1.9228147,1.9172478,1.6523492,1.8250424,1.6695622,1.7225916,1.784523,1.8299371,1.7223787,1.8056017,1.6344184,1.887169,1.6920826
1.9486715,1.7145666,1.7137382,1.7213037,1.6105276,1.8268979,1.7772541,1.9055991,1.6799195,1.8912749,1.8640682,1.8404262,1.6767019,1.9007747,1.6473328,1.6007667,1.7031654,1.9082347,1.7421353,1.7833326,1.6914798,1.7534785,1.730589,1.6140047,1.8870152,1.8274517,1.8998554,1.7837213,1.7706683,1.7305132,1.8658577,1.7524484,1.828971,1.7857825,1.7057787,1.9328418,1.8206673,1.7051675,1.8127587,1.9126472,1.7562473,1.8776692,1.8376167,1.8422647,1.8373339,1.6998587,1.863813,1.733737,1.6944338,1.6705984,1.6692002,1.863121,1.8672353,1.941287,1.7197022,1.7157236,1.6859952,1.7856987,1.8826957,1.8550463,1.8505836,1.8346844,1.9189335,1.6832936,1.7499146,1.6918248,1.858144,1.8752639,1.6770619,1.8176882,1.7471726,1.7856417,1.6572284,1.7303789,1.6988785,1.8748658,1.8396134,1.7051146,1.8343279,1.7919109
1.8399975,1.8019391,1.8572129,1.663283,1.8727999,1.8276399,1.729547,1.7708052,1.7660617,1.7649763,1.7422878,1.887588,1.7783506,1.9278253,1.7716049,1.7332413,1.8011221,1.8580089,1.8838166,1.7798284,1.7175984,1.761879,1.8454679,1.9272364,1.8477793,1.7352941,1.7100724,1.8177626,1.9213223,1.781393,1.7496169,1.8161002,1.7207283,1.847729,1.7802851,1.8507066,1.7562423,1.9045472,1.689276,1.8664945,1.7289584,1.6739566,1.7256473,1.8331457,1.8675663,1.819628,1.741985,1.8438393,1.8606663,1.8117917,1.8133143,1.8289814,1.6909263,1.6673062,1.7029508,1.6073916,1.7985908,1.7037003,1.8604883,1.7619532,1.6589651,1.7199957,1.9291015,1.7699375,1.8999745,1.8250946,1.8108025,1.8409944,1.7845803,1.8319755,1.7775306,1.9191585,1.8648249,1.9164841,1.690246,1.8843083,1.854172,1.7715857,1.6736904,1.8619866
1.8044499,1.8677261,1.8781402,1.8355317,1.8952372,1.7561579,1.7004278,1.8211999,1.8145614,1.9280149,1.792734,1.6362015,1.8866328,1.8222795,1.8294551,1.7028354,1.6865213,1.8288133,1.7722319,1.7495334,2.0008218,1.7081023,1.6491927,1.7591101,1.8142421,1.7176402,1.7627972,1.8751646,1.7281111,1.6819676,1.7633164,1.7785838,1.5640917,1.8998939,1.8608799,1.6674379,1.7673998,1.8118151,1.9012341,1.8317704,1.7397814,1.5798725,1.7823491,1.6254804,1.8552923,1.7261331,1.7933588,1.7526833,1.8051349,1.794844,1.6947149,1.7662458,1.766784,1.5484322,1.6885799,1.9116036,1.8337474,1.7741674,1.7823652,1.58038,1.84112,1.7447733,1.7713284,1.9010165,1.6944337,1.6748476,1.6279429,1.7705888,1.6984974,1.6742526,1.7168989,1.6712275,1.6370606,1.9128125,1.8016334,1.8376993,1.7716564,1.7257926,1.6580672,1.7621784
1.9204512,1.9130055,1.8202822,1.695332,1.9315327,1.7916955,1.8255348,1.6940464,1.8233345,1.8276132,1.9700634,1.6860749,1.7023547,1.5931072,1.8594451,1.8355026,1.7363714,1.7066774,1.812757,1.7340457,1.7912517,1.927162,1.7792685,1.6887344,1.6555442,1.8097672,1.6774789,1.8501147,1.9141054,1.8499743,1.708975,1.7021883,1.6641495,1.7637823,1.906063,1.8869429,1.8985183,1.8428823,1.7340294,1.8697038,1.7377737,1.8921554,1.7550504,1.7615232,1.8071274,1.9168832,1.9277501,1.7071592,1.6646066,1.7777461,1.9268049,1.8491943,1.7645344,1.9427681,1.8879793,1.8229643,1.764765,1.8197643,1.6881998,1.7538937,1.9376649,1.7340822,1.7492353,1.6609559,1.7943499,1.8762121,1.9224113,1.921915,1.7492527,1.7515842,1.7696353,1.7765574,1.8461367,1.8799043,1.8559788,1.8213995,1.8275857,1.9284726,1.7621837,1.8878423
1.8938361,1.8871046,1.7937429,1.6724373,1.881825,1.8881458,1.8124146,1.8460157,1.7059151,1.7368929,1.7115203,1.6666766,1.6969688,1.7952695,1.6977562,1.7425358,1.7451327,1.7282383,1.630152,1.816909,1.9435636,1.8501949,1.8715404,1.910736,1.7222121,1.6805879,1.6774803,1.7316625,1.8776225,1.8703471,1.9225589,1.6926786,1.835431,1.8288603,1.8384566,1.711347,1.854263,1.8806112,1.735183,1.6858255,1.8658285,1.6917627,1.7039303,1.7497219,1.8120881,1.8130529,1.7336471,1.8281622,1.8267223,1.7971374,1.7682573,2.00987,1.8129956,1.9208894,1.8732866,1.767114,1.7271816,1.537052,1.8016622,1.8475186,1.9548153,1.7974757,1.7281629,1.7511762,1.926318,1.7986127,1.7516583,1.6981603,1.7263856,1.7973748,1.7994546,1.9365102,1.8875041,1.8373361,1.7499154,1.743852,1.8642259,1.8654209,1.7374631,1.7635988
2.0367844,1.9638809,1.8251388,1.6985458,1.7040807,1.6838987,1.8363038,1.9463508,1.930094,1.7390398,1.8525069,1.7958425,1.7043321,1.8542584,1.7171829,1.8828493,1.8568109,1.732483,1.8432238,1.8734522,1.9170525,1.8533037,1.9544129,1.7464082,1.6943693,1.7524793,1.7701962,1.8108875,1.6793939,1.9038687,1.6513157,1.6795704,1.6226294,1.658611,1.8903583,1.8657641,1.7689365,1.7168219,1.7140174,1.7342191,1.8124124,1.624816,1.8899337,1.7190292,1.6009231,1.7729017,1.6693621,1.9005804,1.8694912,1.777444,1.837982,1.8049393,1.8295722,1.6871998,1.7585788,1.892316,1.7295735,1.8459786,1.7344528,1.8223711,1.9261054,1.8466047,1.8185954,1.6169249,1.8649657,1.844724,1.7797743,1.6972299,1.8883269,1.7940587,1.8187995,1.8660312,1.8917316,1.7089257,1.8928863,1.8315177,1.7117088,1.9706041,1.7637184,1.8910271
1.9809875,1.8485106,1.9404528,1.6320096,1.8057134,1.8724321,1.8794694,1.7119739,1.7257612,1.7657672,1.7720536,1.700643,1.8982786,1.6490793,1.8152483,1.8629107,1.8657156,1.7219756,1.6524814,1.6313267,1.7934736,1.8760844,1.8989719,1.9317144,1.6873194,1.6673187,1.8533255,1.8480449,1.8988191,1.7211314,1.7534418,1.8020209,1.7689722,1.8499737,1.8905516,1.9010372,1.8703034,1.95636,1.8340762,1.7198435,1.8905759,1.7448419,1.8420553,1.6806246,1.7293957,1.7245053,1.802785,1.7798071,1.8812541,1.9062903,1.826718,1.829973,1.8330122,1.7265798,1.7235954,1.8359194,1.8374021,1.7882617,1.9162092,1.898455,1.8650199,1.6450232,1.6240524,1.8554497,1.8283802,1.9171531,1.8622651,1.908301,1.8456727,1.761469,1.9250965,1.9123169,1.7079241,1.8068901,1.827183,1.8485588,1.75652,1.766465,1.9996045,1.826791
1.8713518,1.8001667,1.7541637,1.6623626,1.780181,1.7307806,1.7584682,1.8947085,1.695446,1.8445671,1.7577214,1.8027415,1.9469326,1.7108688,1.9772607,1.7517357,1.774028,1.8338163,1.9247723,1.9767885,1.8605907,1.9031885,1.897769,1.8626183,1.7693024,1.8694925,1.8743534,1.8515191,1.708328,1.6748548,1.7049227,1.7465682,1.6549985,1.9267755,1.7204986,1.8400457,1.7953959,1.6993089,1.6634938,1.7054797,1.8536526,1.8936317,1.9000951,1.6476364,1.7459133,1.705664,1.8206302,1.8564596,1.8501981,1.7303354,1.6677134,1.7208962,1.7341386,1.7762862,1.7591304,1.774129,1.7757989,1.6561506,1.6652596,1.7961681,1.8441017,1.8860142,1.9064662,1.8256398,1.6481091,1.7580701,1.9479152,1.7255907,1.8074085,1.7052042,1.6249132,1.7996057,1.8267659,1.8943235,1.8043436,1.8599657,1.811377,1.8238018,1.8692793,1.8404176
1.8355341,1.640442,1.8015063,1.7889998,1.8589829,1.7366408,1.850014,1.925425,1.716458,1.70553,1.7235082,1.930123,1.7981958,1.80346,1.6967548,1.752812,1.8763958,1.8380474,1.6881869,1.7942365,1.908253,1.6576817,1.7797843,1.8372421,1.8506447,1.6499333,1.8218478,1.8483169,1.8211999,1.8423601,1.8398017,1.7958649,1.7295892,1.6891361,1.7653892,1.820454,1.8875301,1.7519346,1.7617451,1.7312644,1.7512298,1.9099249,1.7456427,1.9672021,1.7959952,1.9083618,1.8262205,1.8549695,1.5987817,1.6904408,1.7327808,1.9581475,1.7757243,1.9096192,1.6421516,1.864954,1.8861153,1.7414789,1.7099048,1.5993859,1.752683,1.7832379,1.7888749,1.7867626,1.8169829,1.9216553,1.8467554,1.6957481,1.9014642,1.8352408,1.8353795,1.8957708,1.8960016,1.7710048,1.8025708,1.7219933,1.8425428,1.820703,1.8455001,1.807811
2.0040226,1.8178674,1.8217521,1.8878686,1.8647697,1.6856138,1.8512834,1.9079202,1.7125927,1.6365116,1.7423117,1.7334787,1.7303087,1.7228267,1.8039811,1.8391265,1.981581,1.7268292,1.6017622,1.6181635,1.7507,1.9014865,1.8129717,1.8614525,1.739996,1.87476,1.8094985,1.9023157,1.9902163,1.8965523,1.8160491,1.9416956,1.7037995,1.8618879,1.6647501,1.8377327,1.8505331,1.855783,1.7479601,1.969416,1.8062937,1.9635469,1.6696326,1.9320582,1.7581974,1.9353532,1.705229,1.9769708,1.6534327,1.6675715,1.7071369,1.8752682,1.7823584,1.8539008,1.8960973,1.6186568,1.773908,1.6816213,1.7720942,1.6313657,1.652319,1.7990307,1.9847144,1.7215204,1.8038177,1.7466521,1.6086714,1.8790334,1.6941237,1.9547833,1.6783888,1.9343814,1.776617,1.6338452,1.8316807,1.7433125,1.6198093,1.8854519,1.8897591,1.918681
2.0976598,1.7400808,1.8736095,1.9077759,1.8322842,1.6434118,1.769819,1.6933905,1.7669176,1.74833,1.667318,1.7804241,1.8657098,1.9603715,1.7081045,1.717394,1.624338,1.8001738,1.8750645,1.8163557,1.8583996,1.6660421,1.6228924,1.677466,1.8388515,1.5816181,1.9036584,1.8059652,1.6124806,1.6513861,1.6753353,1.9691517,1.8123121,1.7678481,1.8122416,1.7954675,1.7564019,1.82661,1.9305029,1.832752,1.8936993,1.7527249,1.6054436,1.75807,1.8048615,1.876067,1.7857558,1.6021961,1.8880893,1.9597226,1.9292586,1.84261,1.7020886,1.7894233,1.7198237,1.7516354,1.7485313,1.8222176,1.7884045,1.731982,1.8129656,1.8238307,1.6972407,1.6613916,1.7251903,1.8907843,1.8722341,1.8246576,1.7802018,1.7466731,1.682677,1.6183853,1.7700157,1.8732591,1.8631378,1.7359049,1.7451946,1.7637118,1.8428816,1.9168168
1.891566,1.7292972,1.7786622,1.9116013,1.6632206,1.7943499,1.8217875,1.6895572,1.673379,1.9228733,1.9125453,1.8530258,1.7906451,1.6735656,1.7296994,1.915021,1.9028372,1.8838567,1.809402,1.7022561,1.9256965,1.7742821,1.8386197,1.8412515,1.8022835,1.9123313,1.7934079,1.9093657,1.8895701,1.606648,1.9080001,1.9788605,1.8684139,1.8747654,1.7104077,1.680731,1.6670564,1.6659132,1.8234482,1.656611,1.7520363,1.629048,1.8995284,1.7195469,1.8978904,1.8841825,1.9683268,1.7935123,1.6993521,1.752662,1.7282815,1.6924399,1.7031488,1.8130146,1.8847697,1.8380703,1.7960207,1.8693138,1.90341,1.8555691,1.7784102,1.9138497,1.6905231,1.9619789,1.9633912,1.6900533,1.7502146,1.8642216,1.8744607,1.8677152,1.9035163,1.790701,1.7534418,1.7860061,1.8805327,1.8038483,1.7978638,1.6795578,1.7862415,1.8606298
1.925346,1.7173685,1.8166533,1.8334805,1.8857403,1.9003007,1.8911271,1.8988048,1.856053,1.9643447,1.8963047,1.7858398,1.6335858,1.8772355,1.9166477,1.9333215,1.8988997,1.7442895,1.6790371,1.8686154,1.7137352,1.8900928,1.796473,1.774206,1.8398352,1.8650869,1.8143046,1.856636,1.8910271,1.9390497,1.8902484,1.8265399,1.8781329,1.742292,1.721221,1.7099199,1.8138279,1.8575007,1.7302076,1.7190773,1.8794982,1.7212644,1.8681282,1.8355058,1.7433472,1.8508803,1.8497714,1.8537607,1.9265573,1.7772164,1.8951757,1.7082961,1.8074692,1.693983,1.8524197,1.7321819,1.782881,1.9088084,1.8361894,1.9316947,1.9041512,1.632825,1.9361162,1.9092897,1.7975535,1.8414232,1.8681643,1.8012301,1.9211532,1.6905506,1.8763453,1.8775822,1.7686571,1.6329844,1.9058261,1.9316947,1.8614355,1.9678234,1.9170206,1.9133373
2.0448363,1.9146391,1.7010062,1.7328086,1.6584717,1.698792,1.8407497,1.776696,1.7425781,1.8857054,1.7830832,1.8876636,1.649857,1.6926447,1.8973987,1.7126063,1.9641997,1.7172178,1.9179283,1.7265372,1.6983435,1.6650178,1.7580638,1.7739964,1.8675476,1.7039173,1.8012202,1.858771,1.8694582,1.6625241,1.8518054,1.8806477,1.8679385,1.8230778,1.8999743,1.6948084,1.797481,1.8974401,1.9342628,1.76134,1.8765424,1.6765603,1.7454807,1.7585783,1.8226854,1.7263793,1.9506227,1.9084742,1.6376631,1.6904235,1.8429456,1.927438,1.8214556,1.7908287,1.808389,1.928297,1.781738,1.8306842,1.9619945,1.8238677,1.6854128,1.6171522,1.9413357,1.926047,1.8252786,1.8355026,1.7973213,1.940585,1.6909548,1.8787899,1.7856702,1.8470105,1.6824894,1.725874,1.7409707,1.8243917,1.7962722,1.7599804,1.8362613,1.8701868
2.0040305,1.9103343,1.7460809,1.6721225,1.8774073,1.9210252,1.7491418,1.8637064,1.8690666,1.8605072,1.8241136,1.9466878,1.7592788,1.9026408,1.7142968,1.6664205,1.6718855,1.6957489,1.6503049,1.6844465,1.8419269,1.8460417,1.8375647,1.9266356,1.8569822,1.7624924,1.6061056,1.6553044,1.7652941,1.945717,1.7162114,1.8605072,1.9045604,1.8618264,1.6904964,1.9667106,1.7921741,1.731482,1.8655398,1.7728679,1.7609761,1.896736,1.6747186,1.6726879,1.6683501,1.9106636,1.6996942,1.6513968,1.8165455,1.7775645,1.719538,1.8895521,1.8350441,1.7692429,1.8022728,1.8326019,1.7849671,1.8690081,1.6661564,1.7919157,1.6939198,1.8559527,1.7933846,1.6720909,1.7948948,1.7149063,1.6517038,1.6080399,1.8499317,1.7730815,1.7279583,1.7589619,1.7013246,1.7244574,1.7411184,1.6733773,1.7051243,1.7810516,1.8423722,1.9053928
1.9430946,1.7047838,1.816446,1.9476229,1.7906264,1.8879559,1.7854754,1.7271397,1.8004966,1.843328,1.8466144,1.9510734,1.7495203,1.9147089,1.8900307,1.9457519,1.6980363,1.8731211,1.7474385,1.775386,1.8847547,1.6811588,1.8057832,1.9105111,1.9103233,1.7392104,1.7619548,1.8220818,1.8629771,1.8264194,1.9301908,1.8933098,1.8036201,1.8171917,1.8182307,1.7852588,1.8351157,1.9046413,1.8340925,1.7979765,1.7893385,1.8404219,1.8609223,1.8955805,1.8536329,1.6339003,1.811566,1.8544779,1.8000937,2.0029116,1.8668733,1.8475347,1.9133782,1.8859013,1.6816007,1.6818991,1.7570717,1.6696956,1.9365687,1.9417471,1.6965969,1.8869215,1.7376118,1.6582669,1.8083363,1.9376173,1.8610461,1.9205395,1.9840652,1.8759675,1.9203256,1.7677716,1.6712327,1.7674078,1.7175565,1.8179008,1.7242311,1.8202562,1.7484612,1.8714774
1.812414,1.7235596,1.8163724,1.6931076,1.7473087,1.8328701,1.8305422,1.9200636,1.6748476,1.8290037,1.7795761,1.8077832,1.8492334,1.7659698,1.8781724,1.9032673,1.8536129,1.8125641,1.7707881,1.6168604,1.6275958,1.6877776,1.8662981,1.8893538,1.7593286,1.8330098,1.7340168,1.6350826,1.6962634,1.6641089,1.6875352,1.6824768,1.738003,1.8833547,1.8792198,1.8395344,1.6552883,1.8107059,1.7996073,1.7528347,1.7126367,1.8968464,1.8912743,1.903201,1.8868757,1.6617348,1.8954154,1.9179407,1.8294109,1.9460617,1.8094403,1.735455,1.8582232,1.813443,1.7765955,1.9138435,1.7735231,1.8305566,1.8939416,1.8639946,1.6908779,1.8792198,1.6525619,1.7454102,1.6873441,1.7227837,1.9561169,1.8768814,1.7934605,1.704045,1.838478,1.8345457,1.953742,1.9038051,1.9161309,1.8957279,1.720233,1.9453869,1.795703,1.9086171
1.7327766,1.8880951,1.8304535,1.8353945,1.8756281,1.821135,1.6810646,1.7415984,1.7580446,1.9439526,1.6937511,1.7786846,1.7777033,1.6558993,1.994205,1.8446581,1.6746813,1.7651546,1.7559738,1.685501,1.6995068,1.6725183,1.6906886,1.680992,1.6619003,1.730429,1.95458,1.7312787,1.8154224,1.8922786,1.8559744,1.8173093,1.6283417,1.9454186,1.8655466,1.9169489,1.859884,1.814254,1.8410144,1.9867053,1.9002655,1.8254893,1.8044574,1.7678055,1.8478487,1.7572896,1.8784039,1.9069343,1.9052048,1.8615584,1.6757492,1.8699529,1.7723869,1.8523242,1.8754256,1.745125,1.7855246,1.746817,1.6639158,1.6769637,1.745516,1.8283414,1.8719033,1.849256,1.8574495,1.8373306,1.819158,1.7876054,1.7334508,1.6846954,1.7004789,1.6912832,1.8530518,1.873254,1.6529922,1.9241703,1.9504622,1.8831577,1.8672527,1.7394125
1.829215,1.9230604,1.8870715,1.7878915,1.9268045,1.8904258,1.9092952,1.7746663,1.7487553,1.8551695,1.8140631,1.7950212,1.8069957,1.6526581,1.9004298,1.7092483,1.7183045,1.7452987,1.7067193,1.7648115,1.8663776,1.8605952,1.8907093,1.8424984,1.8627675,1.8433775,1.7161582,1.6133376,1.940215,1.7453436,1.9377,1.8644559,1.9525752,1.6969688,1.8293025,1.8295544,1.9127167,1.8910193,1.7479078,1.8141762,1.7605417,1.7948743,1.9684677,1.6967065,1.7571956,1.8751683,1.9038216,1.7357426,1.759067,1.7387938,1.6914417,1.6715885,1.726467,1.8869712,1.7659781,1.9305365,1.8781025,1.8912569,1.7721393,1.7201083,1.97019,1.7033119,1.679388,1.7643913,1.8448985,1.8445671,1.8507419,1.8698936,1.6969807,1.875624,1.9332936,1.9011538,1.9157958,1.8482314,1.9243437,1.8763868,1.6923184,1.7684124,1.8034905,1.8605555
1.8346282,1.9165435,1.7952031,1.8233509,1.8582721,1.8763151,1.905629,1.6766502,1.8666265,1.893437,1.7253332,1.9101971,1.7406355,1.6833439,1.761996,1.9204651,1.6847092,1.7769079,1.8564055,1.7664815,1.8909013,1.7230582,1.9841434,1.8464234,1.6199473,1.7687845,1.8963262,1.8616287,1.8106909,1.8725473,1.9131838,1.7592713,1.818085,1.9055749,1.7627844,1.6890374,1.7915108,1.756856,1.6948187,1.8703004,1.9018077,1.8383931,1.694821,1.788196,1.6765847,1.6466638,1.7400037,1.9295235,1.9176333,1.9039534,1.8754201,1.8640403,1.840079,1.7056875,1.8432393,1.6736326,1.6510739,1.6932815,1.6657649,1.8358223,1.7583022,1.8034282,1.7777901,1.8381592,1.902252,1.9286172,1.872992,1.7529811,1.6762193,1.6927725,1.8778645,1.7586464,1.7626973,1.8944296,1.8030847,1.755694,1.6279526,1.8533636,1.9227126,1.7598726
1.9560416,1.9347444,1.9271207,1.7946134,1.6286488,1.7272483,1.8603469,1.9520593,1.7266275,1.635451,1.7310435,1.7949767,1.9423393,1.6922287,1.8738121,1.9102343,1.8435457,1.8291069,1.7440023,1.8569213,1.6818111,1.7837855,1.7335268,1.8941618,1.8306885,1.8661624,1.8656613,1.787659,1.8325299,1.806712,1.8204755,1.7844915,1.7084568,1.8560324,1.9640803,1.8253073,1.7008355,1.7574084,1.7462987,1.7021883,1.6049098,1.7034404,1.7090099,1.757659,1.9344754,1.7166908,1.6953596,1.8341639,1.7590638,1.8372135,1.9151094,1.8015459,1.7849032,1.7500119,1.7160798,1.8356403,1.6757079,1.9478849,1.709789,1.8258759,1.6851184,1.936836,1.94374,1.6792698,1.7878067,1.866001,1.7033876,1.9419038,1.6999327,1.750012,1.708425,1.813124,1.911345,1.8578471,1.8305634,1.6842624,1.8745631,1.8974812,1.8302702,1.7315497
1.9862005,1.7512063,1.7005166,1.8976624,1.8554409,1.7999326,1.7689983,1.6539026,1.8483996,1.873161,1.9520025,1.9383233,1.807188,1.6973169,1.704864,1.8618879,1.7844391,1.7679482,1.6936575,1.8961829,1.685602,1.7647179,1.950246,1.8386186,1.8723725,1.8740973,1.7955952,1.8328701,1.8443495,1.9423938,1.7649944,1.6672055,1.7431571,1.7650776,1.8000946,1.832393,1.7787735,1.7550654,1.8796173,1.7833595,1.9216895,1.8562744,1.69087,1.8041577,1.8738441,1.7198184,1.8548263,1.8460734,1.8550745,1.9276415,1.983589,1.6969452,1.6877776,1.8234715,1.7914667,1.843208,1.9086256,1.7333711,1.9599667,1.8028586,1.8228706,1.9231561,1.8994727,1.8847901,1.6812606,1.805893,1.7042867,1.8933262,1.9483277,1.8905683,1.7664478,1.8106496,1.8215716,1.8960049,1.7634317,1.9032943,1.7921033,1.8527621,1.9332663,1.7125459
1.9378834,1.9804819,1.8962295,1.7713038,1.9075922,1.7253939,1.9550346,1.7486498,1.6524869,1.796623,1.7935741,1.9543179,1.74091,1.6269044,1.7425624,1.6997746,1.8914874,1.9019032,1.7906824,1.9053378,1.9403319,1.9374896,1.681988,1.75011,1.7979846,1.9287951,1.847163,1.9500158,1.7662203,1.7064863,1.6986839,1.9345716,1.6625632,1.9570533,1.8591691,1.7025871,1.6950711,1.9368664,1.8477505,1.7303531,1.7709143,1.7271751,1.8615463,1.8285149,1.8792613,1.9104999,1.6863166,1.9078606,1.8076282,1.8353996,1.7585087,1.7070897,1.5903566,1.8288796,1.8839581,1.7736516,1.7185005,1.8542416,1.8074487,1.919546,1.6965166,1.6494288,1.7657934,1.8461039,1.7511892,1.7639295,1.7357202,1.8758997,1.848768,1.8012872,1.9512658,1.6575392,1.7281861,1.9078224,1.7980704,1.7235596,1.7383516,1.7553734,1.7286593,1.7038189
1.8687707,1.8854355,1.8844553,1.6059886,1.7909914,1.9170241,1.9140745,1.8905166,1.7174281,1.997106,1.831411,1.7080144,1.9071076,1.7285827,1.9131123,1.9954859,1.8056023,1.64001,1.9543347,1.9006387,1.7828785,1.9600817,1.8556007,1.7901213,1.7664793,1.8612269,1.8004087,1.8129137,1.8359578,1.7217572,1.8142471,1.83464,1.8983059,1.7468523,1.7395318,1.7866849,1.6521671,1.9047571,1.9216722,1.8146474,1.9638414,1.7574062,1.5935274,1.859187,1.7775683,1.8642564,1.884838,1.8088857,1.833142,1.838237,1.9050547,1.773282,1.9083209,1.8609896,1.6198835,1.9892056,1.8701117,1.9056051,1.7665862,1.8363172,1.7709286,1.9102879,1.7568012,1.6880807,1.8789401,1.8145261,1.83219,1.6315475,1.86154,1.8415124,1.6538117,1.6938245,1.775175,1.8636695,1.9152763,1.939599,1.7390381,1.6961087,1.8160639,1.6347451
1.9400306,1.7141267,1.9324926,1.7931165,1.8550327,1.9141462,1.964892,1.7274649,1.7307032,1.740214,1.7444209,1.9119622,1.8186269,1.6613634,1.5737219,1.7551955,1.8840784,1.8273486,1.8638543,1.7037895,1.8168228,1.7629329,1.8514379,1.9372036,1.8517756,1.8015844,1.8406574,1.8568623,1.8609878,1.8738052,1.8118196,1.7704002,1.8852061,1.8289776,1.7768856,1.7401135,1.8853492,1.8391688,1.7500119,1.6486272,1.6465483,1.8632939,1.6431785,1.7698699,1.7776994,1.8121877,1.8902384,1.844611,1.748432,1.8662115,1.8133084,1.8975778,1.6567209,1.9489995,1.7478616,1.6777754,1.8714428,1.7488233,1.8034835,1.8828789,1.7351552,1.8802466,1.8577375,1.7054584,1.9247832,1.8504359,1.7095385,1.8633405,1.8889486,1.6412047,1.825093,1.7474548,1.6719224,1.8594338,1.8037509,1.7252434,1.9009563,1.8053607,1.9437708,1.8839766
1.8561969,1.9160235,1.7859257,1.6504198,1.8224962,1.8134185,1.9261842,1.7649076,1.9230282,1.8332107,1.6531423,1.6866592,1.6821352,1.7662618,1.8862274,1.9317958,1.7141302,1.9033984,1.8734671,1.6573714,1.6706853,1.7876091,1.705848,1.8636693,1.9211222,1.7126414,1.7846843,1.8082479,1.6959516,1.6853821,1.9910439,1.6293101,1.8534021,1.7456189,1.9565556,1.9427415,1.8515191,1.7601715,1.8013555,1.6974508,1.7224573,1.8659682,1.7817056,1.7846603,1.7463514,1.8018433,1.7106631,1.8791035,1.8285505,1.7062856,1.7862475,1.684242,1.7693943,1.8559426,1.9190569,1.7683095,1.7419598,1.8604888,1.8687259,1.7404305,1.6607529,1.7586464,1.7027031,1.7536637,1.6950011,1.6656426,1.6369008,1.6366907,1.8505331,1.8463262,1.8261865,1.7310104,1.7147957,1.7256577,1.8802788,1.8860334,1.8836507,1.9048738,1.8941987,1.7289037
1.8447144,1.8584173,1.7544392,1.6946734,1.7260226,1.8340167,1.8162589,1.9192741,1.9276868,1.8153672,1.7570361,1.9030572,1.7930192,1.6592237,1.6574919,1.724764,1.6750796,1.6724584,1.8231122,1.9181485,1.9873991,1.7510128,1.7161376,1.6493756,1.7940023,1.8771714,1.8568071,1.86222,1.7398298,1.7605417,1.8710731,1.7908963,1.669432,1.8063995,1.7720923,1.7181189,1.8035132,1.9384831,1.8441902,1.8564034,1.8843817,1.8766768,1.6179085,1.7462863,1.8011494,1.7512317,1.7879403,1.8809669,1.8392568,1.7900568,1.9712242,1.808394,1.847795,1.8010621,1.8834424,1.9175997,1.8772647,1.7970909,1.6205673,1.8153247,1.9373382,1.7952471,1.7741282,1.9209145,1.7041004,1.6764244,1.714523,1.8985002,1.707394,1.7807355,1.8093807,1.9062649,1.8332787,1.7905424,1.7560998,1.742011,1.8656075,1.9166479,1.9025518,1.7295735
1.929422,1.8132877,1.9195458,1.6909763,1.8287694,1.9675857,1.67769,1.8582108,1.8695794,1.7831789,1.8563405,1.7318553,1.9094069,1.821132,1.6543454,1.6872407,1.7547815,1.8219537,1.8224432,1.7558748,1.84434,1.9359022,1.683735,1.7238325,1.8237104,1.6838765,1.9387327,1.7421004,1.7471292,1.7619356,1.8454461,1.9107939,1.6682476,1.8897173,1.9026515,1.8181583,1.8221092,1.811267,1.8756082,1.8641572,1.8959311,1.853489,1.8178393,1.9047384,1.6967602,1.7896105,1.9140551,1.9366375,1.8832937,1.9219284,1.923409,1.8063195,1.8569207,1.9130583,1.8681996,1.9245125,1.8859758,1.9542452,1.8330114,1.9160615,1.8491464,1.8513869,1.7950188,1.8280623,1.665652,1.8173904,1.8048226,1.7756795,1.8075359,1.6834334,1.8547148,1.8000915,1.8588947,1.8762238,1.9414294,1.6699133,1.859925,1.7366133,1.856636,1.7709268
2.0350833,1.7479633,1.9174534,1.7823443,1.7885588,1.6882775,1.8821312,1.7047765,1.8118863,1.7246715,1.931677,1.7007582,2.0216422,1.8701795,1.76077,1.8993988,1.8894453,1.744434,1.718197,1.8130599,1.673065,1.7033876,1.9442366,1.8829426,1.7330135,1.863886,1.8869287,1.7412622,1.9828382,1.6809112,1.8099605,1.7878671,1.9143804,1.9050884,1.8272089,1.878485,1.7489606,1.6796889,1.8658726,1.808961,1.786161,1.8501346,1.917465,1.7655045,1.8150374,1.7698101,1.8162987,1.9227495,1.8521665,1.6494396,1.728785,1.8994876,1.6685904,1.7952695,1.870555,1.8158451,1.6423737,1.659874,1.872555,1.9299588,1.6812673,1.8891729,1.7345076,1.8162589,1.8461363,1.757418,1.7491214,1.9918927,1.7225388,2.0065792,1.8425394,2.0135136,1.770055,1.809158,1.7182773,1.7153026,1.676313,1.9132009,1.9044086,1.921726
2.0644546,1.8751144,1.774714,1.9079255,1.8425875,1.6632047,1.789191,1.9719979,1.8663306,1.8846455,1.7586746,1.7398331,1.7645309,1.8219798,1.7392111,1.670264,1.8818504,1.8739734,1.6950814,1.7680821,1.6295403,1.9108534,1.8878154,1.686514,1.8140874,1.9021753,1.6008694,1.7231839,1.7807037,1.8681903,1.9168175,1.7613848,1.7164521,1.9564842,1.7161498,1.6594137,1.9159027,1.746781,1.7261832,1.7156898,1.8344082,1.967376,1.9338031,1.8736899,1.7349516,1.6899211,1.6684781,1.9016931,1.689416,1.8318926,1.7887677,1.87759,1.7424122,1.957584,1.8115731,1.8982375,1.8544569,1.9638073,1.867954,1.6428668,1.8651153,1.888502,1.6610851,1.764718,1.6753604,1.7583729,1.8768884,1.71516,1.7185829,1.6273292,1.8726908,1.8991807,1.7584062,1.7477974,1.7555928,1.8191283,1.8141687,1.7890748,1.6771096,1.7407664
2.0512366,1.8153193,1.7386085,1.8893876,1.6599199,1.6945491,1.8537107,1.9784415,1.9757243,1.775421,1.6743935,1.609497,1.6614155,1.7261925,1.7045838,1.5855876,1.9385833,1.8491756,1.6565908,1.6504842,1.8852869,1.8069534,1.7915659,1.8859441,1.812064,1.7335725,1.6927395,1.6265798,1.9322392,1.9300596,1.8592372,1.9391633,1.7139663,1.8437387,1.7820736,1.9347974,1.8676139,1.7845743,1.958827,1.9276778,1.6895235,1.8056759,1.7311436,1.6727237,1.5409241,1.776608,1.6442771,1.8260999,1.9207909,1.7367133,1.8839788,1.8628595,1.6348705,1.8728441,1.8592902,1.6560706,1.7198086,1.9408364,1.7843261,1.8499734,1.9922831,1.6664251,1.817578,1.9309521,1.8773196,1.8312808,1.6590304,1.7941638,1.7046504,1.8328938,1.9009223,1.6826917,1.7943026,1.726944,1.9107287,1.9608538,1.6479287,1.7834934,2.0296674,1.932191
1.9173473,1.8624285,1.8584778,1.9046237,1.8771001,1.8353646,1.7528939,1.7574221,1.7511799,1.8480331,1.6960106,1.7902467,1.7119421,1.6097561,1.6797835,1.8424546,1.8671638,1.8609463,1.8726461,1.7060055,1.71792,1.7015735,1.8306295,1.8721491,1.8804619,1.9195783,1.867417,1.8198715,1.8770732,1.8234488,1.6983261,1.7847236,1.6826881,1.8582375,1.939311,1.7858118,1.82107,1.669253,1.6735498,1.6694254,1.9014059,1.7427825,1.7891641,1.9334006,1.9173665,1.8874893,1.8232615,1.8858962,1.7991642,1.9500548,1.7677752,1.8778492,1.920662,1.811326,1.6998202,1.8804997,1.8379998,1.7396842,1.7974759,1.8534105,1.860367,1.6223973,1.7462339,1.9352182,1.6695427,1.8384957,1.9188603,1.7256713,1.9104985,1.7413841,1.9317502,1.7960497,1.883867,1.7886142,1.8259956,1.8560324,1.6701789,1.6714658,1.8381612,1.8100444
1.9715662,1.7214863,1.6441163,1.7850704,1.7064613,1.835929,1.6275567,1.8642113,1.9269025,1.7603753,1.6178005,1.8298937,1.7944571,1.8293009,1.8296486,1.6367843,1.5939392,1.7094319,1.7996188,1.8515142,1.8690946,1.9068145,1.819628,1.931687,1.7889276,1.7890218,1.9280696,1.8542213,1.7796007,1.8676964,1.8389763,1.6982669,1.7574201,1.8077979,1.7495134,1.7798791,1.8703916,1.7803966,1.7098356,1.7226906,1.7945116,1.838308,1.9097257,1.7527941,1.7480402,1.811498,1.9093244,1.6679624,1.5756184,1.7383474,1.8203508,1.8943721,1.6704865,1.8492198,1.8076302,1.6768578,1.665652,1.6623234,1.8143934,1.826822,1.7215203,1.7419596,1.7319704,1.682359,1.8249834,1.8653216,1.6966052,1.8081017,1.8790525,1.6362708,1.620816,1.6064731,1.5773051,1.6437314,1.7855592,1.7437782,1.846349,1.8652761,1.740809,1.8451339
1.9941766,1.6660547,1.8635057,1.6946584,1.7124217,1.8864231,1.8247709,1.8921437,1.8312906,1.7328384,1.5814213,1.9487025,1.9464574,1.8034992,1.9220718,1.9183334,1.8377676,1.7844317,1.7205768,1.8270422,1.8738196,1.6955148,1.9960191,1.7156634,1.9541985,1.7824547,1.6603379,1.689626,1.7234071,1.8389394,1.6057385,1.7425401,1.5963765,1.6970372,1.7155018,1.8199499,1.8693386,1.8743796,1.7048299,1.8650177,1.9303118,1.9319878,1.7791413,1.8518069,1.8242841,1.7174021,1.8768693,1.729454,1.8055359,1.6934797,1.8144215,1.89744,1.6805447,1.7406665,1.832571,1.8519244,1.8726834,1.8621235,1.8259474,1.7310224,1.7640908,1.8151454,1.7619532,1.679531,1.9090331,1.6845995,1.9020455,1.8381728,1.9265031,1.653278,1.7387397,1.9325812,1.8658673,1.8794799,1.7432137,1.723892,1.769754,1.800249,1.8445182,1.7797256
1.7752925,1.771475,1.7768652,1.8106637,1.9126089,1.7959874,1.7108496,1.9361172,1.7877723,1.7207925,1.9156821,1.7934196,1.8181947,1.8519689,1.6379082,1.7879844,1.6488192,1.6330163,1.7595448,1.8490477,1.7710729,1.9187497,1.69887,1.6851536,1.8288349,1.852132,1.6663004,1.7798717,1.8046879,1.8097825,1.9407233,1.8414091,1.8876143,1.8248075,1.6103989,1.7089955,1.7815051,1.6951554,1.8826003,1.8415153,1.7823198,1.6946942,1.7940247,1.6956463,1.6995636,1.6828823,1.8579501,1.8258092,1.8602031,1.8686967,1.9414026,1.6788477,1.6344743,1.6251496,1.8597188,1.6686757,1.8702754,1.6879059,1.8190675,1.8923397,1.6927457,1.7363814,1.8796508,1.7688634,1.6387432,1.6603944,1.74638,1.8012033,1.7346088,1.7992401,1.8141478,1.6392618,1.6711661,1.6866288,1.6910644,1.7870171,1.7091848,1.890639,1.8863057,1.7878911
2.0628674,1.8132951,1.7555329,1.816991,1.6300801,1.7891524,1.7058929,1.7845383,1.8517632,1.7348453,1.6918881,1.7636828,1.8604879,1.8696474,1.816019,1.8506523,1.7077029,1.9291391,1.6770627,1.7863463,1.9385248,1.8657031,1.7467347,1.734628,1.7663057,1.670877,1.620138,1.7939234,1.7375972,1.8221078,1.6305239,1.7081126,1.7084057,1.6420444,1.8510354,1.7281591,1.831192,1.7289616,1.8981185,1.8841579,1.8190455,1.8572125,1.7849832,1.9062021,1.8846745,1.7000886,1.663203,1.8412201,1.7912253,1.6989108,1.7294095,1.8451443,1.8641721,1.8278593,1.888198,1.8485578,1.8400607,1.7486984,1.6638063,1.7545396,1.7287856,1.8390355,1.9726778,1.7745215,1.6800553,1.6657926,1.6496747,1.7362076,1.6869313,1.8454255,1.8713084,1.8955822,1.7749069,1.849413,1.680545,1.6806384,1.8213305,1.773413,1.5774207,1.8169303
1.9176246,1.8852211,1.7873392,1.8656201,1.8665477,1.7680938,1.7460494,1.6125784,1.9162221,1.6908371,1.8434813,1.7825015,1.8540654,1.8501519,1.6252419,1.7720906,1.7196194,1.802835,1.7802191,1.8654597,1.6741633,1.6078303,1.636103,1.6890985,1.7085927,1.6698036,1.6919261,1.6674327,1.7428149,1.6551951,1.8212777,1.8145163,1.7785534,1.6642903,1.6987237,1.8180168,1.8049674,1.7171631,1.6294587,1.7031415,1.719356,1.8687167,1.8933104,1.7038263,1.7922716,1.7809045,1.6616788,1.7281849,1.9103428,1.7135327,1.7908825,1.8849347,1.8662835,1.8096662,1.8353213,1.8501519,1.8524987,1.8948545,1.7832819,1.8621229,1.7566539,1.7856716,1.81159,1.743113,1.6789094,1.8542051,1.6962227,1.787891,1.8330183,1.8123645,1.8237722,1.826744,1.8666539,1.779734,1.8029411,1.7768749,1.7636127,1.787473,1.8308133,1.7933879
2.0055232,1.8228123,1.6490932,1.8685081,1.7970632,1.7052107,1.7781322,1.7475286,1.8351693,1.7967975,1.8924456,1.8365293,1.6573237,1.6460816,1.6611233,1.7234814,1.593242,1.8497565,1.8338677,1.862821,1.8819642,1.845685,1.8226066,1.6893271,1.8681455,1.6942443,1.7370384,1.7292337,1.6104329,1.8060755,1.8669444,1.6416062,1.86034,1.7061629,1.8755485,1.8845834,1.754445,1.8773388,1.7484443,1.7364484,1.7441614,1.8400131,1.777146,1.8297836,1.8794326,1.739076,1.8452374,1.6659027,1.6777838,1.8156267,1.7865247,1.6447667,1.5680469,1.9207753,1.7330589,1.8621235,1.8215685,1.8147985,1.8096495,1.8268375,1.8397963,1.7284194,1.622623,1.7764022,1.8418379,1.7891226,1.6496259,1.8117362,1.883373,1.8317156,1.810813,1.7773618,1.7448071,1.6858981,1.6943601,1.6607374,1.6586457,1.8258953,1.7309831,1.8156791
1.8123256,1.877976,1.7934949,1.8223659,1.8339943,1.5576,1.675686,1.5641015,1.6929566,1.7960187,1.6949508,1.6483655,1.867493,1.9096078,1.8468101,1.6549236,1.7915319,1.712981,1.6380372,1.817618,1.8278432,1.8827645,1.8160597,1.7169259,1.6469362,1.6526216,1.5776367,1.6889749,1.7177743,1.5556875,1.8528968,1.6858109,1.8017299,1.7105575,1.8610806,1.8882446,1.827898,1.9526591,1.7039357,1.7137007,1.6799345,1.8343327,1.6675675,1.6829834,1.6832803,1.5875272,1.7051488,1.8754631,1.7661526,1.6635855,1.699629,1.7400572,1.9537405,1.684906,1.8198009,1.8628124,1.6234865,1.6201499,1.8758434,1.800166,1.857212,1.8309879,1.6917573,1.8229496,1.7944266,1.9327712,1.7460133,1.6258321,1.7522309,1.7464795,1.7469393,1.7569481,1.9140308,1.8174335,1.6882259,1.7210864,1.7729533,1.7736619,1.7435817,1.7739317
1.9897308,1.8833275,1.8473357,1.7394749,1.8940853,1.6838474,1.6222066,1.614449,1.8435053,1.8476435,1.7708775,1.6083981,1.6537278,1.8220602,1.7161301,1.8540976,1.682225,1.8365554,1.8678935,1.7440892,1.7318676,1.8577163,1.6944231,1.7856711,1.831969,1.7308806,1.6130316,1.6423863,1.7227758,1.75966,1.7378975,1.8310809,1.6787665,1.6778677,1.7196016,1.812757,1.7770995,1.7163011,1.7696046,1.839823,1.7637053,1.8276399,1.8476435,1.7503878,1.6363392,1.5863962,1.6504071,1.7350054,1.7292092,1.7033153,1.8994664,1.735317,1.6996019,1.8563693,1.8378403,1.9023106,1.9167787,1.8887336,1.6789672,1.6194094,1.6328275,1.7704662,1.8390223,1.7738581,1.5803425,1.8380413,1.697579,1.830547,1.7870698,1.6637738,1.6982334,1.7508672,1.7979338,1.8363907,1.8344982,1.7976732,1.6857033,1.6398605,1.6433796,1.8498386
1.889619,1.7552617,1.659441,1.603663,1.6601233,1.9340371,1.64956,1.7312396,1.663384,1.7984295,1.7368937,1.716373,1.792225,1.7055368,1.8699743,1.80221,1.8290627,1.8148707,1.6912031,1.8248276,1.6500839,1.8083749,1.7397937,1.8250608,1.8657722,1.6702343,1.7334454,1.887992,1.8042269,1.5948522,1.8840324,1.6538988,1.6434352,1.7540407,1.7370554,1.731576,1.8063152,1.7475548,1.6587281,1.671932,1.609073,1.7223195,1.690099,1.9253643,1.7676965,1.7549506,1.7769848,1.755465,1.6716295,1.6056582,1.6263307,1.8449204,1.7949442,1.8298497,1.6274601,1.8375765,1.8236115,1.6575843,1.8636672,1.6249194,1.8868486,1.9126576,1.8053735,1.815362,1.9611347,1.7639272,1.7646282,1.8050389,1.6194392,1.6990175,1.7923409,1.8875577,1.8777003,1.8302015,1.7584383,1.7298211,1.7488732,1.7003865,1.6803163,1.6853786
1.9060743,1.8564999,1.7979378,1.7457871,1.6276413,1.9148003,1.8374984,1.739308,1.6557947,1.7463582,1.8255006,1.7680178,1.7902058,1.7480485,1.6468291,1.6255946,1.7287104,1.7778745,1.6143571,1.7817262,1.8492011,1.7873422,1.6332583,1.7808656,1.6506075,1.6383464,1.6495632,1.7093996,1.8762225,1.6671674,1.8264526,1.887533,1.8684748,1.7667172,1.6651918,1.6293951,1.8749648,1.6394377,1.6530557,1.704798,1.7403007,1.703316,1.6815412,1.9022259,1.8572683,1.6699057,1.6032935,1.6617088,1.7481825,1.8472085,1.9036376,1.8529093,1.6948632,1.6366699,1.7177953,1.6635717,1.7029064,1.7544245,1.8342437,1.698375,1.6600175,1.7327107,1.7347726,1.62171,1.6516825,1.7656013,1.6818115,1.8283156,1.8636322,1.8173275,1.7265971,1.6684331,1.6757754,1.6146778,1.8697647,1.8071306,1.7426444,1.9139137,1.8809384,1.8760307
2.001189,1.7064155,1.6221172,1.8125126,1.8327681,1.8864647,1.6253768,1.6947433,1.7697659,1.7221274,1.8230215,1.6574641,1.6450872,1.7948544,1.7307365,1.8078086,1.6369658,1.6638966,1.7159626,1.7097851,1.7025536,1.7414489,1.8061962,1.8516656,1.851297,1.6329666,1.7774928,1.6484213,1.6167262,1.6407281,1.707805,1.8933678,1.7914901,1.7281042,1.8051922,1.8523775,1.695043,1.7053304,1.8807086,1.672629,1.6219783,1.6721108,1.6284865,1.61215,1.8129429,1.777404,1.8545794,1.8516086,1.7648935,1.9059738,1.7853363,1.6992277,1.7256414,1.8166983,1.7401328,1.6845913,1.6584578,1.6031033,1.8325799,1.7213161,1.8937039,1.8266286,1.8624752,1.7172785,1.6991028,1.7718136,1.8067663,1.7269784,1.6883944,1.8191004,1.8111745,1.6999369,1.6387548,1.6330843,1.658139,1.7983993,1.8194891,1.6874646,1.9096665,1.813476
1.9072146,1.8654052,1.7684411,1.832332,1.743007,1.7349693,1.7210103,1.6588932,1.6216408,1.5967419,1.7298831,1.8210976,1.6313559,1.7367542,1.6418716,1.622215,1.5650841,1.8196534,1.8112389,1.8163934,1.9341896,1.8062791,1.6238624,1.8720257,1.8185409,1.7147682,1.8544962,1.8393121,1.6644543,1.5937362,1.6692692,1.6544371,1.7562004,1.8919666,1.6958714,1.6505394,1.6781917,1.6570672,1.746043,1.7535534,1.8295146,1.654456,1.7349417,1.7432393,1.7456479,1.8335999,1.7650741,1.580747,1.6503073,1.8179172,1.7293482,1.6482804,1.5606086,1.7495397,1.7844273,1.7183464,1.7492671,1.7603925,1.7823426,1.8066212,1.7318189,1.7174995,1.8267395,1.7796022,1.8293821,1.6757153,1.7694191,1.6461576,1.7297105,1.8186791,1.7552824,1.7017843,1.829143,1.6546488,1.6693529,1.6809938,1.6962547,1.6647305,1.7345814,1.7048384
1.9764048,1.7396252,1.6991423,1.713405,1.6999732,1.6616278,1.5843822,1.7268733,1.6491646,1.7771981,1.7227683,1.7403197,1.6362737,1.825182,1.6801529,1.6473664,1.7388115,1.6364064,1.7288243,1.6412617,1.7718161,1.8592639,1.606342,1.6959956,1.8471249,1.680945,1.830187,1.6837485,1.7735542,1.6712575,1.7003026,1.7595803,1.5881795,1.79576,1.7190495,1.8659927,1.7408637,1.7311342,1.8216828,1.6818455,1.6878942,1.8211474,1.8642933,1.8269138,1.6385155,1.8142606,1.8822999,1.8546202,1.9173411,1.8454918,1.8203012,1.8612937,1.861072,1.674717,1.7929486,1.6752173,1.6713775,1.865227,1.5870037,1.7097942,1.8955361,1.6821806,1.7436976,1.7695572,1.778822,1.8081847,1.8064516,1.8249745,1.6987305,1.6102209,1.7633588,1.7746017,1.5852437,1.5610367,1.7761365,1.7267332,1.8164634,1.7471938,1.7104881,1.8243065
1.9411459,1.8597873,1.6995051,1.8779511,1.7802484,1.814619,1.8613465,1.8123709,1.8582836,1.7802606,1.792543,1.8031976,1.7419587,1.7091415,1.690073,1.7756068,1.6100694,1.7471118,1.7074937,1.7823067,1.869529,1.665104,1.781416,1.7640274,1.6709003,1.7850062,1.8704756,1.6294782,1.8384308,1.7202488,1.8482001,1.8224955,1.7667031,1.7949895,1.7959074,1.7811679,1.6968378,1.662128,1.6938282,1.74466,1.7725325,1.5952637,1.7370703,1.7062489,1.7882249,1.8548334,1.6885825,1.8439736,1.750649,1.6854492,1.6854492,1.6986809,1.7804811,1.7306936,1.7394848,1.8068516,1.8095905,1.8743075,1.8525649,1.817168,1.676459,1.8422375,1.8310353,1.7623096,1.7785326,1.683503,1.584475,1.6485602,1.8110982,1.7845752,1.6500809,1.8133913,1.7063302,1.7215203,1.6623,1.6772275,1.9062169,1.7705646,1.8254151,1.8376676
1.9606355,1.8285195,1.7971026,1.7633759,1.6219558,1.6697506,1.7607452,1.679866,1.7127802,1.824956,1.7407922,1.7959458,1.6906878,1.7485468,1.86984,1.7306405,1.7698468,1.8303732,1.6967077,1.6324785,1.7295612,1.6453818,1.86422,1.7877336,1.6911758,1.6799953,1.7800477,1.5673158,1.8494307,1.7206687,1.7914616,1.7827985,1.6452734,1.6905719,1.6599519,1.6516988,1.636146,1.6676323,1.7916472,1.672361,1.8303199,1.7513964,1.8214142,1.6920156,1.8170351,1.8652667,1.7880963,1.7873573,1.71137,1.8503829,1.6836424,1.7494519,1.8129349,1.827015,1.7168379,1.6690425,1.6210166,1.6185654,1.6975985,1.7718562,1.729771,1.7256451,1.6622157,1.7285156,1.7694738,1.7548692,1.6537278,1.6136688,1.7293419,1.6803533,1.5957531,1.6539118,1.760351,1.6712278,1.7308764,1.8630679,1.6942402,1.7912248,1.7846328,1.7888474
1.9674546,1.6365372,1.7120641,1.7628978,1.717504,1.6245689,1.7494535,1.6292685,1.859002,1.8208238,1.7291774,1.7655723,1.6624961,1.6367627,1.849225,1.6882794,1.7432541,1.7943728,1.7488902,1.740198,1.624102,1.7071866,1.7330964,1.6220936,1.7143481,1.6728337,1.6808763,1.6491321,1.7193024,1.8151728,1.6042714,1.7260975,1.6617689,1.8660003,1.804899,1.6443981,1.7931784,1.7577204,1.6860106,1.6702412,1.7203586,1.6629187,1.8733314,1.8019264,1.6678758,1.7155935,1.6327994,1.6882011,1.8146336,1.6422141,1.6854911,1.5654253,1.7634242,1.7473992,1.7784059,1.7555419,1.7320682,1.7688518,1.7636409,1.8781068,1.7380266,1.8472037,1.6994734,1.8451452,1.6757352,1.7369514,1.6341828,1.7147152,1.5957912,1.793834,1.6720309,1.778335,1.7964123,1.765794,1.6980394,1.6382993,1.6392137,1.6269482,1.6967702,1.7916471
1.8684144,1.805943,1.7138716,1.6030867,1.7892494,1.721079,1.6217371,1.7317916,1.7607269,1.922512,1.787563,1.8209746,1.6966647,1.5885959,1.7385633,1.848081,1.7222743,1.8092732,1.7098285,1.7167822,1.5756578,1.7897209,1.830914,1.7284287,1.7900043,1.6356928,1.7443608,1.8322121,1.6328353,1.7791368,1.7807823,1.7634922,1.8086655,1.5936694,1.6814833,1.7651095,1.7780368,1.7864584,1.7033848,1.7870797,1.6946312,1.7901983,1.6380179,1.8563238,1.7100608,1.7754692,1.7850585,1.629599,1.6958054,1.6923177,1.8141713,1.6771977,1.7275201,1.744684,1.7210234,1.8284147,1.5908692,1.8059379,1.7604086,1.6917636,1.7689551,1.80223,1.7868304,1.7455449,1.7487382,1.7340223,1.864192,1.6892891,1.6344893,1.5428247,1.679552,1.7588738,1.8796082,1.7543135,1.8135588,1.6584845,1.6122105,1.7791028,1.8239532,1.7410365
1.9165595,1.763275,1.6666763,1.6428916,1.6028304,1.7197465,1.7748191,1.7360964,1.7387729,1.7012714,1.6863053,1.6650867,1.6954564,1.819865,1.8241068,1.8327895,1.7879909,1.8015845,1.6560177,1.7532291,1.7815489,1.7558553,1.7640438,1.7626601,1.8317466,1.826723,1.6882241,1.6862352,1.6110412,1.5885133,1.8111231,1.7028903,1.6533378,1.7059994,1.5884712,1.669298,1.6677693,1.8157029,1.6464041,1.7789904,1.7267786,1.6410438,1.7232741,1.6263903,1.787902,1.6071515,1.790274,1.6094446,1.6780995,1.7513026,1.7598349,1.7860168,1.696171,1.6079272,1.8519607,1.8208085,1.7006003,1.5237836,1.7150176,1.8493478,1.5916867,1.617075,1.6861686,1.8096595,1.649527,1.7946479,1.7165344,1.7156103,1.8002312,1.7638489,1.7130983,1.7583292,1.7464693,1.7612777,1.7685059,1.7261881,1.763549,1.8460515,1.681095,1.6966959
1.971814,1.8239532,1.6991249,1.5925084,1.5726844,1.699591,1.6256229,1.7610601,1.8184243,1.7237828,1.8161163,1.7405665,1.8431139,1.8621442,1.6726924,1.743891,1.8135096,1.7700472,1.7557663,1.8011813,1.7342944,1.8336502,1.6806912,1.7466298,1.813472,1.8012563,1.8232204,1.6356597,1.7973589,1.7602407,1.6185726,1.8370601,1.7533199,1.7468046,1.8000118,1.6802129,1.6150684,1.7827158,1.6672804,1.731744,1.5950351,1.7163408,1.7533709,1.7738769,1.8137847,1.8920544,1.71971,1.6459085,1.8015525,1.7303761,1.766998,1.6154743,1.8168979,1.768567,1.7599086,1.7179404,1.5632262,1.8162936,1.753666,1.7888637,1.7079166,1.7484748,1.8713729,1.7061394,1.6169626,1.6499556,1.6542381,1.6871221,1.7339883,1.7503754,1.799792,1.6196728,1.7300522,1.6044966,1.7781534,1.8035052,1.658641,1.765474,1.6220834,1.7104322
1.8789659,1.6914202,1.764197,1.7615129,1.7279646,1.7815489,1.6753668,1.7175264,1.7282083,1.7599086,1.7269832,1.6101367,1.5792279,1.7187492,1.6441437,1.644525,1.7939243,1.5947174,1.805547,1.8275857,1.7314414,1.8246117,1.5625952,1.6252735,1.705492,1.7710427,1.7280712,1.772722,1.7890486,1.7872841,1.515421,1.640539,1.8331641,1.7344309,1.7915577,1.6758006,1.8397771,1.7800763,1.7693251,1.6446497,1.6276978,1.8119369,1.7028854,1.6938211,1.8093123,1.5783339,1.6138456,1.7889452,1.6273292,1.6509826,1.6347268,1.7326331,1.7593596,1.8171846,1.7081617,1.6521523,1.8194816,1.831626,1.6481184,1.5201726,1.5876727,1.7041099,1.7940338,1.5529488,1.6479267,1.7961388,1.69229,1.7270179,1.710076,1.7572364,1.6761831,1.7088305,1.6112592,1.6015409,1.8046595,1.7080315,1.5943993,1.7564163,1.8118145,1.6676041
1.8641566,1.7246536,1.550129,1.7000452,1.8022778,1.6628284,1.6406895,1.7194166,1.7735139,1.6491075,1.7890879,1.7789204,1.7624658,1.6109455,1.6120381,1.5945652,1.7749567,1.8272352,1.7607384,1.6930686,1.6889226,1.6597217,1.6670303,1.7734032,1.74428,1.706807,1.6826426,1.7641686,1.5901154,1.6237746,1.5367696,1.7751117,1.7902573,1.7511966,1.6172622,1.6200017,1.6032598,1.5976689,1.585289,1.7351004,1.6423113,1.7476506,1.7809356,1.6427428,1.8441634,1.7549489,1.6792347,1.842726,1.6640747,1.7076206,1.5848014,1.7312202,1.7913628,1.7077024,1.7299562,1.7824472,1.7630723,1.6564488,1.6567364,1.5733414,1.6938369,1.7907261,1.7661515,1.6180402,1.6455432,1.6288021,1.7347915,1.752378,1.5988979,1.6438446,1.7108704,1.6540161,1.7681634,1.8276101,1.6872452,1.5686558,1.6617221,1.6159862,1.658024,1.8276731
1.7916048,1.7905569,1.7637792,1.7559936,1.6622655,1.6213611,1.8228422,1.7348481,1.6868132,1.7803497,1.785314,1.591104,1.6702815,1.7620023,1.7621192,1.6358594,1.6626557,1.7820579,1.7454588,1.744934,1.6317503,1.6892713,1.7963278,1.5792091,1.6541919,1.811627,1.6813205,1.6549042,1.7347898,1.6618723,1.7329344,1.7182845,1.6076208,1.6495517,1.7420374,1.6074435,1.6968616,1.7570367,1.731439,1.8159539,1.6540015,1.6813402,1.7145004,1.7608727,1.5795496,1.6868604,1.735014,1.7048311,1.6616938,1.7751883,1.7564074,1.8478227,1.684363,1.8965522,1.6494478,1.6916047,1.7952615,1.7513543,1.7316029,1.6612766,1.631917,1.7425952,1.8348513,1.6260748,1.8587717,1.684014,1.8033682,1.7215706,1.7170117,1.7311324,1.745363,1.7955066,1.8854258,1.7079525,1.5519333,1.7563013,1.6572989,1.776346,1.6319193,1.6235884
1.874605,1.7270523,1.861234,1.5686285,1.7290058,1.667025,1.7995039,1.7830267,1.6988854,1.7720858,1.7364225,1.6360912,1.8586131,1.583829,1.819376,1.7940652,1.7786673,1.7652625,1.6811488,1.5984061,1.7525434,1.7844534,1.6039722,1.5582337,1.6780412,1.7540737,1.6962435,1.5830843,1.602203,1.5649009,1.5465468,1.595553,1.6745026,1.7351671,1.7448903,1.7360581,1.6626762,1.6812817,1.611949,1.5931165,1.7364032,1.7311972,1.6172796,1.6487622,1.6653858,1.696807,1.7179042,1.6468819,1.707481,1.7217556,1.724136,1.6946312,1.6193882,1.7953435,1.6866716,1.7414757,1.8055273,1.7465812,1.769296,1.7557169,1.7349074,1.7803414,1.727578,1.7443228,1.7716362,1.6982859,1.710574,1.8030093,1.6583835,1.6632531,1.7195225,1.5589926,1.6721349,1.5869943,1.7493788,1.8079944,1.7986475,1.6789155,1.7845159,1.6245713
1.9229517,1.6385176,1.6484519,1.5156575,1.7681217,1.7873819,1.8010887,1.6369494,1.8215692,1.6504843,1.7898431,1.7333201,1.7980917,1.6957695,1.6537883,1.7334166,1.6726987,1.7119532,1.6110245,1.7100208,1.586882,1.7547685,1.6948472,1.7789472,1.7249836,1.8149468,1.7544655,1.7986596,1.761269,1.7848743,1.7155423,1.8220823,1.6875968,1.8625615,1.6474712,1.7416974,1.6890618,1.8513539,1.6637692,1.8136189,1.6388786,1.6018697,1.5498726,1.599668,1.765354,1.7516521,1.712902,1.697908,1.6724235,1.7702283,1.7247905,1.7263448,1.784017,1.6321454,1.5825721,1.6192874,1.6903702,1.7264788,1.7708744,1.6828597,1.616328,1.7201675,1.5743529,1.8177992,1.765461,1.7972316,1.8087353,1.6370255,1.5779058,1.6044989,1.5605671,1.7696819,1.6159676,1.6984724,1.8228381,1.8422698,1.7747047,1.7788677,1.622728,1.6856023
1.8679639,1.6732051,1.7498323,1.6080055,1.7851145,1.7132478,1.6634706,1.7178215,1.6062968,1.7353677,1.82225,1.5785259,1.7131662,1.757728,1.6440709,1.7699035,1.603911,1.7458947,1.5273483,1.6782488,1.7401961,1.7093996,1.7437977,1.8691546,1.6872467,1.7617608,1.7281384,1.5579907,1.5772464,1.5359282,1.5800416,1.652873,1.5901325,1.5698345,1.7741355,1.7482351,1.7294261,1.6710483,1.7753782,1.7594146,1.5396578,1.5967768,1.7067637,1.6667926,1.7115282,1.6241075,1.7754045,1.7577059,1.6194775,1.7451857,1.7901303,1.6366208,1.8019421,1.8091283,1.5538328,1.6826782,1.7041246,1.7600949,1.5756323,1.6673726,1.5871514,1.7254244,1.8563402,1.6201876,1.6536988,1.6533927,1.713737,1.619153,1.701758,1.7915144,1.6629926,1.6110821,1.5948211,1.6129439,1.7678427,1.7244892,1.6628643,1.588696,1.7521323,1.5884604
1.8377544,1.581661,1.7180138,1.5850855,1.7272185,1.7461836,1.657752,1.6910013,1.815925,1.7881588,1.6173849,1.6032858,1.6655121,1.8516022,1.7642788,1.7361598,1.6896884,1.7782979,1.7189779,1.7224603,1.5912116,1.709962,1.662475,1.6884885,1.7491333,1.5974152,1.7595581,1.7092683,1.6833721,1.6849412,1.8108703,1.7858256,1.7180302,1.7657291,1.700185,1.6321613,1.6026164,1.7793288,1.797588,1.7558743,1.7778683,1.7821438,1.8000113,1.7664547,1.7831984,1.689236,1.6395714,1.6464082,1.6016887,1.6971387,1.7801028,1.7164123,1.7319148,1.7666304,1.7861017,1.6710258,1.657567,1.6509718,1.7406865,1.7483525,1.7227547,1.5578709,1.7383602,1.6569527,1.6055846,1.5615641,1.7490358,1.691044,1.6189437,1.714795,1.7940764,1.5556751,1.774479,1.737506,1.772468,1.694579,1.6758547,1.6841478,1.6501253,1.6712695
1.8203664,1.6208003,1.654962,1.5964342,1.5516971,1.6903492,1.7605495,1.7720845,1.7699099,1.7486832,1.7476445,1.5138448,1.7480967,1.6991769,1.7900217,1.7431608,1.5890855,1.615498,1.6681614,1.716366,1.6348965,1.6175058,1.6555951,1.6696738,1.7296164,1.7798275,1.70277,1.5801965,1.7179856,1.6340396,1.763821,1.7479212,1.5886556,1.5039145,1.7715809,1.7588011,1.6248001,1.7202923,1.7050184,1.8076768,1.6084579,1.7735628,1.7236263,1.818353,1.7733018,1.6641496,1.6205552,1.5951896,1.542571,1.577631,1.6308697,1.6403182,1.5614452,1.645988,1.6548762,1.5217463,1.6544306,1.6702664,1.5360283,1.6923171,1.6413348,1.6476824,1.647417,1.7622266,1.7263923,1.628933,1.8211498,1.7660803,1.8102279,1.7650247,1.762116,1.804674,1.6846786,1.7398704,1.6693586,1.7610884,1.8184159,1.6848516,1.7094741,1.5939064
1.758338,1.6365899,1.6650889,1.5508834,1.6650841,1.6801076,1.6781664,1.7801728,1.6803372,1.6339757,1.70347,1.6739525,1.5849576,1.5534644,1.7578232,1.6577318,1.737559,1.6014477,1.7552502,1.7073921,1.8019468,1.6518905,1.7276965,1.730246,1.6387502,1.5237849,1.6596715,1.784551,1.6458561,1.7109526,1.7209564,1.7707863,1.7098454,1.7431645,1.6229868,1.6932354,1.5392917,1.709947,1.6212922,1.6700779,1.7191573,1.7330915,1.5868995,1.7982928,1.606952,1.7289364,1.7816399,1.6266482,1.7303121,1.8128158,1.7179852,1.6759996,1.7062576,1.7381883,1.6437753,1.6045897,1.7778277,1.5812268,1.6803793,1.8286633,1.58427,1.5729808,1.5845312,1.5564159,1.7317601,1.8609766,1.6298654,1.6615207,1.784561,1.590089,1.5913413,1.7884991,1.8067193,1.6079869,1.7536286,1.6243434,1.5821702,1.542949,1.7816839,1.6385506
1.7117882,1.5221493,1.6140255,1.6121532,1.427466,1.6347148,1.6221406,1.6750687,1.683081,1.6122395,1.7682481,1.7154882,1.7543164,1.6781899,1.8089018,1.7180281,1.810089,1.8061123,1.6982796,1.672536,1.7246227,1.7012229,1.7068944,1.815111,1.7185438,1.5375111,1.809153,1.7996639,1.7927357,1.7745036,1.6482314,1.6755943,1.7146884,1.6524622,1.753284,1.7781358,1.7414379,1.7945077,1.587812,1.7112824,1.7112434,1.6383425,1.7058922,1.6626716,1.7446764,1.6588365,1.6926099,1.6279962,1.7694821,1.749659,1.7402338,1.6902082,1.7288296,1.710094,1.7255347,1.7353959,1.7636914,1.7720516,1.7361165,1.7924109,1.7285517,1.6296632,1.5411601,1.7920139,1.6507329,1.7928507,1.7232305,1.7222322,1.6485485,1.7217033,1.6670243,1.7153385,1.6757784,1.6260895,1.644536,1.620456,1.597008,1.5904052,1.5364004,1.731312
1.8409364,1.5049182,1.7610016,1.716382,1.8538393,1.7813154,1.7607425,1.7383118,1.6649853,1.5496631,1.7414551,1.725414,1.7284435,1.7413003,1.7662623,1.6950352,1.6197752,1.688929,1.7370896,1.5729647,1.6462791,1.5852597,1.739007,1.6779181,1.6840229,1.7849047,1.6173247,1.5166408,1.4706136,1.7379484,1.6795224,1.5062118,1.6597034,1.694919,1.7442364,1.5993468,1.5944487,1.7194467,1.6851882,1.6728716,1.6534708,1.6068977,1.7207152,1.6514981,1.6398998,1.6969378,1.6855463,1.6912364,1.6602501,1.6359408,1.6256878,1.7355672,1.7195647,1.6933337,1.6869028,1.6023039,1.7280984,1.750272,1.7521738,1.7066857,1.7665151,1.6700336,1.7492363,1.7045081,1.5721966,1.7277533,1.621857,1.5730151,1.6529276,1.7203201,1.5720991,1.7813368,1.5800078,1.7636784,1.6354389,1.5331877,1.5867237,1.69626,1.628609,1.5912294
1.8566589,1.7756253,1.6707449,1.6358174,1.7237778,1.5933346,1.5921683,1.7441007,1.798042,1.7857496,1.7727996,1.5754576,1.6797043,1.7480471,1.6260352,1.7463871,1.7261554,1.5956757,1.6682571,1.6499751,1.7353561,1.6291256,1.6711636,1.7940471,1.7277515,1.6328984,1.6192013,1.6532701,1.5165975,1.4776571,1.625823,1.7430755,1.7352635,1.7540919,1.6407088,1.74102,1.6661067,1.6683835,1.6104283,1.6374575,1.6209079,1.7210938,1.5606238,1.7793616,1.649992,1.7975444,1.6015092,1.5462118,1.7791244,1.6611831,1.6909308,1.7201476,1.7302123,1.7341961,1.6814882,1.6469482,1.5193638,1.5913123,1.5550139,1.7198033,1.5625697,1.6755013,1.5212765,1.6757314,1.6951985,1.6760511,1.8271676,1.7123809,1.6405271,1.5888302,1.7185563,1.7672192,1.6592859,1.6418644,1.581325,1.6371769,1.639797,1.6209167,1.7579745,1.6606332
1.7443357,1.8173816,1.7642521,1.6984005,1.7334344,1.6632847,1.7237536,1.7042726,1.7687391,1.707091,1.7571337,1.756646,1.6976279,1.7613585,1.7929716,1.724874,1.7190918,1.6128356,1.6821375,1.7983564,1.756841,1.7686286,1.7177739,1.6742204,1.6934202,1.5136518,1.7258602,1.6221787,1.547266,1.5910212,1.8035886,1.7200098,1.6680266,1.6960982,1.7697724,1.7766136,1.7768786,1.8040744,1.803031,1.7799627,1.7488908,1.7324526,1.5387706,1.7387983,1.7454902,1.6790426,1.7204252,1.6143036,1.5247625,1.7188345,1.5405211,1.5925633,1.5942012,1.6648936,1.7377038,1.8086022,1.7075762,1.7041764,1.6429397,1.5511212,1.750951,1.7450274,1.6824187,1.6655381,1.6953535,1.7363831,1.749315,1.7426822,1.5731145,1.6946712,1.7502669,1.7199155,1.7682111,1.5718073,1.7052941,1.6967444,1.5441295,1.6089782,1.5667826,1.6062273
1.8989394,1.6905019,1.7117244,1.6159194,1.6804075,1.6950281,1.6457651,1.6497012,1.5885198,1.6906544,1.5897256,1.7063292,1.7310021,1.7243341,1.7002783,1.6162065,1.737446,1.8030984,1.7692944,1.6892538,1.570972,1.5385183,1.6735737,1.7461615,1.7157457,1.6248854,1.7482044,1.656865,1.7373735,1.7491535,1.6093727,1.7348715,1.7029228,1.7377318,1.6364942,1.6095225,1.5555987,1.7276522,1.7882017,1.8021226,1.7334578,1.606511,1.6161125,1.7551193,1.7518978,1.580441,1.6580174,1.6950043,1.7104563,1.7494096,1.589137,1.7333661,1.7404733,1.6639901,1.7696369,1.5529445,1.5914297,1.5460234,1.6016663,1.5311449,1.5659164,1.7714782,1.6885564,1.800011,1.7580749,1.6695327,1.738588,1.7671009,1.5973977,1.7060919,1.7583836,1.5778855,1.6327844,1.6921852,1.6791317,1.6789495,1.719188,1.7412713,1.7693466,1.7105811
1.7500921,1.6452348,1.6124998,1.6987231,1.7849126,1.7519965,1.7139529,1.7506073,1.7765012,1.677527,1.652479,1.6300085,1.7891945,1.727618,1.6010014,1.6071627,1.6042235,1.6003357,1.7143445,1.7590628,1.7574209,1.6732029,1.6994276,1.6562911,1.7036126,1.7555888,1.6059988,1.751991,1.7390355,1.5853735,1.7532306,1.8196553,1.6487553,1.5766765,1.5768546,1.6702074,1.7488238,1.6694441,1.6996683,1.5697356,1.6414428,1.7380402,1.6886404,1.7104291,1.7006184,1.6281613,1.6607292,1.6443061,1.5472869,1.7398145,1.6423639,1.6681342,1.6980839,1.6379223,1.5343606,1.7495893,1.77634,1.740421,1.7144916,1.6036482,1.53702,1.6674491,1.7449744,1.7243843,1.741568,1.6193376,1.5626303,1.6276644,1.6300815,1.6663383,1.7758491,1.7224603,1.5651824,1.7031873,1.5731703,1.6994429,1.7165871,1.7306612,1.7431902,1.0620698
1.7212616,1.7434155,1.6170431,1.7757907,1.7119961,1.5977877,1.6408303,1.601003,1.7577318,1.7021009,1.6387502,1.5110241,1.5778499,1.6425853,1.6104144,1.6833768,1.5804389,1.6609918,1.6999072,1.7106507,1.709962,1.5373493,1.7019987,1.7525805,1.6608002,1.5315825,1.750951,1.7315038,1.6060195,1.6466775,1.6579565,1.6499585,1.5568954,1.6768323,1.6747078,1.6702503,1.7630241,1.5712048,1.5814334,1.7426546,1.540836,1.7319964,1.7387273,1.7094142,1.66823,1.7089547,1.6697007,1.7175312,1.593012,1.5975803,1.5370202,1.7262404,1.7005724,1.6762847,1.5665002,1.5676887,1.5873303,1.5568398,1.6345279,1.4871197,1.5527742,1.7174679,1.7057527,1.7792051,1.7257669,1.7828388,1.62365,1.8128967,1.6259269,1.7413718,1.6794962,1.7885242,1.6014383,1.7293739,1.5346062,1.6966081,1.6717697,1.7261354,1.57153,1.7870988
1.6820618,1.686447,1.6050388,1.6490666,1.7621578,1.6815566,1.6613315,1.5133704,1.7504294,1.7467941,1.7032838,1.7923735,1.6973106,1.7025112,1.6249253,1.6280352,1.5418077,1.6305711,1.6889206,1.6541011,1.6474053,1.7662,1.6485234,1.573697,1.6410085,1.5622089,1.7241361,1.7555658,1.6778953,1.6664506,1.616806,1.688545,1.7347246,1.7245406,1.7309623,1.6963357,1.7161387,1.6244336,1.7572161,1.7030822,1.6713718,1.8227831,1.6507137,1.756929,1.5946631,1.673837,1.6746042,1.6094029,1.723291,1.6854713,1.6949303,1.7061514,1.782036,1.6600354,1.671802,1.6812361,1.6064637,1.6621389,1.7831593,1.6562483,1.7412968,1.6937425,1.6333969,1.5748867,1.7510278,1.8041381,1.727464,1.6385062,1.5927562,1.5812013,1.5606035,1.5828038,1.720593,1.5909168,1.7892346,1.720159,1.6088723,1.6149129,1.6421589,1.6053745
1.6935314,1.6790912,1.7561322,1.7374382,1.5489391,1.5153838,1.5699623,1.6667876,1.7417365,1.6683406,1.6087325,1.5453446,1.7500954,1.6663423,1.7061468,1.7629985,1.7786493,1.6090574,1.5976388,1.6107529,1.6453822,1.6097718,1.7809018,1.6700122,1.6776922,1.5840384,1.6457869,1.623982,1.5298167,1.7069815,1.7266091,1.5617653,1.6974263,1.7184236,1.6548702,1.5820581,1.6153425,1.6128902,1.7958187,1.6173156,1.7335459,1.5839397,1.7533932,1.6866113,1.6767973,1.5470678,1.8516524,1.670996,1.7547463,1.6124958,1.6569113,1.7063825,1.5815727,1.7273135,1.6629606,1.7057536,1.625779,1.7037503,1.6906059,1.6170435,1.5525792,1.6182599,1.6685575,1.5991557,1.549366,1.6985314,1.5493798,1.7278873,1.6248063,1.5329332,1.587304,1.7032027,1.7467654,1.6453964,1.5911925,1.6945001,1.7190317,1.7296764,1.5415931,1.6240731
1.7440732,1.6062763,1.7619954,1.7288007,1.7352146,1.5732414,1.5390117,1.7182864,1.7960879,1.6196083,1.557113,1.7087897,1.7458757,1.5612088,1.6064909,1.706951,1.588432,1.6327285,1.6835662,1.7304825,1.7147725,1.6238022,1.5413411,1.5542357,1.5951058,1.6944907,1.6515528,1.621142,1.7463237,1.5804672,1.6367635,1.6504974,1.6997051,1.6957049,1.6390405,1.6679943,1.7665985,1.6845815,1.7127222,1.5409174,1.6646675,1.7425809,1.5859121,1.7454646,1.7461483,1.6124136,1.7243927,1.686017,1.7388463,1.6798134,1.663844,1.5239531,1.590203,1.6839803,1.5391879,1.5463063,1.8169029,1.713334,1.698644,1.642511,1.7078104,1.6096214,1.6449904,1.6967964,1.6352947,1.6559085,1.7654836,1.6197172,1.6546801,1.6822869,1.663223,1.7063267,1.6317595,1.6145475,1.6556644,1.7964321,1.7416207,1.7432715,1.7400773,1.659298
