301.69434,291.80664,287.10693,285.3369,290.03662,306.21094,299.80225,297.36084,294.6753,292.29492,290.03662,298.7036,303.5254,298.3374,287.35107,297.2998,295.83496,286.98486,303.46436,298.5205,303.09814,294.79736,285.6421,300.29053,283.5669,295.0415,301.4502,288.14453,293.8208,290.1587,276.9751,317.01416,292.72217,302.73193,287.10693,274.77783,278.25684,299.92432,273.92334,284.72656,281.3086,295.77393,285.39795,270.87158,301.14502,288.32764,296.56738,293.8208,296.4453,276.18164,275.63232,286.0083,282.46826,281.06445,285.8252,273.0078,299.43604,306.08887,296.38428,289.42627,294.79736,298.45947,278.62305,289.9756,284.48242,294.6753,282.95654,282.77344,273.19092,284.7876,288.99902,282.04102,298.7036,294.4922,296.14014,291.31836,293.75977,290.5249,301.69434,289.54834
317.68555,305.72266,283.01758,291.07422,284.72656,296.62842,274.3506,278.50098,312.49756,284.23828,285.27588,292.29492,289.06006,296.20117,283.20068,299.43604,280.02686,289.1211,283.3838,296.38428,307.67578,300.47363,286.31348,285.88623,276.54785,296.2622,296.20117,284.72656,291.5625,304.62402,289.79248,303.09814,294.61426,303.58643,301.14502,287.65625,296.4453,293.6377,293.39355,301.87744,278.3789,279.84375,303.46436,289.18213,283.5669,289.9756,300.71777,280.39307,295.16357,277.76855,286.3745,292.7832,297.17773,293.39355,290.1587,293.1494,292.66113,293.02734,292.84424,309.93408,283.01758,282.40723,279.17236,279.96582,280.0879,296.2622,291.9287,288.2666,282.22412,284.4214,287.9004,288.32764,293.75977,291.07422,298.64258,293.6377,299.25293,297.9712,282.3462,286.8628
307.49268,293.94287,290.95215,285.21484,290.40283,271.4209,274.41162,282.28516,291.68457,284.23828,291.5625,279.29443,291.86768,258.2373,283.13965,280.8203,291.9287,272.94678,284.29932,290.46387,289.6704,275.083,294.187,287.53418,283.20068,289.42627,276.792,298.27637,304.50195,283.75,298.5205,281.6748,290.708,308.7744,279.47754,296.68945,295.59082,310.05615,280.02686,278.68408,300.83984,292.47803,281.73584,274.41162,300.71777,279.7827,282.46826,295.896,313.35205,278.98926,280.39307,293.94287,288.57178,297.1167,279.84375,295.95703,295.896,276.73096,276.05957,291.5625,288.2666,297.23877,296.7505,278.62305,275.44922,296.9336,286.8628,285.21484,270.07812,280.0879,280.02686,299.06982,300.10742,303.58643,300.4126,291.07422,290.28076,271.29883,288.99902,294.98047
298.09326,281.43066,294.37012,293.94287,272.4585,294.06494,274.65576,275.63232,293.57666,289.3042,297.17773,277.58545,284.90967,270.81055,271.29883,273.8623,285.45898,292.29492,285.58105,286.98486,276.48682,283.44482,281.00342,299.61914,279.4165,285.3369,302.42676,286.55762,315.06104,285.39795,290.09766,292.90527,286.6797,298.27637,303.76953,293.4546,287.16797,295.95703,284.17725,283.87207,275.083,304.9292,293.08838,299.06982,284.72656,275.99854,283.13965,276.91406,281.3086,278.74512,265.5005,279.47754,283.20068,294.30908,288.81592,282.46826,298.1543,303.95264,293.02734,295.7129,289.18213,278.3789,302.42676,278.25684,276.73096,281.3086,278.74512,282.59033,287.96143,291.13525,285.76416,269.1626,285.52002,284.54346,280.39307,286.92383,282.83447,273.06885,288.0835,277.64648
307.1875,292.6001,293.51562,286.92383,278.31787,291.86768,260.86182,279.2334,273.98438,292.29492,281.36963,276.36475,294.37012,278.62305,282.5293,284.66553,285.27588,292.90527,286.06934,277.8296,287.0459,284.4214,292.05078,290.21973,299.92432,282.22412,292.417,285.09277,289.9756,264.1577,283.62793,297.1167,280.39307,285.58105,290.03662,268.06396,283.9331,291.31836,289.18213,274.28955,270.7495,303.40332,282.10205,286.06934,276.91406,285.27588,285.3369,279.96582,300.2295,270.13916,276.36475,296.2622,292.35596,290.46387,291.1963,287.0459,279.47754,292.72217,276.54785,284.17725,286.25244,284.36035,292.29492,282.1631,281.43066,288.69385,293.33252,290.5249,280.33203,296.20117,286.74072,288.4497,270.50537,287.0459,268.125,293.8208,267.57568,271.7871,281.43066,274.77783
310.23926,278.92822,290.09766,284.9707,286.92383,275.99854,271.90918,268.24707,295.46875,284.29932,292.417,292.53906,279.96582,277.28027,288.4497,275.63232,282.10205,285.8252,281.73584,274.47266,281.00342,273.80127,291.98975,292.11182,268.73535,295.16357,281.97998,297.54395,265.92773,273.313,303.95264,276.1206,282.10205,287.47314,271.90918,283.26172,275.14404,277.5244,291.62354,293.57666,304.2578,293.8208,280.14893,289.60938,299.375,299.06982,285.21484,273.06885,274.28955,277.70752,281.8579,298.76465,282.1631,289.1211,278.80615,269.3457,295.2246,284.4214,299.31396,305.7837,273.06885,281.00342,278.80615,287.77832,285.39795,276.9751,287.53418,286.92383,288.51074,270.13916,280.14893,273.92334,279.11133,287.7173,272.70264,299.80225,292.17285,293.02734,287.77832,299.5581
305.84473,284.7876,283.26172,276.24268,268.67432,266.78223,287.10693,276.91406,284.66553,297.60498,284.4214,283.99414,292.53906,297.60498,291.98975,284.90967,272.76367,268.24707,280.39307,270.0171,285.76416,274.83887,291.86768,285.94727,297.72705,298.45947,290.40283,295.2246,285.1538,285.3369,274.83887,284.1162,279.96582,291.86768,287.47314,290.76904,285.88623,272.70264,280.33203,272.2754,288.57178,272.8247,282.10205,281.91895,298.88672,271.4209,295.2246,286.13037,268.18604,280.33203,282.04102,277.70752,291.01318,280.75928,273.12988,277.95166,267.9419,282.22412,284.48242,275.63232,283.81104,278.80615,291.80664,282.22412,289.3042,298.76465,283.44482,296.7505,302.60986,290.1587,297.4829,286.80176,289.6704,289.3042,291.07422,287.77832,272.4585,270.81055,288.51074,293.4546
308.53027,293.94287,289.4873,287.47314,271.54297,289.24316,277.89062,285.09277,281.61377,274.96094,288.38867,271.7871,289.24316,278.74512,289.36523,278.1958,290.83008,280.14893,282.65137,281.36963,288.32764,270.99365,275.44922,273.43506,275.81543,273.80127,276.24268,278.92822,281.55273,282.59033,301.6333,265.74463,274.47266,275.32715,276.1206,265.6836,276.36475,293.69873,285.76416,290.83008,282.5293,280.57617,268.36914,268.00293,266.5381,276.3037,286.8628,281.97998,270.5664,271.604,270.32227,292.90527,259.21387,283.13965,287.77832,289.91455,291.68457,265.43945,276.792,292.29492,282.5293,279.96582,265.13428,286.49658,263.66943,271.17676,283.50586,268.18604,269.7119,276.48682,264.03564,270.50537,270.50537,302.24365,286.06934,284.17725,295.59082,295.10254,286.25244,289.73145
316.0376,260.4956,303.58643,282.3462,276.6089,279.96582,276.48682,286.13037,276.05957,287.4121,280.6372,278.31787,276.1206,267.02637,289.1211,279.47754,276.3037,274.83887,274.0454,265.8667,276.9751,299.06982,282.3462,288.38867,281.79688,287.7173,265.56152,278.07373,276.9751,285.58105,278.13477,271.17676,273.61816,290.1587,290.1587,281.18652,296.99463,283.01758,263.36426,279.72168,286.13037,261.22803,291.31836,272.21436,275.69336,285.94727,286.61865,276.24268,278.50098,294.0039,290.21973,277.09717,269.04053,297.42188,293.75977,279.84375,269.40674,280.14893,280.02686,263.6084,290.03662,253.17139,280.75928,286.1914,281.8579,267.63672,272.88574,293.39355,292.66113,265.13428,283.9331,270.7495,277.03613,271.4209,278.43994,280.57617,276.05957,259.76318,287.83936,269.65088
296.50635,276.792,267.4536,276.3037,257.93213,279.53857,269.77295,289.4873,270.99365,286.61865,284.54346,282.95654,272.21436,289.91455,268.55225,257.93213,273.4961,291.86768,273.37402,285.8252,274.7168,277.8296,275.99854,261.83838,291.50146,286.98486,291.7456,275.32715,279.9048,273.55713,286.06934,274.3506,280.6372,278.80615,267.14844,295.0415,281.91895,278.50098,281.24756,296.62842,283.62793,291.31836,284.54346,283.68896,281.24756,273.06885,285.6421,269.83398,270.7495,268.67432,269.1626,283.26172,287.53418,292.53906,271.84814,272.58057,271.66504,278.68408,287.96143,291.31836,287.229,279.0503,294.6753,274.10645,275.44922,273.74023,278.98926,286.25244,269.40674,278.68408,281.73584,274.5337,267.63672,273.0078,274.77783,289.85352,280.69824,275.2661,285.1538,275.38818
295.46875,285.39795,286.55762,269.22363,283.9331,283.44482,279.84375,281.97998,273.6792,269.95605,271.90918,292.05078,279.5996,298.27637,281.6748,272.8247,277.46338,285.09277,293.88184,284.17725,267.63672,269.58984,284.9707,292.53906,285.21484,278.8672,271.7871,280.02686,290.58594,284.9707,270.3833,283.87207,275.2661,288.81592,270.99365,285.21484,275.2661,289.79248,273.74023,285.8252,280.69824,266.66016,269.10156,278.25684,283.13965,288.75488,271.54297,278.8672,281.97998,277.89062,276.24268,281.3086,273.80127,269.46777,272.21436,263.12012,277.95166,273.37402,282.40723,279.17236,271.35986,276.3037,293.88184,275.14404,290.95215,274.47266,286.80176,284.05518,285.1538,285.45898,278.92822,295.5298,286.25244,296.87256,275.7544,289.24316,281.6748,276.91406,267.02637,285.70312
292.84424,283.50586,288.75488,281.97998,288.14453,270.32227,273.6792,279.11133,277.09717,294.187,276.6089,264.34082,287.4121,279.72168,282.1631,275.9375,273.19092,279.0503,281.1255,279.2334,303.09814,269.28467,264.8291,271.4209,280.14893,277.70752,273.4961,285.09277,278.13477,268.55225,270.99365,273.55713,252.5,288.38867,283.26172,267.4536,279.17236,277.3413,285.45898,283.75,267.2705,254.7583,278.3789,263.30322,286.3745,274.65576,279.66064,280.271,275.32715,279.7827,265.62256,273.92334,273.25195,248.83789,265.07324,292.9663,279.35547,272.33643,277.40234,249.63135,284.29932,279.53857,275.14404,289.4873,267.02637,266.9043,262.50977,271.7871,267.14844,269.77295,276.1206,268.9795,264.2798,289.18213,284.90967,279.17236,272.2754,269.65088,262.50977,274.0454
300.53467,288.51074,280.6372,272.03125,294.37012,278.74512,282.8955,266.96533,283.44482,278.8672,301.08398,268.7964,265.98877,256.40625,283.3838,277.1582,277.76855,273.43506,283.01758,271.7871,277.03613,288.99902,277.46338,263.2422,260.19043,274.0454,268.55225,279.47754,291.01318,289.73145,268.7964,267.20947,267.9419,277.5244,288.51074,287.229,286.55762,279.17236,278.13477,279.35547,273.0078,288.02246,276.36475,273.19092,279.0503,289.91455,291.44043,271.11572,261.7163,273.8623,292.35596,275.38818,276.24268,292.05078,291.07422,271.48193,270.13916,276.66992,261.7163,275.7544,295.896,277.40234,275.02197,265.80566,278.50098,286.74072,291.80664,291.3794,281.43066,271.9702,275.20508,273.6792,283.3838,293.27148,288.6328,283.81104,293.69873,296.14014,287.16797,289.6704
299.375,284.6045,282.8955,265.80566,286.6797,287.4121,281.8579,286.06934,276.85303,280.8203,279.53857,270.99365,275.81543,277.21924,271.17676,273.8623,272.88574,271.29883,258.78662,274.3506,294.187,280.39307,283.62793,292.6001,275.083,262.99805,262.2046,276.48682,285.58105,284.36035,287.83936,264.89014,277.70752,277.8296,285.45898,278.25684,284.9707,284.54346,280.33203,263.30322,285.1538,271.66504,268.00293,276.48682,276.6089,281.73584,279.66064,286.98486,280.51514,274.65576,278.0127,311.21582,286.3745,294.8584,289.60938,280.6372,281.6748,249.44824,279.96582,282.46826,298.27637,285.45898,272.76367,275.32715,288.75488,282.3462,275.9375,268.85742,266.47705,274.47266,275.44922,294.06494,292.84424,276.42578,277.58545,272.15332,287.4121,289.3042,274.65576,277.28027
307.67578,295.2246,287.29004,268.91846,263.2422,268.55225,277.95166,296.62842,284.72656,270.87158,274.41162,278.62305,274.41162,273.313,269.77295,280.51514,280.94238,269.95605,273.37402,283.68896,289.1211,276.792,292.9663,273.61816,267.63672,270.93262,270.32227,280.51514,265.98877,286.43555,262.44873,270.32227,260.06836,267.7588,281.97998,281.61377,270.99365,266.78223,267.39258,266.41602,274.77783,255.85693,286.06934,269.22363,256.58936,273.0078,265.62256,286.98486,281.4917,278.80615,278.31787,277.28027,281.06445,269.28467,275.63232,282.04102,272.4585,275.02197,273.8623,273.61816,291.07422,277.70752,277.1582,257.8711,283.20068,282.04102,273.74023,264.4629,288.938,268.4912,283.62793,280.51514,285.76416,269.10156,283.62793,285.27588,265.25635,294.43115,278.80615,283.81104
298.64258,281.4917,292.29492,261.47217,274.5337,282.1631,286.43555,269.89502,270.3833,271.90918,272.33643,262.81494,286.98486,265.0122,273.43506,279.47754,283.20068,271.7871,265.25635,260.06836,274.5337,280.88135,289.06006,293.4546,269.40674,264.2798,278.3789,286.49658,290.8911,270.07812,273.0078,273.8623,276.18164,282.95654,287.77832,283.68896,287.77832,292.66113,281.3086,275.7544,283.62793,272.94678,279.72168,267.20947,272.6416,265.13428,277.8296,275.2661,285.21484,285.52002,274.7168,275.87646,278.68408,272.0923,261.83838,275.87646,276.54785,276.792,288.87695,289.79248,283.32275,262.7539,258.9087,284.36035,280.88135,289.4873,279.72168,289.54834,280.271,274.47266,288.57178,287.47314,268.73535,275.81543,286.49658,283.0786,280.02686,268.67432,296.20117,280.6372
288.51074,284.7876,264.34082,266.5381,282.7124,271.90918,269.7119,283.32275,269.77295,275.9375,267.88086,282.22412,291.01318,265.43945,291.68457,279.0503,275.02197,278.13477,290.40283,296.0791,283.44482,289.1211,288.87695,285.45898,278.50098,286.74072,281.3086,277.76855,259.51904,262.50977,264.8291,270.87158,265.25635,292.2339,258.84766,279.4165,280.0879,265.92773,265.80566,266.47705,276.73096,282.46826,287.83936,260.55664,273.0078,267.02637,273.80127,278.62305,275.87646,273.74023,261.8994,270.5664,266.7212,272.33643,267.88086,272.76367,272.15332,259.2749,262.937,273.74023,280.8203,287.77832,288.57178,284.36035,267.2705,269.65088,294.37012,277.09717,271.48193,266.5381,257.26074,269.65088,276.73096,284.4214,289.85352,282.8955,286.0083,277.95166,281.00342,278.0127
290.1587,259.51904,279.72168,271.66504,283.99414,261.59424,275.51025,286.74072,270.07812,269.7119,265.92773,284.84863,277.89062,268.24707,263.9746,267.4536,279.7827,278.43994,266.66016,273.0078,285.58105,262.44873,266.35498,273.4961,277.5244,262.63184,273.98438,282.59033,279.11133,270.32227,275.44922,269.5288,262.32666,261.65527,264.52393,277.21924,279.5996,278.0127,268.06396,260.6787,263.36426,284.66553,274.3506,292.72217,278.31787,284.66553,281.55273,281.00342,254.39209,266.29395,262.3877,296.87256,273.98438,288.81592,260.19043,285.70312,289.06006,270.93262,264.76807,250.48584,270.32227,268.61328,272.51953,278.1958,274.47266,288.87695,280.20996,264.646,280.271,275.99854,275.5713,280.8203,282.59033,269.04053,275.2661,267.2705,279.2334,273.92334,285.76416,280.14893
305.2954,277.1582,281.3086,284.6045,281.91895,264.40186,280.33203,285.76416,271.66504,262.69287,272.76367,263.9746,266.66016,265.92773,277.46338,278.3789,295.2246,273.92334,256.52832,257.8711,271.72607,283.87207,271.54297,279.5996,275.69336,281.36963,274.77783,287.5952,297.4829,284.17725,272.33643,290.58594,271.72607,281.36963,263.66943,281.3086,282.59033,282.7124,273.0078,294.61426,270.32227,289.18213,264.34082,286.31348,272.03125,286.80176,267.2705,293.21045,256.52832,265.43945,251.52344,281.6748,269.89502,278.0127,280.6372,258.54248,269.58984,270.13916,274.28955,258.48145,259.88525,268.24707,292.90527,270.13916,277.76855,269.7119,253.90381,285.3369,268.73535,292.7832,265.31738,289.60938,266.96533,258.17627,279.5996,273.98438,256.6504,285.27588,284.54346,287.96143
309.4458,275.38818,284.9707,286.55762,280.69824,262.99805,274.0454,266.96533,271.11572,269.65088,264.58496,279.5996,281.4917,295.77393,271.7871,270.7495,258.35938,273.25195,283.9331,279.47754,286.74072,267.02637,263.18115,272.03125,282.04102,251.95068,286.98486,277.76855,257.26074,263.66943,259.82422,292.05078,275.20508,273.74023,280.39307,270.0171,268.43018,275.81543,289.85352,282.22412,289.18213,275.99854,256.04004,276.3037,272.6416,285.45898,270.62744,259.33594,283.13965,293.88184,287.9004,277.21924,265.0122,274.3506,268.61328,279.7827,270.32227,276.48682,270.81055,274.10645,275.083,272.94678,265.5005,268.61328,265.13428,286.31348,282.59033,281.97998,275.32715,271.4209,269.58984,259.0918,279.47754,285.03174,282.46826,270.3833,270.87158,276.9751,287.0459,288.2666
293.8208,276.42578,276.6089,288.99902,264.34082,278.50098,275.7544,261.41113,269.22363,289.06006,286.92383,281.61377,273.0078,266.9043,274.16748,287.4121,288.02246,286.06934,272.88574,263.7915,284.66553,274.41162,280.20996,279.5996,280.94238,286.1914,271.7871,285.39795,288.20557,257.0166,287.29004,296.87256,285.09277,287.77832,276.1206,267.63672,268.00293,266.29395,277.3413,261.167,277.28027,261.59424,286.13037,271.29883,283.5669,286.92383,299.49707,276.18164,267.69775,272.4585,259.70215,261.96045,258.4204,275.7544,284.48242,277.09717,274.59473,280.20996,287.4121,285.39795,272.33643,288.75488,269.7119,292.7832,301.02295,266.2329,263.85254,280.69824,284.29932,279.17236,285.3369,269.95605,273.0078,278.62305,283.3838,275.5713,275.7544,262.63184,272.33643,280.271
292.72217,268.125,281.18652,278.8672,283.01758,283.81104,288.32764,287.4121,278.562,295.77393,290.1587,275.32715,260.1294,283.68896,287.65625,291.9287,291.13525,269.77295,265.31738,282.95654,265.98877,280.20996,272.58057,268.55225,276.91406,280.94238,274.28955,279.7827,283.81104,289.24316,285.88623,275.69336,280.271,268.61328,270.93262,275.9375,278.8672,282.40723,269.28467,269.65088,284.6045,264.95117,283.5669,285.3369,279.4165,280.271,279.53857,280.8203,289.73145,273.12988,286.8628,270.5664,269.28467,267.57568,279.5996,272.76367,273.12988,284.84863,282.5293,289.91455,292.17285,262.99805,290.3418,287.7173,285.58105,280.6372,276.73096,270.99365,288.4497,269.40674,279.66064,278.92822,269.22363,259.33594,290.21973,289.91455,284.48242,294.73633,287.5952,291.01318
303.5254,286.06934,271.17676,262.81494,263.18115,263.66943,280.75928,275.32715,271.84814,279.9048,276.42578,289.18213,263.4253,267.88086,287.77832,273.8623,294.55322,271.66504,289.4873,269.3457,267.33154,265.43945,279.84375,266.35498,280.51514,266.2329,273.19092,281.1255,287.53418,268.7964,277.58545,282.7124,283.99414,281.73584,289.79248,268.43018,277.3413,283.3838,292.66113,275.20508,281.06445,265.74463,270.3833,272.51953,274.77783,275.32715,294.06494,285.03174,260.6787,272.2754,279.29443,285.27588,282.04102,278.50098,279.35547,290.46387,278.50098,279.7827,292.90527,281.8579,263.54736,259.0918,290.76904,287.65625,283.0786,277.1582,268.9795,286.98486,267.81982,280.94238,275.083,277.76855,268.43018,271.66504,270.32227,277.70752,275.51025,272.0923,281.97998,277.8296
304.68506,284.72656,271.11572,262.3877,281.3086,292.417,276.18164,277.89062,280.51514,280.8203,275.32715,287.4121,269.40674,287.4121,270.26123,264.34082,261.22803,262.26562,256.3452,264.21875,277.3413,275.14404,274.77783,288.4497,278.13477,275.81543,250.85205,257.62695,274.96094,288.69385,257.99316,280.8203,281.3086,274.65576,261.3501,288.32764,276.3037,272.33643,279.4165,268.67432,272.03125,282.46826,262.69287,260.43457,263.73047,285.8252,261.83838,261.65527,274.96094,266.78223,266.0498,276.66992,274.96094,273.74023,272.58057,275.2661,276.6089,277.76855,260.43457,270.13916,268.18604,282.28516,267.51465,263.91357,273.98438,269.83398,264.8291,256.6504,274.59473,273.25195,270.2002,269.89502,268.73535,270.81055,268.85742,264.21875,270.68848,274.0454,280.33203,287.5952
304.19678,270.32227,276.6089,288.14453,272.4585,283.81104,278.8672,265.0122,272.6416,274.28955,271.84814,287.10693,271.54297,286.31348,284.23828,291.07422,267.69775,279.29443,269.40674,275.44922,283.44482,264.52393,271.2378,286.61865,287.29004,270.26123,270.13916,273.12988,276.3037,273.55713,288.51074,282.65137,274.65576,281.4917,280.20996,265.8667,274.41162,286.43555,275.2661,280.271,272.15332,275.20508,280.0879,279.17236,279.7827,256.58936,269.89502,277.64648,272.03125,295.59082,276.42578,272.88574,285.76416,285.45898,265.92773,265.25635,277.21924,258.84766,288.75488,288.81592,269.95605,284.1162,265.13428,264.76807,275.81543,289.9756,279.53857,286.13037,296.0791,285.21484,286.80176,276.42578,268.67432,271.29883,266.47705,274.16748,266.35498,274.41162,275.32715,282.59033
280.0879,264.4629,276.48682,261.96045,266.29395,273.74023,278.8672,288.75488,266.9043,274.16748,263.6084,272.6416,274.7168,268.4912,281.3086,282.1631,278.1958,271.48193,274.41162,258.84766,259.2749,265.25635,277.70752,284.48242,276.6089,276.66992,272.94678,260.06836,262.44873,263.66943,263.36426,266.47705,267.20947,280.8203,282.95654,281.24756,263.18115,279.0503,270.7495,265.31738,260.80078,285.03174,281.3086,284.36035,283.99414,259.9463,284.23828,286.6797,274.22852,288.38867,271.7871,271.0547,273.55713,275.2661,282.46826,284.66553,276.24268,273.61816,285.52002,285.21484,270.07812,282.95654,266.78223,277.8296,270.7495,265.5005,296.4453,283.75,273.98438,268.125,280.6372,280.14893,291.1963,278.98926,283.01758,280.69824,265.31738,284.72656,274.65576,281.6748
273.06885,285.21484,276.73096,273.55713,279.7827,271.54297,268.61328,265.31738,270.50537,285.70312,260.92285,269.77295,278.1958,262.5708,293.21045,275.38818,263.91357,275.69336,269.65088,262.32666,267.51465,262.14355,267.88086,267.57568,261.8994,265.62256,288.81592,269.3457,276.1206,285.1538,273.6792,273.19092,260.9839,295.77393,281.1255,291.5625,279.47754,286.13037,278.43994,291.50146,277.89062,269.40674,272.58057,271.35986,278.68408,272.6416,279.0503,282.59033,284.54346,283.9331,263.05908,279.0503,264.70703,274.0454,278.3789,272.4585,269.28467,266.96533,257.44385,262.02148,272.51953,274.96094,280.02686,275.51025,276.73096,267.4536,272.58057,265.56152,266.7212,262.50977,266.11084,268.4912,275.51025,275.99854,260.4956,284.90967,293.08838,282.28516,278.98926,272.94678
288.2666,285.21484,279.4165,270.07812,287.53418,277.95166,280.02686,265.80566,276.1206,276.73096,267.9419,267.7588,281.1255,259.03076,279.53857,259.76318,265.43945,265.56152,267.0874,271.11572,275.32715,273.6792,283.99414,280.57617,275.02197,272.94678,265.31738,254.14795,285.1538,268.125,280.88135,276.18164,286.3745,268.9795,266.84326,269.89502,282.1631,284.84863,266.17188,270.50537,267.88086,268.61328,289.42627,263.2422,265.0122,278.68408,283.87207,270.99365,272.70264,264.89014,262.63184,263.12012,269.65088,278.13477,271.72607,284.90967,283.01758,283.3838,278.62305,260.6787,290.28076,267.69775,263.4253,271.48193,272.94678,275.9375,279.2334,284.17725,263.18115,281.61377,284.72656,285.21484,286.0083,281.6748,288.69385,281.61377,265.8667,269.83398,272.21436,276.85303
291.13525,281.6748,273.37402,272.76367,276.05957,286.06934,285.88623,266.78223,280.14893,277.58545,269.89502,281.6748,269.10156,265.07324,260.25146,281.43066,266.11084,273.19092,280.0879,273.313,282.40723,269.22363,289.91455,271.48193,253.90381,271.72607,282.40723,275.87646,269.10156,277.95166,283.75,272.51953,275.083,284.48242,271.66504,265.8667,270.07812,266.35498,260.9839,275.44922,284.84863,285.3369,267.0874,271.54297,261.65527,262.81494,273.25195,287.35107,286.98486,289.1211,282.04102,278.62305,275.2661,267.7588,274.83887,259.458,260.4956,264.1577,260.06836,271.604,268.61328,277.1582,274.41162,275.87646,280.271,278.62305,289.79248,270.26123,264.4629,262.63184,281.4917,270.3833,275.63232,283.62793,279.4165,264.03564,257.44385,276.91406,285.39795,277.76855
293.21045,287.65625,280.75928,279.96582,252.6831,266.29395,279.66064,285.70312,262.50977,255.73486,263.18115,274.10645,285.70312,265.43945,285.45898,281.79688,273.98438,280.88135,265.6836,274.83887,264.52393,272.39746,271.17676,278.50098,273.19092,278.25684,275.44922,270.26123,273.80127,273.25195,283.44482,283.50586,270.3833,287.96143,290.21973,274.83887,264.40186,271.90918,265.5005,267.20947,255.85693,266.78223,267.7588,273.55713,286.43555,268.85742,266.96533,274.0454,257.99316,275.51025,284.9707,272.58057,273.98438,268.73535,268.55225,284.90967,256.71143,287.35107,267.88086,280.94238,271.4209,293.75977,293.02734,271.29883,273.55713,290.64697,270.93262,293.69873,265.1953,266.59912,268.91846,271.7871,284.17725,281.55273,274.28955,263.05908,285.45898,288.02246,278.3789,274.77783
298.3374,268.4912,266.84326,280.6372,273.37402,273.98438,271.54297,252.86621,276.05957,277.58545,287.83936,283.81104,270.5664,261.47217,261.59424,281.36963,265.74463,269.22363,255.42969,280.88135,262.7539,272.8247,284.6045,276.73096,275.7544,280.69824,272.88574,273.74023,276.24268,290.09766,275.02197,256.8335,263.85254,264.58496,269.28467,273.55713,269.89502,270.26123,277.28027,269.28467,283.01758,275.083,263.05908,270.99365,281.00342,260.73975,277.58545,275.9375,279.66064,284.48242,294.79736,266.9043,265.25635,276.1206,278.92822,271.90918,286.80176,268.61328,292.72217,270.68848,272.58057,282.5293,277.89062,276.54785,262.69287,273.6792,262.7539,281.61377,285.27588,277.28027,264.03564,274.28955,275.38818,277.03613,270.68848,279.84375,279.35547,275.69336,286.3745,264.34082
300.7788,290.83008,284.36035,270.3833,279.66064,268.43018,286.49658,274.28955,260.61768,271.72607,272.03125,289.73145,274.3506,255.49072,267.69775,263.30322,282.95654,282.77344,274.10645,286.1914,291.68457,285.58105,263.73047,271.84814,270.50537,282.65137,278.80615,285.6421,274.3506,268.61328,265.62256,283.26172,263.12012,291.9287,273.92334,266.2329,265.98877,284.54346,274.0454,265.92773,263.73047,263.12012,277.3413,273.313,280.20996,281.36963,258.54248,280.51514,275.2661,272.88574,268.43018,266.41602,251.40137,270.68848,276.42578,264.4629,263.7915,271.72607,264.09668,279.53857,263.73047,250.97412,259.51904,270.87158,272.33643,264.95117,270.5664,274.8999,267.0874,276.05957,285.8252,254.63623,265.80566,280.39307,271.17676,264.4629,268.43018,269.77295,258.17627,259.458
294.61426,280.20996,278.68408,255.73486,271.4209,284.7876,280.02686,278.1958,267.81982,293.1494,279.11133,263.12012,280.6372,273.25195,283.50586,295.7129,272.0923,257.74902,287.229,278.98926,275.63232,290.58594,280.75928,271.72607,270.07812,279.11133,277.46338,276.18164,271.84814,269.65088,275.38818,274.22852,277.95166,269.95605,260.86182,268.36914,254.81934,281.91895,285.94727,272.4585,288.2666,268.36914,249.08203,271.54297,271.66504,281.61377,276.66992,266.29395,272.88574,267.69775,279.17236,272.0923,283.26172,279.4165,250.72998,291.98975,270.62744,280.88135,271.604,270.44434,271.29883,278.07373,268.4912,259.9463,277.5244,271.66504,273.8623,253.23242,274.0454,273.0078,261.5332,264.03564,266.96533,274.47266,284.17725,284.1162,265.98877,262.63184,278.98926,256.22314
300.0464,263.12012,284.72656,266.59912,274.10645,280.271,290.21973,265.37842,261.22803,262.87598,266.59912,282.28516,280.271,260.80078,246.27441,268.67432,280.69824,275.81543,279.0503,258.7256,271.7871,262.32666,273.80127,284.23828,279.0503,279.84375,279.17236,274.7168,275.32715,271.84814,279.11133,272.94678,276.6089,268.24707,266.35498,270.93262,276.9751,276.36475,268.73535,258.29834,249.63135,275.32715,253.23242,265.1953,264.52393,276.18164,278.50098,278.1958,270.2002,274.96094,269.7119,280.39307,260.6787,286.80176,272.88574,267.57568,279.84375,269.40674,272.76367,277.64648,269.10156,276.91406,278.92822,267.51465,277.95166,280.88135,269.40674,283.75,283.3838,258.2373,278.92822,271.11572,259.39697,277.70752,282.7124,272.0923,283.44482,280.20996,286.8628,277.46338
286.74072,281.24756,273.92334,258.17627,275.083,267.51465,286.61865,267.57568,282.04102,273.6792,260.92285,264.4629,259.03076,267.02637,277.21924,283.44482,268.9795,284.9707,286.43555,264.52393,262.87598,269.1626,271.11572,276.9751,283.87207,270.62744,268.61328,281.43066,265.1953,265.80566,297.9712,257.26074,275.44922,266.78223,288.51074,283.62793,277.76855,269.65088,278.3789,267.0874,261.3501,276.9751,268.4912,262.50977,269.3457,276.36475,262.69287,276.9751,279.2334,265.56152,269.28467,261.41113,274.41162,279.9048,283.5669,275.7544,270.68848,277.5244,278.8672,268.85742,256.6504,270.3833,266.35498,271.11572,258.11523,262.08252,258.35938,257.62695,282.59033,273.4961,280.20996,265.5005,269.7119,264.89014,277.95166,280.75928,284.54346,284.72656,286.25244,272.4585
292.17285,282.77344,272.0923,263.54736,265.6836,278.50098,281.1255,297.42188,289.54834,281.43066,270.99365,286.31348,272.2754,262.69287,264.34082,265.80566,259.58008,258.96973,273.61816,286.0083,298.03223,266.96533,268.24707,261.83838,276.91406,278.8672,277.76855,285.39795,268.55225,267.88086,282.5293,273.37402,258.9087,272.76367,265.74463,270.44434,276.73096,290.3418,280.271,279.29443,285.45898,284.17725,253.78174,271.7871,270.87158,262.937,271.17676,279.66064,284.90967,272.15332,296.68945,271.29883,271.90918,272.39746,283.01758,286.8628,280.02686,270.26123,258.84766,280.75928,292.417,271.29883,269.40674,281.61377,269.58984,265.92773,264.646,283.0786,269.58984,270.62744,268.7964,282.95654,273.12988,272.33643,272.88574,269.10156,282.95654,290.46387,288.32764,272.4585
291.9287,276.792,289.73145,266.17188,276.36475,292.53906,266.5381,276.73096,278.1958,271.54297,277.58545,264.89014,281.6748,282.10205,262.02148,262.08252,269.46777,271.66504,273.74023,278.74512,274.77783,293.02734,267.0874,263.2422,273.37402,266.9043,291.5625,268.7964,268.18604,272.8247,276.18164,288.87695,259.33594,283.3838,286.25244,273.98438,273.80127,282.8955,288.938,285.58105,289.06006,286.43555,283.81104,292.84424,270.81055,277.21924,285.39795,294.6753,284.6045,286.92383,285.03174,269.22363,274.0454,287.35107,280.271,286.25244,279.5996,291.86768,278.0127,282.77344,279.7827,279.7827,272.03125,274.47266,264.52393,275.7544,274.83887,268.125,275.69336,267.7588,278.13477,278.62305,279.7827,283.99414,293.27148,262.44873,281.18652,278.8672,279.7827,276.48682
308.16406,273.43506,290.58594,273.37402,272.58057,268.73535,286.49658,268.55225,275.69336,271.0547,291.5625,263.9746,308.10303,289.24316,272.21436,282.28516,283.68896,262.44873,261.22803,278.1958,261.10596,270.93262,295.7129,293.51562,276.91406,284.9707,285.1538,270.26123,295.896,264.2798,273.19092,269.5288,291.98975,284.17725,275.5713,284.90967,279.35547,267.88086,281.8579,273.92334,269.1626,280.271,286.3745,266.0498,274.28955,278.25684,276.36475,290.09766,278.31787,264.76807,268.43018,286.0083,266.11084,277.21924,284.84863,274.41162,261.22803,268.06396,290.5249,294.24805,274.28955,285.03174,273.12988,281.1255,277.5244,267.9419,269.77295,299.31396,267.88086,298.58154,281.36963,300.47363,276.24268,277.70752,270.99365,267.69775,268.9795,285.1538,285.70312,290.64697
308.95752,284.9707,281.73584,287.0459,277.89062,263.12012,272.4585,292.11182,282.04102,282.1631,266.41602,273.8623,270.7495,280.4541,267.81982,265.25635,287.7173,288.57178,270.7495,271.72607,260.6787,285.1538,282.40723,264.646,276.91406,284.7876,249.93652,270.50537,273.55713,281.97998,286.8628,269.40674,270.81055,293.51562,274.5337,264.95117,287.77832,263.9746,269.7119,268.4912,281.24756,294.30908,294.12598,280.6372,263.66943,264.76807,263.85254,290.40283,270.5664,281.97998,271.84814,283.62793,272.88574,292.84424,286.92383,286.8628,281.4917,294.61426,280.57617,265.31738,286.06934,287.35107,265.92773,270.99365,262.99805,285.58105,290.28076,277.09717,276.18164,267.57568,289.06006,291.98975,278.07373,277.03613,278.3789,281.1255,280.02686,279.53857,268.18604,275.81543
307.98096,283.75,276.85303,290.83008,269.89502,274.59473,286.13037,302.24365,297.84912,284.66553,269.28467,258.84766,269.83398,272.03125,261.65527,255.00244,290.83008,282.83447,267.33154,265.43945,282.83447,276.48682,282.22412,289.60938,277.1582,278.3789,264.2798,260.80078,290.58594,291.31836,280.51514,291.7456,271.35986,285.1538,276.48682,298.76465,284.9707,283.62793,301.87744,296.01807,275.32715,284.1162,268.7964,264.52393,250.54688,275.20508,264.34082,284.54346,290.03662,278.98926,285.39795,287.65625,265.62256,283.13965,288.69385,266.84326,269.3457,294.24805,277.70752,280.69824,298.76465,269.5288,277.89062,291.80664,285.76416,279.53857,260.43457,284.6045,275.81543,288.51074,293.88184,275.7544,280.02686,282.1631,293.88184,302.54883,268.24707,282.04102,304.99023,292.11182
307.1875,283.3838,282.10205,290.03662,281.4917,277.58545,278.3789,275.02197,274.47266,279.0503,271.72607,279.72168,266.2329,260.06836,271.17676,281.91895,283.0786,282.59033,283.5669,272.70264,268.73535,265.8667,281.00342,284.17725,287.0459,289.85352,288.81592,283.01758,285.1538,279.2334,270.7495,279.29443,271.54297,284.7876,292.47803,274.77783,277.64648,263.66943,267.51465,271.84814,291.86768,283.26172,285.88623,299.375,298.76465,289.73145,279.53857,293.51562,284.84863,300.16846,288.51074,288.02246,296.9336,285.3369,272.33643,292.90527,285.27588,272.4585,276.792,284.72656,282.95654,265.37842,275.083,298.94775,272.58057,286.92383,304.50195,279.11133,289.18213,274.10645,290.1587,282.1631,284.1162,270.07812,277.95166,287.96143,271.66504,269.83398,283.50586,279.72168
308.7744,273.4961,263.91357,272.70264,269.65088,282.04102,263.2422,285.70312,294.37012,272.15332,261.96045,280.33203,275.99854,280.57617,281.8579,265.13428,253.23242,275.7544,278.98926,286.13037,286.6797,290.95215,288.75488,293.33252,277.76855,272.21436,292.7832,286.43555,279.9048,284.29932,285.76416,273.43506,271.48193,274.96094,267.69775,277.3413,287.10693,282.5293,274.0454,268.43018,278.74512,278.92822,290.46387,269.1626,270.5664,279.17236,290.40283,263.9746,256.28418,272.88574,276.42578,288.938,267.63672,284.4214,283.87207,271.4209,264.52393,271.90918,283.3838,281.97998,278.43994,273.98438,266.59912,264.09668,281.91895,284.84863,267.57568,278.31787,291.07422,266.0498,262.44873,257.8711,257.81006,265.25635,278.98926,277.46338,286.0083,286.43555,277.09717,285.03174
312.68066,272.51953,286.61865,268.61328,278.74512,288.87695,287.9004,289.06006,280.88135,278.68408,259.6411,299.0088,303.8916,277.8296,291.98975,295.28564,291.7456,282.40723,274.7168,283.01758,287.29004,273.92334,304.80713,273.61816,299.375,285.03174,271.7871,268.125,273.80127,284.29932,260.00732,277.58545,262.87598,275.20508,273.06885,281.91895,288.99902,293.21045,276.36475,287.53418,297.4829,294.6753,276.792,286.74072,282.59033,279.66064,285.58105,278.562,287.29004,273.80127,282.83447,292.417,268.73535,275.69336,288.57178,283.9331,288.14453,287.65625,286.1914,285.1538,282.95654,284.05518,279.17236,273.80127,293.27148,271.54297,291.50146,282.83447,294.30908,268.61328,275.38818,297.36084,289.4873,292.17285,281.73584,267.88086,276.3037,278.8672,288.87695,280.57617
289.3042,272.03125,273.61816,280.14893,293.8208,277.76855,272.6416,295.896,278.13477,279.47754,292.53906,285.58105,281.97998,283.26172,266.41602,283.0786,270.50537,264.52393,275.99854,286.31348,277.1582,292.53906,272.70264,272.76367,280.39307,282.83447,270.32227,278.31787,278.0127,278.13477,297.66602,283.44482,288.02246,284.7876,257.32178,267.02637,279.66064,274.8999,289.6704,284.36035,282.83447,264.58496,274.28955,275.083,278.62305,274.65576,285.76416,283.3838,287.47314,286.61865,297.17773,275.02197,267.4536,265.13428,284.7876,271.72607,292.11182,276.6089,288.99902,294.98047,278.74512,283.81104,290.708,284.90967,268.55225,268.85742,271.48193,277.03613,268.06396,284.4214,283.5669,267.63672,272.6416,270.0171,272.2754,283.68896,274.0454,295.4077,290.58594,277.28027
314.51172,291.62354,276.54785,284.7876,267.33154,275.51025,277.89062,281.55273,287.4121,277.5244,277.1582,281.4917,287.29004,289.73145,282.5293,300.2295,277.76855,304.01367,279.2334,288.81592,300.16846,287.4121,276.54785,280.4541,279.53857,267.0874,261.3501,280.51514,277.64648,291.9287,270.68848,281.79688,280.69824,269.89502,287.4121,273.92334,285.3369,274.47266,293.33252,290.83008,284.66553,288.14453,282.7124,291.44043,293.21045,267.0874,272.76367,283.0786,281.18652,273.43506,275.38818,287.96143,287.29004,281.24756,290.64697,286.80176,284.36035,284.54346,271.2378,277.89062,274.65576,289.36523,303.8916,287.229,273.37402,268.3081,270.44434,276.36475,277.89062,292.17285,292.84424,300.2295,283.9331,291.5625,276.1206,274.28955,286.80176,277.5244,257.44385,287.10693
299.7412,291.68457,275.44922,286.3745,285.94727,274.5337,275.69336,266.2329,297.2998,273.37402,286.80176,277.09717,287.65625,285.58105,266.5381,280.4541,278.8672,280.69824,283.26172,286.0083,268.43018,263.48633,268.91846,275.87646,279.47754,271.604,263.12012,269.28467,284.54346,269.83398,291.68457,290.1587,284.29932,269.58984,273.92334,283.50586,280.14893,266.41602,265.43945,275.5713,275.5713,287.53418,291.31836,275.2661,276.9751,275.32715,263.7915,276.66992,291.25732,273.80127,280.14893,289.91455,287.0459,283.75,283.62793,285.58105,284.36035,293.6377,286.25244,290.95215,278.43994,284.23828,284.6045,273.74023,268.06396,284.84863,273.313,280.88135,284.05518,279.4165,284.84863,278.62305,286.1914,273.19092,278.07373,276.54785,275.02197,276.66992,279.35547,277.58545
311.1548,286.92383,269.04053,287.0459,282.65137,278.1958,281.73584,279.2334,286.74072,286.55762,300.65674,293.4546,270.3833,263.4253,267.7588,271.604,258.66455,285.52002,286.31348,286.74072,285.09277,287.5952,279.66064,273.12988,290.5249,272.58057,271.72607,275.5713,262.14355,283.62793,287.7173,261.10596,285.3369,272.51953,294.30908,286.98486,277.76855,289.54834,272.33643,275.44922,272.94678,286.3745,280.8203,287.35107,292.05078,281.4917,288.87695,262.63184,270.44434,282.46826,282.95654,264.21875,258.11523,295.896,271.4209,287.65625,281.61377,281.6748,279.66064,282.65137,290.1587,287.0459,269.77295,286.55762,295.65186,284.7876,275.5713,284.84863,295.65186,285.6421,280.39307,281.61377,276.24268,271.2378,272.70264,273.06885,273.12988,284.17725,280.39307,284.36035
296.4453,290.21973,278.80615,283.62793,287.9004,254.20898,268.67432,254.69727,273.92334,279.96582,278.07373,269.22363,289.85352,295.2246,283.26172,269.28467,278.50098,272.4585,267.63672,279.7827,283.81104,289.1211,283.20068,267.63672,268.18604,270.32227,257.3828,272.76367,275.63232,255.7959,288.2666,272.4585,281.73584,271.2378,285.3369,291.80664,283.26172,301.9995,278.1958,275.81543,270.68848,283.81104,266.66016,270.87158,270.2002,262.3877,271.4209,286.74072,287.16797,273.74023,271.7871,277.40234,304.0747,276.42578,282.8955,290.03662,268.43018,267.0874,293.21045,285.88623,290.5249,284.29932,268.9795,287.16797,282.3462,299.98535,286.55762,271.29883,277.09717,279.17236,277.64648,274.41162,297.54395,291.62354,278.92822,269.65088,275.9375,282.65137,281.36963,280.6372
307.0044,288.6328,282.10205,277.09717,292.47803,275.32715,264.95117,264.76807,286.13037,287.9004,279.72168,264.4629,272.8247,282.46826,277.46338,285.39795,270.7495,285.27588,288.20557,274.10645,276.73096,289.24316,268.36914,281.18652,284.1162,283.01758,266.11084,268.24707,269.28467,281.06445,278.0127,287.77832,276.85303,271.48193,276.9751,283.01758,279.29443,268.7964,275.63232,283.20068,275.14404,283.44482,287.9004,283.75,267.7588,258.9087,266.2329,280.51514,279.0503,279.96582,296.32324,272.0923,279.35547,287.9004,287.0459,298.27637,299.375,303.5254,275.14404,266.96533,270.87158,285.27588,290.03662,281.4917,259.9463,286.74072,272.70264,292.72217,289.91455,268.18604,268.24707,280.94238,285.09277,288.38867,291.5625,281.43066,277.58545,268.73535,265.5005,290.95215
304.01367,280.57617,270.62744,262.50977,268.00293,296.99463,268.61328,274.41162,267.20947,291.31836,276.792,281.06445,283.75,275.02197,288.75488,290.28076,286.6797,284.7876,277.76855,285.45898,271.11572,285.09277,283.20068,289.06006,292.66113,276.9751,279.4165,295.2246,287.4121,264.2798,296.4453,271.2378,264.70703,278.98926,276.18164,270.87158,286.8628,282.22412,271.72607,271.84814,266.5381,271.4209,278.92822,302.24365,279.11133,281.91895,284.48242,279.96582,274.65576,267.14844,272.2754,291.86768,281.00342,287.47314,273.55713,287.229,283.9331,274.47266,294.4922,277.09717,305.2954,304.68506,300.0464,291.62354,307.8589,280.4541,283.68896,289.3042,270.62744,271.48193,282.3462,295.0415,293.27148,290.09766,286.55762,283.68896,281.36963,276.05957,268.18604,280.51514
307.12646,296.0791,285.6421,277.46338,268.91846,300.35156,292.6001,277.70752,278.62305,284.48242,291.13525,284.66553,287.47314,285.39795,271.7871,275.32715,282.3462,284.29932,270.5664,285.45898,291.86768,289.3042,276.42578,282.7124,277.95166,271.7871,270.62744,280.02686,296.01807,276.36475,288.38867,299.06982,296.50635,279.17236,273.80127,272.0923,292.84424,273.06885,266.66016,273.8623,278.92822,270.50537,276.18164,299.1919,289.06006,273.55713,268.125,272.21436,277.09717,291.44043,301.38916,296.7505,281.36963,275.20508,278.25684,272.51953,276.36475,279.0503,291.07422,272.51953,268.7964,278.13477,286.61865,270.0171,271.17676,286.8628,275.81543,284.66553,296.0791,290.83008,279.0503,270.5664,277.28027,264.70703,293.51562,288.20557,285.1538,302.54883,297.91016,295.5298
312.31445,281.3086,269.58984,284.9707,290.28076,299.13086,269.83398,278.8672,285.70312,276.1206,289.18213,278.1958,271.29883,284.6045,278.13477,285.88623,275.7544,280.0879,278.3789,277.58545,281.91895,282.40723,292.35596,294.06494,294.79736,273.98438,284.23828,275.5713,262.08252,267.57568,282.1631,299.06982,289.9756,280.4541,285.03174,294.06494,283.26172,271.9702,297.2998,274.41162,269.46777,275.44922,271.54297,270.68848,289.24316,281.18652,294.98047,293.94287,287.7173,300.5957,279.17236,278.25684,279.84375,289.73145,279.53857,277.40234,279.17236,271.90918,291.9287,286.49658,302.24365,293.21045,299.1919,276.18164,285.70312,281.4917,293.88184,282.59033,276.792,289.6704,289.18213,282.83447,271.0547,270.0171,272.6416,285.8252,288.51074,284.05518,301.87744,294.30908
302.3047,297.72705,279.66064,294.12598,284.7876,278.07373,281.61377,277.5244,268.125,268.4912,280.6372,288.87695,270.62744,281.8579,273.37402,270.2002,264.21875,290.64697,287.53418,291.01318,308.46924,288.51074,270.07812,296.38428,291.13525,285.09277,297.91016,294.79736,274.28955,272.94678,275.083,280.51514,285.76416,305.66162,280.0879,266.35498,281.6748,270.13916,281.97998,287.0459,291.44043,278.1958,282.83447,286.74072,286.92383,293.88184,284.29932,266.47705,270.7495,291.25732,283.50586,273.43506,266.41602,283.0786,293.51562,284.84863,286.98486,282.04102,289.36523,293.6377,281.79688,280.51514,295.34668,286.31348,295.77393,279.11133,282.40723,279.11133,284.72656,291.3794,284.54346,281.06445,296.62842,274.28955,279.17236,279.47754,281.18652,278.50098,279.5996,284.48242
316.77002,286.25244,274.7168,284.9707,279.4165,274.5337,271.0547,280.14893,273.98438,285.27588,283.68896,282.22412,274.83887,295.65186,286.61865,277.70752,279.53857,271.66504,286.3745,271.9702,287.65625,299.92432,272.4585,283.62793,298.64258,285.21484,294.6753,274.8999,289.6704,282.04102,283.9331,288.99902,265.5005,288.69385,283.81104,298.27637,281.6748,286.8628,295.5298,272.94678,284.84863,297.66602,305.17334,297.60498,275.81543,296.87256,305.47852,299.7412,309.99512,295.2246,292.417,298.09326,302.4878,288.14453,294.37012,283.32275,289.3042,308.28613,271.11572,284.7876,302.3047,278.13477,282.3462,290.09766,292.05078,291.68457,294.4922,292.72217,283.5669,273.313,284.23828,290.708,271.29883,263.05908,291.50146,278.43994,291.13525,283.87207,281.97998,299.7412
309.93408,301.93848,287.53418,302.36572,284.7876,295.7129,298.21533,293.57666,301.69434,288.2666,290.03662,290.21973,283.87207,283.32275,279.2334,286.8628,275.44922,285.03174,275.7544,286.31348,301.69434,280.0879,286.49658,293.8208,281.6748,291.86768,298.76465,275.38818,297.91016,282.22412,298.7036,293.88184,287.47314,292.29492,293.75977,289.60938,287.29004,282.5293,284.29932,283.5669,285.8252,270.87158,282.65137,275.44922,287.0459,299.43604,282.28516,300.0464,293.08838,277.64648,277.64648,280.75928,287.10693,281.61377,282.40723,293.4546,290.58594,303.95264,299.06982,294.79736,278.92822,297.17773,298.27637,286.43555,292.11182,278.8672,270.2002,277.70752,293.1494,290.708,281.18652,291.1963,280.14893,286.74072,278.1958,278.13477,311.3379,289.18213,297.36084,298.45947
316.0376,296.7505,294.06494,287.9004,279.66064,287.29004,292.84424,285.03174,285.70312,296.50635,291.01318,291.13525,292.2339,291.5625,303.3423,291.7456,288.6328,294.37012,288.51074,276.792,286.49658,290.83008,299.13086,295.0415,278.07373,282.28516,299.31396,268.61328,300.5957,287.229,294.12598,292.05078,283.0786,286.43555,281.24756,280.4541,280.20996,283.87207,290.21973,281.3086,301.51123,289.36523,298.1543,289.36523,295.77393,300.7788,289.42627,291.3794,280.4541,304.9292,280.6372,286.3745,294.55322,296.50635,282.7124,272.70264,278.80615,277.89062,279.2334,289.60938,281.6748,286.3745,280.51514,295.7129,287.16797,286.61865,272.8247,281.18652,293.6377,274.96094,274.65576,276.792,290.95215,283.87207,294.0039,302.24365,281.36963,291.13525,291.80664,297.2998
320.85938,276.18164,280.88135,292.2339,289.42627,281.79688,287.229,268.4912,298.5205,295.83496,288.75488,289.1211,283.20068,279.4165,300.90088,284.6045,291.31836,291.31836,285.6421,284.1162,273.19092,288.938,284.54346,271.66504,287.53418,287.4121,284.17725,281.1255,284.48242,296.68945,275.63232,290.76904,282.46826,301.69434,297.54395,280.8203,297.91016,292.2339,287.4121,285.94727,289.4873,279.11133,305.9668,298.7036,282.8955,288.2666,281.43066,288.81592,296.9336,285.45898,277.03613,270.2002,288.87695,285.8252,293.39355,285.76416,287.229,297.9712,294.187,310.3003,285.45898,301.02295,289.91455,305.41748,278.50098,284.1162,269.10156,285.39795,272.51953,294.187,273.19092,287.4121,292.417,288.51074,278.68408,278.3789,281.73584,281.61377,284.48242,287.5952
306.76025,293.6377,281.4917,273.37402,292.2339,283.20068,276.05957,281.36963,288.32764,311.8872,292.72217,297.9712,278.562,275.2661,287.35107,303.64746,282.3462,300.47363,286.98486,283.01758,270.13916,292.9663,298.7036,284.72656,299.13086,280.33203,287.35107,295.896,281.73584,295.46875,290.5249,289.42627,295.95703,273.12988,284.17725,290.76904,292.35596,297.66602,292.66113,293.51562,292.29492,298.39844,287.229,311.45996,288.69385,295.83496,291.44043,278.98926,283.0786,286.0083,300.29053,285.39795,283.62793,289.85352,294.43115,301.75537,274.10645,297.60498,291.9287,286.74072,289.24316,297.54395,296.20117,292.2339,293.51562,291.25732,304.9292,293.33252,284.1162,269.40674,286.61865,290.708,305.84473,292.417,297.42188,280.0879,280.6372,293.94287,302.24365,290.09766
323.78906,294.12598,282.28516,282.46826,277.3413,286.13037,295.83496,287.47314,288.02246,288.14453,288.38867,277.03613,284.05518,302.12158,301.2671,301.69434,295.95703,293.69873,287.65625,290.95215,295.65186,288.81592,291.5625,289.18213,302.97607,303.0371,288.51074,287.65625,278.07373,274.96094,298.45947,285.09277,284.9707,286.8628,275.63232,284.9707,279.4165,295.2246,275.9375,291.31836,284.66553,282.65137,286.1914,278.43994,290.1587,274.65576,291.7456,276.91406,280.94238,289.6704,292.47803,294.43115,283.13965,280.0879,304.62402,301.38916,281.4917,265.98877,290.1587,305.66162,275.51025,279.9048,278.07373,297.66602,281.79688,298.1543,280.88135,284.6045,300.29053,291.7456,286.80176,293.51562,293.4546,288.6328,293.27148,288.57178,298.1543,301.51123,279.9048,287.47314
324.33838,302.24365,292.9663,272.15332,274.7168,297.2998,282.77344,299.13086,306.21094,297.84912,305.6006,298.09326,309.01855,312.43652,294.12598,291.31836,305.05127,299.25293,297.91016,300.7788,289.60938,306.08887,283.01758,299.5581,302.60986,300.35156,305.90576,280.02686,297.72705,299.31396,282.04102,306.88232,291.07422,290.95215,298.27637,282.83447,280.14893,296.9336,280.75928,295.10254,274.0454,285.45898,294.61426,298.27637,299.0088,313.4131,293.57666,285.39795,299.7412,291.80664,292.05078,280.51514,303.40332,295.2246,293.02734,287.7173,273.92334,302.3047,292.84424,295.77393,284.7876,295.28564,309.87305,297.2998,280.57617,281.06445,284.1162,282.04102,295.59082,293.1494,300.10742,282.5293,301.57227,279.29443,297.91016,302.4878,285.58105,301.38916,283.44482,289.4873
315.48828,292.05078,292.2339,292.11182,295.4077,295.65186,286.31348,292.05078,290.28076,293.02734,287.229,283.32275,279.2334,296.14014,280.57617,280.94238,298.58154,275.9375,298.64258,303.40332,288.81592,306.02783,272.76367,281.1255,290.5249,295.5298,292.05078,298.94775,302.79297,299.98535,267.02637,279.66064,308.46924,292.17285,302.6709,287.7173,305.53955,300.83984,299.13086,273.43506,286.31348,300.47363,292.7832,285.6421,306.333,277.3413,279.0503,297.9712,283.5669,284.66553,281.06445,287.53418,290.03662,299.68018,286.49658,284.66553,305.72266,303.40332,287.29004,269.1626,279.66064,291.7456,304.0747,273.92334,282.5293,300.0464,286.31348,288.81592,286.1914,296.87256,283.3838,294.43115,274.47266,280.6372,303.3423,292.417,284.54346,305.41748,307.30957,292.417
315.73242,287.47314,272.76367,293.33252,300.9619,290.1587,282.59033,289.85352,298.21533,290.28076,303.8916,298.58154,297.9712,282.28516,279.72168,278.92822,297.4829,307.24854,295.5298,285.8252,287.29004,281.61377,287.229,296.14014,297.23877,288.14453,280.88135,300.4126,280.57617,281.06445,271.72607,296.7505,297.9712,292.9663,280.33203,278.92822,282.8955,275.083,277.40234,289.42627,283.87207,293.75977,291.7456,290.46387,306.94336,292.84424,285.6421,301.75537,286.31348,294.43115,276.05957,295.2246,303.40332,291.31836,290.8911,301.02295,292.47803,283.3838,284.84863,273.6792,293.08838,301.32812,300.53467,286.98486,286.74072,281.73584,297.42188,293.69873,281.24756,285.6421,296.14014,289.73145,300.2295,314.45068,292.05078,275.44922,286.61865,281.4917,288.51074,308.10303
312.19238,300.53467,297.1167,295.59082,291.3794,288.2666,308.95752,300.29053,286.31348,301.75537,302.4878,283.5669,292.17285,295.95703,301.9995,282.95654,286.06934,302.91504,292.53906,298.94775,289.91455,288.99902,303.58643,279.9048,288.4497,304.62402,284.9707,288.87695,302.60986,288.57178,292.66113,289.24316,283.5669,286.13037,300.0464,287.65625,292.7832,301.4502,295.896,305.90576,292.05078,286.92383,292.47803,299.31396,281.79688,287.35107,300.10742,299.98535,298.58154,305.53955,305.84473,314.20654,302.24365,321.10352,296.0791,300.9619,304.50195,298.3374,291.3794,281.6748,286.55762,301.20605,309.87305,290.8911,310.8496,288.51074,301.69434,290.95215,292.17285,299.43604,303.7085,306.5161,316.34277,288.75488,275.44922,298.21533,294.8584,300.53467,284.66553,279.0503
315.6714,290.40283,314.3286,277.64648,295.16357,291.50146,302.91504,302.42676,295.10254,301.32812,298.3374,290.58594,311.27686,280.8203,307.3706,301.9995,302.12158,301.9995,295.4077,280.0879,295.65186,299.61914,281.55273,280.94238,291.3794,296.4453,294.12598,282.04102,285.1538,281.8579,276.85303,279.7827,287.29004,294.30908,296.38428,301.87744,296.01807,290.40283,276.85303,279.35547,297.91016,292.05078,285.76416,286.49658,288.87695,291.01318,294.73633,286.06934,297.1167,293.8208,297.91016,292.29492,283.5669,305.17334,291.7456,298.88672,307.67578,295.28564,305.17334,300.47363,297.9712,302.73193,292.6001,294.79736,298.76465,288.57178,292.53906,308.34717,288.87695,286.6797,292.6001,277.46338,286.6797,282.83447,295.65186,306.88232,305.84473,284.66553,302.24365,283.3838
325.9253,292.417,290.76904,280.75928,303.8916,305.7837,306.1499,283.44482,308.4082,286.1914,305.1123,299.49707,308.71338,292.90527,289.79248,291.68457,293.8208,293.08838,287.4121,292.9663,280.39307,298.27637,292.53906,302.06055,295.5298,307.06543,300.47363,308.5913,300.7788,310.91064,299.98535,309.38477,295.4077,318.41797,293.21045,303.7085,294.73633,311.64307,291.13525,312.3755,290.28076,283.62793,280.75928,287.0459,298.45947,293.1494,300.0464,290.8911,284.17725,303.28125,299.49707,296.0791,304.99023,291.3794,282.5293,285.03174,297.54395,297.7881,300.47363,294.06494,284.1162,293.75977,282.40723,306.88232,298.1543,307.79785,308.7744,292.05078,284.9707,283.50586,279.17236,301.9995,290.46387,296.68945,307.06543,310.78857,300.47363,301.93848,287.7173,289.91455
319.45557,297.17773,299.25293,287.16797,305.72266,299.375,295.65186,293.1494,286.8628,296.56738,309.0796,283.44482,290.8911,298.88672,291.50146,301.38916,285.94727,297.72705,272.76367,286.1914,297.60498,292.2339,304.0747,316.46484,293.69873,297.42188,302.60986,282.8955,281.6748,275.32715,284.9707,292.35596,281.06445,281.97998,302.97607,300.47363,299.98535,295.46875,309.68994,302.60986,279.66064,289.54834,302.3047,290.64697,296.56738,288.75488,302.97607,299.7412,290.40283,298.03223,311.82617,292.47803,307.61475,310.05615,280.14893,290.95215,290.708,306.27197,284.84863,292.17285,281.79688,298.76465,317.80762,287.16797,298.1543,293.75977,294.12598,291.13525,297.05566,306.27197,293.94287,293.02734,288.99902,293.75977,302.54883,297.9712,292.90527,289.73145,302.42676,288.81592
317.99072,287.29004,294.12598,286.55762,297.17773,299.375,298.58154,295.59082,306.45508,307.5537,289.73145,286.61865,291.13525,319.82178,303.76953,306.02783,298.76465,307.91992,300.90088,307.1875,284.84863,306.21094,297.91016,296.0791,304.2578,285.76416,303.7085,305.35645,293.33252,292.7832,311.45996,310.42236,300.83984,306.8213,296.2622,292.47803,285.03174,305.6006,307.8589,301.57227,303.83057,308.042,312.5586,306.5161,310.72754,298.58154,292.90527,295.83496,290.83008,295.83496,307.79785,304.01367,300.83984,304.9292,310.36133,296.99463,292.47803,293.02734,304.80713,305.72266,301.87744,288.38867,307.3706,305.1123,288.20557,284.1162,301.14502,299.31396,293.27148,299.43604,306.27197,282.28516,305.41748,298.94775,309.50684,299.0088,293.4546,300.0464,302.24365,303.46436
325.31494,299.7412,301.8164,288.99902,285.8252,306.5161,310.97168,316.0376,310.78857,301.51123,304.31885,277.09717,306.63818,298.88672,310.60547,310.6665,291.25732,288.99902,296.99463,303.58643,288.87695,291.13525,294.8584,294.61426,300.2295,307.8589,293.69873,286.25244,300.4126,295.4077,304.01367,306.39404,290.40283,270.13916,305.7837,305.2954,297.60498,297.66602,301.2671,316.64795,295.10254,310.23926,306.02783,315.8545,305.53955,294.8584,285.94727,286.92383,284.23828,290.8911,299.31396,297.54395,291.62354,301.08398,296.7505,273.43506,296.87256,293.39355,283.68896,303.46436,299.13086,298.27637,304.563,312.5586,301.14502,297.66602,314.45068,306.88232,311.45996,308.53027,306.5161,311.82617,295.10254,303.7085,291.1963,303.2202,317.19727,299.86328,299.86328,286.98486
315.73242,292.17285,298.88672,280.94238,297.9712,292.66113,291.1963,308.89648,300.29053,298.88672,300.47363,294.8584,289.24316,281.1255,302.12158,294.12598,300.2295,298.7036,316.8921,310.54443,318.17383,300.0464,301.2671,304.563,302.06055,279.66064,294.06494,311.39893,297.54395,303.46436,301.87744,312.13135,298.1543,306.94336,294.0039,294.43115,281.00342,298.27637,292.90527,309.56787,305.23438,307.91992,292.6001,319.39453,299.43604,301.69434,313.71826,295.16357,304.2578,317.99072,304.50195,307.1875,301.69434,305.1123,299.375,294.98047,309.14062,292.90527,299.375,317.86865,294.91943,284.17725,291.1963,284.6045,302.60986,322.69043,291.86768,288.51074,307.3706,287.65625,291.3794,314.8169,318.90625,297.66602,310.60547,298.21533,295.59082,286.1914,313.29102,296.32324
309.56787,270.62744,288.14453,280.33203,257.62695,295.5298,293.4546,300.47363,294.30908,297.66602,309.20166,301.02295,304.62402,299.49707,315.42725,309.01855,313.53516,314.38965,299.5581,296.14014,305.7837,299.5581,299.61914,316.95312,303.3423,286.49658,316.46484,316.34277,318.8452,315.06104,299.98535,305.7837,304.44092,298.03223,310.54443,312.5586,303.76953,314.45068,290.83008,302.06055,303.09814,295.28564,299.13086,304.13574,304.44092,297.05566,298.76465,286.8628,310.60547,303.7085,304.19678,301.02295,303.8916,298.09326,301.20605,306.21094,308.83545,307.91992,303.15918,310.91064,302.36572,293.8208,282.28516,311.82617,299.13086,314.8169,304.37988,302.73193,299.7412,297.91016,292.11182,301.20605,295.896,298.3374,296.20117,296.01807,292.417,293.1494,286.0083,305.17334
325.62012,280.51514,308.042,308.4082,326.6577,311.7041,305.41748,306.08887,300.5957,288.57178,307.49268,312.5586,305.72266,308.10303,311.76514,301.57227,288.0835,299.5581,305.66162,296.0791,292.29492,289.9756,311.09375,303.64746,302.18262,312.98584,298.7036,283.81104,274.83887,305.6006,303.2202,281.4917,305.1123,302.79297,308.83545,295.28564,290.58594,305.6006,307.43164,302.12158,303.15918,290.40283,303.83057,294.43115,294.06494,303.46436,298.03223,301.20605,294.37012,294.55322,292.11182,308.042,301.6333,297.23877,296.9336,289.6704,305.66162,306.27197,308.95752,301.14502,310.3003,293.4546,310.36133,300.65674,288.4497,305.6006,294.4922,286.6797,288.6328,311.21582,289.4873,313.22998,289.3042,311.09375,301.4502,286.25244,288.69385,300.9619,293.33252,296.50635
326.4746,317.31934,300.71777,294.43115,313.84033,294.37012,299.98535,310.72754,323.30078,317.9297,318.1128,293.75977,309.50684,312.49756,301.9995,308.89648,305.84473,296.7505,300.47363,299.49707,301.75537,301.87744,303.0371,315.79346,306.76025,292.11182,291.44043,298.58154,284.54346,276.42578,304.44092,306.8213,305.23438,314.75586,291.80664,307.30957,297.84912,298.1543,292.417,293.02734,292.53906,302.42676,284.4214,314.51172,301.8164,320.24902,299.49707,285.94727,316.09863,295.34668,303.5254,304.99023,308.042,306.21094,302.54883,297.23877,282.65137,290.40283,288.14453,304.9292,287.35107,301.2671,283.75,297.42188,301.08398,301.87744,321.958,304.13574,293.57666,291.50146,305.9668,311.82617,296.9336,300.2295,287.229,293.57666,302.854,296.20117,309.87305,301.93848
318.9673,323.11768,313.7793,302.79297,309.56787,299.375,303.5254,309.87305,314.1455,301.6333,316.15967,311.0327,300.16846,312.61963,317.13623,309.93408,306.27197,293.1494,301.02295,318.41797,313.9624,311.64307,305.72266,297.9712,302.73193,284.36035,309.68994,297.42188,280.75928,296.0791,320.00488,307.06543,301.4502,299.06982,312.9248,317.9297,317.86865,319.76074,320.67627,316.46484,309.87305,308.65234,287.10693,309.99512,306.39404,301.08398,303.46436,292.2339,285.70312,307.06543,288.938,289.85352,294.91943,304.13574,308.10303,321.2256,305.7837,299.5581,291.50146,288.938,312.3755,309.93408,300.0464,297.84912,306.69922,309.14062,307.06543,312.0703,294.187,304.19678,312.25342,312.19238,314.26758,295.28564,307.24854,307.67578,289.42627,295.59082,293.57666,299.49707
334.83643,301.69434,307.67578,302.4878,298.76465,305.2954,299.43604,294.61426,288.6328,305.53955,288.75488,308.16406,309.87305,311.521,308.83545,298.39844,310.17822,320.79834,313.5962,302.91504,295.2246,290.1587,306.02783,311.521,309.4458,302.97607,310.17822,302.36572,310.4834,311.521,293.69873,309.50684,306.8213,310.97168,297.84912,297.36084,292.90527,311.27686,317.9297,322.93457,308.4082,295.5298,295.2246,314.51172,311.58203,293.8208,303.8916,307.98096,310.78857,311.0327,287.29004,309.87305,311.8872,302.54883,315.06104,293.6377,301.20605,290.1587,294.73633,286.61865,294.37012,316.0376,301.4502,319.6997,312.68066,297.23877,308.89648,313.9624,298.82568,306.45508,314.02344,298.64258,297.9712,300.9619,298.94775,297.7881,306.39404,310.1172,315.54932,305.17334
324.3994,299.7412,300.9619,306.27197,316.0376,309.56787,305.35645,313.16895,318.23486,301.93848,296.01807,298.45947,317.01416,314.3286,295.10254,296.14014,292.66113,297.91016,305.1123,317.2583,314.8169,302.4878,302.97607,295.28564,305.90576,312.13135,297.7881,310.42236,307.06543,293.57666,315.6714,324.52148,305.1123,291.1963,291.80664,298.27637,314.87793,306.69922,303.95264,281.6748,301.75537,310.17822,301.87744,308.5913,306.8213,291.5625,301.14502,303.58643,291.62354,315.06104,299.61914,302.4878,301.38916,299.0088,287.5952,317.2583,316.0376,310.17822,304.9292,290.40283,288.938,306.94336,311.94824,307.0044,317.9297,300.65674,290.8911,294.55322,299.06982,301.4502,316.70898,307.1875,294.61426,307.49268,292.66113,311.27686,313.47412,309.812,319.82178,187.98584
318.8452,310.60547,303.58643,319.5166,305.1123,298.7036,302.24365,294.61426,312.61963,303.0371,302.06055,284.6045,298.1543,306.57715,302.24365,301.4502,290.83008,303.2202,303.8916,311.0327,306.21094,290.21973,302.91504,312.13135,304.80713,287.16797,312.3755,314.08447,303.28125,303.2202,301.75537,301.20605,293.1494,298.94775,305.41748,304.19678,314.20654,296.32324,295.16357,314.51172,299.43604,313.9624,312.7417,308.4082,305.66162,312.49756,314.38965,314.69482,297.42188,305.2954,294.0039,312.49756,313.35205,308.7744,293.33252,295.46875,293.4546,297.60498,299.98535,281.73584,294.55322,306.8213,308.16406,323.60596,309.56787,323.1787,300.9619,322.87354,297.1167,310.6665,311.82617,323.11768,300.65674,312.00928,291.01318,304.44092,307.12646,308.89648,291.68457,317.6245
318.05176,308.89648,288.20557,299.13086,316.52588,310.36133,303.58643,283.3838,318.479,314.93896,304.80713,320.85938,303.2202,307.3706,298.5205,307.73682,292.66113,304.13574,305.84473,299.7412,314.8169,316.28174,304.86816,291.31836,300.47363,299.68018,310.1172,318.23486,304.2578,301.2671,300.7788,304.7461,311.7041,314.08447,310.60547,307.1875,308.46924,301.9995,316.28174,311.21582,311.3379,337.09473,307.1875,321.5918,302.3047,313.84033,309.38477,305.2954,309.01855,302.854,307.5537,306.88232,324.33838,305.17334,311.82617,307.73682,300.71777,298.1543,324.2163,300.53467,317.13623,306.8213,301.57227,298.45947,315.06104,325.49805,316.83105,298.21533,300.29053,300.71777,293.94287,299.86328,309.68994,301.20605,322.26318,309.50684,303.5254,300.2295,303.8916,299.43604
320.7373,308.16406,319.5166,314.20654,296.56738,285.70312,297.23877,302.854,311.58203,305.7837,297.1167,293.33252,313.71826,305.1123,312.19238,316.8921,322.20215,301.69434,304.62402,298.27637,304.99023,303.8916,321.958,305.47852,312.9248,300.29053,304.563,301.8164,289.73145,309.32373,312.98584,297.1167,308.83545,312.13135,302.3047,294.79736,302.18262,302.60986,324.2163,307.98096,313.29102,296.01807,316.34277,308.10303,303.3423,293.94287,337.46094,306.88232,316.5869,305.7837,300.35156,312.13135,291.13525,310.05615,300.53467,309.93408,305.72266,311.3379,306.1499,298.94775,292.90527,307.3706,306.63818,297.7881,295.0415,315.6714,294.0039,317.01416,307.12646,291.25732,303.5254,309.2627,320.3711,300.47363,304.0747,309.75098,313.29102,316.70898,291.86768,304.80713
322.75146,300.29053,318.54004,315.91553,313.16895,296.32324,292.6001,311.58203,324.15527,306.63818,292.90527,311.21582,315.73242,298.1543,302.4878,318.17383,301.51123,303.3423,306.21094,315.06104,313.35205,308.2251,294.73633,293.88184,297.91016,311.09375,313.29102,307.12646,318.05176,302.12158,301.69434,298.88672,306.76025,310.17822,310.1172,308.7744,320.12695,313.90137,313.29102,295.4077,303.58643,318.54004,298.03223,316.4038,317.38037,299.86328,311.21582,310.36133,313.71826,314.75586,310.8496,291.31836,302.91504,316.77002,291.31836,294.55322,328.24463,310.78857,311.3379,302.854,309.99512,302.4878,307.12646,309.4458,311.7041,306.63818,322.08008,305.9668,305.90576,304.7461,303.83057,309.93408,304.2578,304.99023,302.854,324.76562,316.77002,315.79346,315.42725,301.9995
