0.9930117,0.9927768,0.99377924,0.993278,0.9925512,0.9922077,0.9932455,0.99492264,0.99411625,0.99232405,0.9926644,0.99232143,0.9924754,0.9932011,0.99491936,0.9921698,0.99129164,0.99427474,0.9925543,0.9927054,0.99357986,0.9913404,0.9929805,0.99210006,0.9946934,0.9935076,0.9917897,0.994957,0.9941993,0.9930491,0.9946589,0.99171525,0.9944238,0.9923608,0.9927809,0.99522895,0.9940094,0.9933136,0.9943164,0.9949982,0.99522495,0.991371,0.9950729,0.9938572,0.99267054,0.99389607,0.9935089,0.9941533,0.99144375,0.994695,0.9955323,0.992558,0.9948455,0.99503374,0.9937406,0.9962978,0.99354583,0.9907675,0.9948798,0.9921427,0.99430746,0.99274164,0.9924854,0.9948061,0.9934368,0.9942304,0.99415976,0.9954536,0.99553293,0.9929359,0.9942315,0.9943472,0.9903056,0.99392587,0.992702,0.9937,0.99252015,0.9931624,0.99389046,0.99279165
0.9909593,0.99232197,0.99229527,0.9941944,0.9941551,0.9922456,0.99351233,0.993553,0.99098366,0.99435455,0.9949986,0.99274385,0.994273,0.993586,0.9950744,0.9915603,0.9940471,0.99427736,0.9942763,0.99355054,0.9928202,0.99095446,0.9943519,0.995377,0.9958374,0.99205583,0.9939268,0.99393606,0.99278617,0.9921686,0.9936667,0.99224263,0.9946127,0.9913318,0.99258685,0.99450415,0.9928216,0.99362516,0.9924042,0.993467,0.99404866,0.99523,0.9907208,0.99381036,0.994085,0.9921734,0.99308676,0.9951139,0.99335843,0.9946201,0.99404687,0.9936563,0.9925503,0.99362564,0.9922459,0.99247336,0.9928595,0.99346596,0.99331796,0.99247277,0.99290097,0.9948453,0.99530244,0.99458027,0.99450374,0.99335617,0.99266607,0.99416,0.99389166,0.99343,0.99282104,0.9941569,0.99167514,0.9935811,0.9919779,0.99289256,0.9911047,0.99343526,0.9943873,0.9945801
0.9908021,0.99232405,0.9943826,0.9944662,0.99244124,0.9944317,0.9958777,0.9951137,0.99335694,0.99431336,0.9910352,0.99465704,0.9936631,0.9953461,0.9946958,0.99438345,0.9920967,0.99519044,0.99266857,0.99346495,0.99369955,0.9957628,0.9928584,0.99297327,0.99297243,0.9932076,0.9934732,0.9921707,0.99236196,0.99488485,0.99308836,0.99275327,0.9942006,0.9917146,0.9923753,0.9936261,0.9938898,0.9922832,0.9944641,0.99473435,0.9936606,0.99397075,0.99343956,0.9945459,0.99290043,0.9942793,0.99316865,0.99335665,0.9908361,0.99347645,0.994885,0.99247247,0.99342877,0.9933195,0.99248457,0.9927425,0.992934,0.995003,0.9940498,0.99312496,0.99427146,0.9943092,0.99400204,0.9940882,0.9935921,0.9923605,0.9942743,0.9919123,0.9946552,0.99301755,0.9951532,0.99343276,0.99316627,0.9931252,0.99247223,0.9928183,0.9944656,0.9953813,0.99340016,0.9939678
0.9921067,0.9937456,0.99320215,0.99251384,0.9958759,0.9935101,0.9949637,0.9955326,0.9927079,0.99446285,0.9931263,0.9934403,0.9949608,0.9963718,0.9959141,0.9954172,0.9942339,0.9921725,0.99381244,0.9935153,0.9953055,0.9950003,0.9942324,0.9928966,0.99530244,0.99313337,0.9920961,0.99439096,0.9909916,0.9947317,0.9946556,0.99461436,0.99465644,0.9918391,0.9919027,0.99351656,0.99274576,0.9928622,0.99473476,0.9945791,0.99572384,0.9911797,0.993586,0.9921337,0.9940462,0.994693,0.9933582,0.9950765,0.99534273,0.99466175,0.994967,0.9936336,0.9938205,0.9936237,0.99324137,0.99465865,0.9934697,0.99099016,0.9935508,0.9933941,0.9930483,0.9924854,0.99232256,0.99526745,0.995075,0.9953399,0.9953815,0.9940146,0.9939342,0.9939266,0.99286985,0.99450815,0.99465746,0.9947689,0.9941995,0.9927455,0.9921805,0.9942767,0.99450207,0.9949986
0.9931278,0.9934752,0.9923273,0.9925959,0.9946178,0.9931263,0.99297917,0.9933177,0.9956863,0.99229175,0.9931689,0.99492633,0.99373585,0.99439096,0.9937058,0.99339634,0.99431336,0.9937776,0.99167645,0.99465966,0.9934732,0.99263155,0.9920964,0.99400574,0.9922536,0.9930915,0.9926324,0.9925917,0.99400574,0.99583995,0.993013,0.9919837,0.9929445,0.9939315,0.9929703,0.9943155,0.994239,0.9932798,0.993433,0.9946607,0.9935547,0.99270874,0.9947747,0.99370843,0.9949261,0.9934744,0.9924762,0.9941605,0.99224794,0.99496275,0.99355197,0.9920195,0.9939673,0.99266917,0.99308807,0.99267083,0.9950392,0.9929405,0.99340594,0.99153274,0.99373895,0.9929805,0.9915638,0.9924088,0.99290097,0.9927048,0.99163634,0.993361,0.9945027,0.9936205,0.99235874,0.99473053,0.99386007,0.993434,0.9941252,0.9930507,0.99458444,0.99462277,0.9942017,0.995725
0.9921379,0.99424314,0.9941573,0.9944274,0.9940471,0.9919412,0.9948481,0.9940525,0.99275434,0.99221987,0.9925917,0.99362075,0.9941647,0.99457985,0.9938907,0.99511594,0.99293643,0.99496,0.9941627,0.99549663,0.99336225,0.9926848,0.99305254,0.99434936,0.9958425,0.9930889,0.9939717,0.9929765,0.99633735,0.9945463,0.9929765,0.9955718,0.994239,0.9922506,0.99595416,0.99423677,0.9932483,0.9945044,0.9951532,0.99255544,0.9912953,0.9941596,0.9937771,0.9938563,0.99156153,0.9947667,0.99400663,0.99404866,0.9940489,0.99435496,0.99443036,0.99160004,0.9948095,0.9942357,0.9953806,0.9939379,0.9919058,0.99419796,0.99270564,0.9906041,0.9946209,0.9945436,0.99522656,0.99411756,0.99435,0.9949992,0.9932089,0.9925566,0.99358994,0.9961065,0.99233544,0.9940137,0.99381435,0.9933926,0.99576235,0.99251616,0.99392587,0.9933546,0.9928595,0.9909166
0.9917531,0.99363,0.9943127,0.99511516,0.99347794,0.9950017,0.9927452,0.99473757,0.9936317,0.9922533,0.9938563,0.9938924,0.99186826,0.99053425,0.9912611,0.9937814,0.994584,0.9962994,0.9938963,0.9959552,0.99278784,0.9940909,0.9923666,0.994008,0.99293935,0.9919831,0.991643,0.993166,0.99263966,0.9947289,0.99378425,0.99439114,0.99511576,0.99355346,0.9939315,0.9930897,0.9938935,0.9944321,0.9951932,0.9953815,0.9943502,0.9937473,0.9937437,0.9935161,0.99251986,0.99534184,0.9922515,0.99321175,0.99496526,0.99549335,0.99328643,0.99579763,0.9934695,0.9925221,0.99386334,0.99465746,0.99481386,0.9937356,0.99404913,0.9929821,0.99266857,0.9922506,0.9921689,0.9950721,0.9929345,0.9943094,0.9930597,0.99278206,0.9928584,0.9937034,0.9914493,0.9941261,0.99457717,0.9927807,0.99404323,0.9928966,0.99514985,0.99279225,0.99351287,0.99373776
0.9914962,0.99107844,0.9929762,0.99415845,0.9947368,0.9937051,0.9927068,0.9935493,0.9944685,0.99283147,0.99183166,0.9945088,0.99206036,0.99393284,0.9925945,0.9942322,0.99305123,0.99324524,0.99350965,0.9926728,0.99152726,0.992988,0.99412656,0.9940131,0.99367154,0.9945826,0.9952284,0.9935554,0.9943491,0.99305254,0.9920185,0.99534667,0.9954557,0.99461824,0.9951137,0.9945859,0.9952671,0.9932806,0.99412006,0.99346995,0.9940023,0.993974,0.9948142,0.9957261,0.995344,0.9932457,0.99103826,0.9945809,0.9949608,0.99446833,0.995344,0.99255604,0.99508154,0.9944656,0.9937034,0.99354905,0.9936597,0.9941673,0.99488896,0.9934712,0.9945417,0.9949995,0.9961052,0.9932403,0.9944329,0.9944321,0.99393237,0.995613,0.99485356,0.9936317,0.9945877,0.99618286,0.9953858,0.99118346,0.9923293,0.9937795,0.9937764,0.99125874,0.9929797,0.9920198
0.9901514,0.9953096,0.99232495,0.99484646,0.99507666,0.9946172,0.9948862,0.9938952,0.99511445,0.9935508,0.9939726,0.99351114,0.99507403,0.99526894,0.9932465,0.9933302,0.9926795,0.9948131,0.9938668,0.9939749,0.99408615,0.99240506,0.9940105,0.99237096,0.9935138,0.99267167,0.99602973,0.99454045,0.99332917,0.9941995,0.9931362,0.9943957,0.9942017,0.9940087,0.99160105,0.9938984,0.99229145,0.9922539,0.9956142,0.99473476,0.992898,0.9935606,0.9916023,0.99286956,0.99473274,0.99351263,0.9934737,0.99488795,0.9936718,0.99301386,0.9916859,0.994505,0.9959926,0.9930939,0.99271375,0.9945446,0.99416757,0.9941609,0.99442637,0.9959188,0.9926377,0.99526966,0.99161285,0.9940857,0.9939338,0.9935208,0.99488914,0.9923675,0.9930133,0.99416316,0.99439114,0.9946984,0.99363387,0.9956888,0.9937392,0.9919944,0.99492455,0.9951532,0.9940085,0.9951941
0.9921391,0.993177,0.9955752,0.99405456,0.99443316,0.99458176,0.9950379,0.99301755,0.9948534,0.992941,0.99438816,0.99278533,0.9943562,0.9928268,0.9937852,0.9947763,0.9940911,0.9918723,0.99488974,0.9914193,0.99298745,0.99390167,0.99466413,0.9940902,0.9932034,0.9924033,0.9934737,0.99447066,0.99424094,0.99481446,0.9938181,0.99534667,0.9944295,0.9946621,0.9948551,0.99271125,0.9929012,0.99359185,0.99328184,0.9918332,0.9930637,0.9933597,0.99484867,0.99416244,0.9937015,0.99412924,0.9927884,0.9948121,0.9934799,0.9939768,0.99344206,0.9945058,0.9927115,0.99301386,0.9948901,0.9947378,0.99496675,0.9941658,0.9938907,0.993056,0.99125975,0.9938572,0.99294287,0.9926416,0.9953062,0.99405074,0.99416,0.9938544,0.9943188,0.9948461,0.9930226,0.994695,0.9940539,0.99542296,0.9930229,0.99370366,0.9948085,0.99340594,0.993743,0.9951928
0.99298424,0.9919126,0.9936273,0.9943976,0.9947705,0.9943916,0.99275684,0.9936718,0.9945832,0.99572515,0.9949242,0.99228555,0.99507666,0.9914131,0.99325114,0.9941647,0.99473494,0.9932465,0.99171776,0.994166,0.99519575,0.9946195,0.9941609,0.993429,0.99206096,0.99371016,0.99473596,0.9945826,0.9933936,0.99199164,0.99561316,0.9924444,0.99427867,0.99389815,0.9949988,0.9929383,0.9947745,0.9926293,0.99386007,0.9937416,0.99233925,0.9950415,0.9950022,0.99534166,0.99438816,0.9913374,0.99542,0.9935843,0.9945019,0.9941977,0.9938212,0.9918029,0.99321896,0.9938998,0.99393886,0.9951191,0.99507815,0.99333197,0.99427474,0.9940902,0.9940521,0.99348193,0.9925956,0.9935982,0.99271315,0.9948874,0.9924432,0.99465257,0.99332565,0.9921361,0.99461967,0.9922494,0.99503565,0.99228936,0.99241316,0.99400616,0.99385583,0.9938603,0.9946248,0.99477154
0.991576,0.99503714,0.99217665,0.99465764,0.99317175,0.9931691,0.9940498,0.9937802,0.99473137,0.9911841,0.99362415,0.9945488,0.9937051,0.9943147,0.9939685,0.99249285,0.9933261,0.99419796,0.993213,0.99332637,0.9921728,0.9935141,0.99485254,0.9950778,0.9940071,0.9923742,0.99450797,0.9929367,0.99279386,0.9942822,0.9949633,0.9952284,0.9952725,0.993362,0.9933246,0.9934057,0.9932547,0.9951919,0.9935882,0.99229354,0.994693,0.9949302,0.99462277,0.99435496,0.99416,0.9942044,0.99320656,0.9935183,0.995115,0.99416316,0.99470127,0.9937404,0.99477375,0.9958075,0.9953491,0.991912,0.99316704,0.9945448,0.9942425,0.9963036,0.99248314,0.9926809,0.9944329,0.99267024,0.9943205,0.99298507,0.9934044,0.9953841,0.99473757,0.99370867,0.9931381,0.99401236,0.9935965,0.99263376,0.9922175,0.99358964,0.9950394,0.99439585,0.9958063,0.9934774
0.99286795,0.992216,0.9926728,0.9937876,0.9929437,0.9942416,0.99255884,0.9955765,0.99477273,0.9938591,0.99221456,0.9946242,0.9956888,0.99386007,0.994164,0.9951135,0.99237823,0.99378496,0.99217665,0.9927121,0.9953078,0.99385345,0.99405,0.99500334,0.9959569,0.99439055,0.99504,0.9939733,0.99210095,0.9912999,0.99485236,0.994584,0.99431944,0.9941263,0.9930934,0.9928625,0.9930931,0.9946562,0.9927165,0.99412024,0.99248314,0.99274963,0.9929034,0.99271375,0.9923343,0.9924395,0.9912233,0.99424314,0.9949279,0.9938952,0.9919837,0.9950776,0.9948125,0.99293935,0.9921337,0.99450314,0.99553275,0.9949625,0.9952725,0.99477434,0.9929345,0.9935193,0.9939026,0.99473816,0.9945836,0.9935926,0.9933572,0.9911851,0.9915741,0.9955742,0.99458486,0.9950392,0.99492556,0.9941591,0.99278367,0.9940857,0.99183446,0.9930523,0.99195814,0.99347293
0.98978335,0.99263436,0.991651,0.99310154,0.99274886,0.9913782,0.9920652,0.9936672,0.993178,0.99367297,0.99279714,0.99492884,0.99363536,0.9946222,0.99355763,0.9936752,0.99447024,0.9937878,0.9940176,0.99480927,0.9926318,0.9941995,0.99309176,0.9908424,0.9932931,0.9953491,0.9951596,0.99248654,0.99228996,0.9934759,0.9922521,0.99550074,0.9932816,0.9929383,0.99202496,0.99283445,0.99259645,0.99462175,0.9918088,0.9948549,0.9940864,0.9937104,0.9939384,0.99439377,0.9929026,0.9938984,0.9928734,0.9931728,0.99465764,0.99518967,0.99504113,0.99053675,0.9947368,0.99252415,0.99374014,0.99275464,0.9930224,0.9958056,0.99309444,0.9942778,0.9900842,0.9917657,0.9936737,0.9940909,0.9933989,0.9929096,0.99439436,0.9947386,0.99424535,0.9950028,0.99428,0.99263126,0.98963165,0.9950406,0.9927955,0.99447274,0.9933615,0.99175626,0.9945094,0.9946607
0.9909572,0.99240625,0.99130124,0.99317855,0.995044,0.99497,0.99279004,0.99088645,0.9940475,0.99320734,0.9935916,0.9940525,0.992988,0.9940496,0.99530923,0.9936261,0.9935924,0.9948136,0.9943914,0.99236804,0.99301517,0.9950763,0.992216,0.9938252,0.9947017,0.99568814,0.9954592,0.99393654,0.9945869,0.9926753,0.99466395,0.993713,0.9944376,0.9944329,0.99358475,0.99484783,0.9955765,0.9940176,0.9950055,0.99458814,0.99309283,0.9950827,0.99396986,0.99397975,0.99470186,0.99420744,0.9942839,0.99309283,0.9938952,0.9941667,0.99439096,0.99331975,0.99221927,0.99439436,0.9940142,0.99465436,0.99447215,0.99435174,0.9945477,0.9950406,0.99122363,0.99473137,0.99363196,0.99454755,0.9935916,0.9918022,0.994624,0.9950442,0.99175876,0.99584043,0.99401283,0.9937826,0.9933246,0.9942405,0.99351114,0.99179345,0.99493194,0.9925577,0.9935965,0.99335766
0.99232876,0.9937466,0.9913746,0.99401623,0.994006,0.9942392,0.9925187,0.99294746,0.9943188,0.99576396,0.9953449,0.9955013,0.99286467,0.99405074,0.9944283,0.9933172,0.9924843,0.99412966,0.9938276,0.99424535,0.99236953,0.9942374,0.9928282,0.99183476,0.9924507,0.99500567,0.9939338,0.99141866,0.9918692,0.9947001,0.99389887,0.9953823,0.99511796,0.9937065,0.99355197,0.9933979,0.9933655,0.9938181,0.9929805,0.9928726,0.993588,0.9946621,0.99423814,0.9942066,0.9951939,0.99538463,0.9931323,0.9943558,0.99229616,0.9934752,0.993971,0.9945836,0.99255943,0.99485415,0.9964517,0.9943931,0.9945442,0.9945452,0.99294317,0.99271315,0.9934383,0.99351954,0.9942048,0.9926363,0.9921832,0.9932434,0.9940498,0.99245274,0.9927168,0.991956,0.99313205,0.9937032,0.9949694,0.9943192,0.9916068,0.99401397,0.9926845,0.9953841,0.99244297,0.99507964
0.99291366,0.99329615,0.9962625,0.99375135,0.9923419,0.99428433,0.99488974,0.99362856,0.99294555,0.9944671,0.9951941,0.99123263,0.9924447,0.99492884,0.99286276,0.9921844,0.992905,0.9934742,0.9935872,0.9920304,0.9951141,0.99377686,0.99294287,0.9922545,0.9922615,0.9942414,0.9940085,0.9935567,0.9959574,0.99546456,0.99550146,0.9927198,0.99329364,0.9927947,0.9934792,0.9926346,0.99405414,0.9953085,0.99355644,0.9944715,0.9938591,0.99332255,0.9923631,0.9944736,0.9933681,0.9949304,0.9941638,0.99461925,0.99423766,0.99389935,0.9946273,0.9941299,0.99492747,0.99454504,0.99492687,0.99538535,0.99401444,0.99535054,0.9952362,0.9944711,0.9936293,0.99301755,0.9932437,0.9932836,0.99432176,0.995573,0.9911493,0.99248886,0.9943888,0.99504566,0.9957292,0.99534523,0.99427867,0.99328417,0.9910012,0.99324757,0.9930261,0.9947757,0.99389166,0.99435043
0.9918113,0.9942055,0.99263716,0.99294317,0.99340343,0.99519444,0.99381906,0.99237156,0.993598,0.9928669,0.9940167,0.99313205,0.99332815,0.99458194,0.9948925,0.995498,0.9935495,0.9945809,0.9934777,0.993974,0.9922891,0.99325323,0.99526656,0.9947358,0.9939321,0.9937118,0.9940103,0.99161,0.99382216,0.99431336,0.9947352,0.9943554,0.9945846,0.99561614,0.99519557,0.9942425,0.9937437,0.992832,0.99542135,0.99572647,0.9955348,0.9938952,0.99431896,0.99217755,0.99328977,0.9926742,0.9937466,0.9935141,0.99527305,0.99492866,0.996107,0.99202645,0.99477273,0.99385345,0.9940137,0.99389774,0.9928617,0.99515486,0.9945467,0.9948154,0.9949253,0.9947733,0.9950778,0.9925668,0.99408436,0.992862,0.99217933,0.9953465,0.9941207,0.9942754,0.9942758,0.99423635,0.99351263,0.9947384,0.99462277,0.9950047,0.9943916,0.9942013,0.991417,0.993748
0.9898195,0.99309677,0.99367416,0.99366885,0.99206156,0.9940916,0.99488544,0.99214,0.9930226,0.99439377,0.9941673,0.99488795,0.99458444,0.99523276,0.9939375,0.9942743,0.9917969,0.9930674,0.9947021,0.9940514,0.9923759,0.9933643,0.9949236,0.99240446,0.9940146,0.9937032,0.9941239,0.9928636,0.9916039,0.99366504,0.99473435,0.99324137,0.99370867,0.9935151,0.9934433,0.99271065,0.99164337,0.99412405,0.99394,0.99129826,0.9950798,0.992787,0.99382544,0.9929813,0.9953101,0.9937039,0.99435776,0.99255687,0.99535143,0.9935992,0.9958425,0.9935926,0.994966,0.99458134,0.99335945,0.99401444,0.9954208,0.99530745,0.9954604,0.994817,0.9958055,0.9957279,0.9925583,0.99370295,0.99378496,0.99546194,0.9954252,0.9919529,0.9934062,0.9924461,0.995272,0.99260014,0.99565226,0.99519664,0.99404573,0.994166,0.99439585,0.9924834,0.99332076,0.9910703
0.9911139,0.9924155,0.99382216,0.9919163,0.9921457,0.9940167,0.99275213,0.9939788,0.9948528,0.9946625,0.99523365,0.9937116,0.99328387,0.99259704,0.99382776,0.99428475,0.9946648,0.9954602,0.99358845,0.99390143,0.9936713,0.9944378,0.99405617,0.99401623,0.9941642,0.9965693,0.9940873,0.9939788,0.99436164,0.9940555,0.9951596,0.99366766,0.9956143,0.994738,0.9946211,0.994734,0.9959928,0.9948516,0.9932854,0.99386007,0.99263966,0.99409044,0.9943989,0.994283,0.9959555,0.992948,0.99474096,0.99417335,0.9937449,0.992677,0.99191386,0.9941658,0.99546194,0.9925623,0.9934393,0.9915802,0.99443525,0.99416333,0.99439114,0.9927991,0.99481344,0.99435604,0.9947021,0.9931801,0.99595726,0.9926383,0.99332255,0.99229735,0.99404734,0.99473816,0.9939047,0.9940945,0.9939045,0.99275213,0.9941281,0.9950832,0.99451315,0.9942841,0.9935205,0.9926038
0.9934829,0.99264836,0.99512094,0.9918013,0.9944378,0.9944359,0.99450815,0.99561566,0.99405795,0.9930584,0.99244785,0.9932478,0.99565226,0.9934861,0.99287283,0.9923325,0.99435496,0.9941261,0.9950419,0.9950474,0.9936271,0.994053,0.9935545,0.99469763,0.9924863,0.99359065,0.9947384,0.99355274,0.9930589,0.9953885,0.99241084,0.9922184,0.9936686,0.99187726,0.99314564,0.9938696,0.99500775,0.993448,0.9946621,0.9956556,0.99223113,0.99390584,0.9936293,0.9925682,0.99405026,0.9931365,0.9916058,0.99298185,0.9934777,0.9948911,0.99667925,0.9959222,0.99557906,0.9947735,0.99340063,0.9937032,0.9953076,0.99419993,0.9920234,0.99214,0.992408,0.9934762,0.9935579,0.99236983,0.99118376,0.99534845,0.9961447,0.9942756,0.9943122,0.993934,0.99363,0.9950005,0.99443525,0.9910798,0.9936288,0.9924103,0.9938247,0.9948549,0.99553686,0.99393284
0.9936696,0.99271846,0.9945857,0.9941656,0.99427605,0.99412453,0.99328387,0.9933979,0.99473417,0.9916453,0.99141896,0.99336934,0.99432135,0.99294263,0.9925218,0.9926049,0.99187785,0.99527323,0.99394464,0.9942405,0.9953498,0.99454504,0.99466234,0.99553597,0.9938224,0.99382097,0.99366647,0.9932099,0.9934737,0.9924837,0.9923331,0.9930976,0.99431765,0.99470246,0.9927624,0.99287474,0.9929837,0.9935567,0.9949677,0.99424666,0.99340314,0.99568975,0.9937456,0.99157155,0.99340695,0.9933241,0.9943179,0.9939305,0.99198556,0.9945877,0.9914164,0.99417,0.9943547,0.9952727,0.99473757,0.99279964,0.9953479,0.9933996,0.99263686,0.992562,0.99294555,0.9937906,0.9916132,0.9918388,0.9912797,0.9939763,0.99423945,0.99366885,0.9927906,0.99317724,0.9928268,0.99370366,0.9946648,0.99356085,0.99229497,0.99156994,0.9943183,0.9921808,0.9921454,0.9917206
0.99232846,0.9932517,0.993904,0.99553716,0.9937487,0.9930997,0.9940505,0.99371326,0.9947777,0.9940873,0.99424535,0.99199164,0.99386847,0.9948557,0.9917629,0.99394095,0.9930573,0.99394256,0.9924496,0.99260324,0.9933261,0.99466455,0.9938668,0.995686,0.99374396,0.9950085,0.99469966,0.99294394,0.99191105,0.99451274,0.9945442,0.9933635,0.9926363,0.9939763,0.991685,0.99413323,0.9941687,0.99408436,0.9913802,0.99439734,0.99305916,0.99356306,0.99485356,0.99492997,0.9948905,0.9930333,0.9916856,0.99393606,0.994666,0.99390304,0.99416226,0.9925631,0.9935953,0.9923378,0.9941319,0.99199164,0.9945513,0.99424493,0.9929107,0.9939405,0.9953139,0.9941745,0.993288,0.9927582,0.99337184,0.9951554,0.99477553,0.99271375,0.9931023,0.99298185,0.9950451,0.9951178,0.99340993,0.99386847,0.99447125,0.9938991,0.99264246,0.9942077,0.9946994,0.99393976
0.9916548,0.99237216,0.9942473,0.99413437,0.9951978,0.9912306,0.99367756,0.9937816,0.9949267,0.99481046,0.99324983,0.99309784,0.9949323,0.99324936,0.9924994,0.9944763,0.994668,0.99561566,0.995123,0.99329543,0.9935579,0.99488914,0.9941651,0.9913039,0.99343526,0.9927577,0.99542797,0.99561733,0.9921844,0.99275684,0.9939772,0.9950022,0.99366885,0.99344057,0.995084,0.9919889,0.99470145,0.9931723,0.9936344,0.99496967,0.99347717,0.994434,0.9938673,0.9949335,0.9939056,0.99336046,0.99527615,0.9932218,0.99440014,0.9955777,0.9942839,0.9945054,0.9950049,0.9946256,0.99397814,0.99431765,0.9926391,0.9947352,0.994743,0.9948925,0.99363923,0.9917263,0.99511874,0.9939377,0.9934074,0.9947793,0.99432135,0.9946289,0.9946593,0.99428153,0.9942841,0.99485314,0.9933724,0.99413145,0.99290663,0.99333376,0.994094,0.99492884,0.9942039,0.99385697
0.9892631,0.99341094,0.99386895,0.9939717,0.9947378,0.9938188,0.9922615,0.9950089,0.99455005,0.99317414,0.9946972,0.99309707,0.9939829,0.99290854,0.9927889,0.99180096,0.9935259,0.99363124,0.9945134,0.9937923,0.9945084,0.9949323,0.9943562,0.9935909,0.99160904,0.9948557,0.9948166,0.99534845,0.9947362,0.99450815,0.99332386,0.9918782,0.9931328,0.9919526,0.99413013,0.9955363,0.994624,0.99382,0.9929058,0.9918828,0.99462587,0.9953483,0.9927555,0.99366885,0.9935205,0.99500966,0.99530816,0.9943183,0.99527144,0.991578,0.99447256,0.9946209,0.9929058,0.99175876,0.99333197,0.9934473,0.9932213,0.99542886,0.9921817,0.9933259,0.9925003,0.99401695,0.99500835,0.99375564,0.99405956,0.9935141,0.9943948,0.9929856,0.9917622,0.99355495,0.9935931,0.99196,0.9933363,0.99436396,0.99512225,0.9950028,0.9943233,0.99473655,0.99371445,0.9924458
0.99386424,0.99474317,0.9935574,0.99554044,0.99489594,0.99393445,0.99401486,0.9932081,0.9924983,0.99508023,0.99588096,0.9943205,0.99477375,0.99424756,0.9937478,0.9940534,0.9937487,0.9943957,0.99413306,0.9953527,0.9940591,0.9942863,0.99389935,0.9938589,0.99310756,0.994549,0.9925338,0.9944723,0.99374586,0.9939779,0.9936732,0.99447423,0.9942854,0.99324983,0.99263716,0.9917228,0.9939405,0.9940548,0.99546194,0.99569255,0.9954644,0.991537,0.9945069,0.9922583,0.9943543,0.99516094,0.9913805,0.9920301,0.9940151,0.9932122,0.9944351,0.9937549,0.99302185,0.9937928,0.99299705,0.99237096,0.99413306,0.994398,0.99230117,0.9940181,0.99352694,0.9925623,0.9939061,0.9939428,0.99405795,0.99523675,0.99260294,0.994624,0.994816,0.9945148,0.99329466,0.9941667,0.99130523,0.9937442,0.9934383,0.9925267,0.99478185,0.9924516,0.99462503,0.9934428
0.9927662,0.991725,0.9934393,0.99229586,0.9930597,0.9942405,0.993413,0.9952743,0.99477947,0.99282706,0.994174,0.99459,0.9934871,0.9939051,0.9926021,0.99390143,0.99375564,0.9936385,0.9945894,0.9952021,0.99322283,0.9945184,0.99360335,0.9947803,0.99474317,0.99542487,0.992714,0.9950081,0.99275273,0.99283636,0.9935902,0.993897,0.9931433,0.99134207,0.9939349,0.99180067,0.99408954,0.9915783,0.9945515,0.9914584,0.99442935,0.99481267,0.99450815,0.9948925,0.9941277,0.99413127,0.9940146,0.992945,0.99412477,0.9918041,0.99474376,0.9946232,0.99477553,0.9944302,0.99336046,0.9924123,0.99455005,0.9947029,0.99573296,0.99493366,0.9924562,0.9942804,0.9941259,0.9943929,0.9927928,0.99511665,0.99450755,0.995994,0.9941718,0.99344426,0.9950106,0.9941326,0.99420744,0.9943965,0.99546486,0.9940889,0.9915353,0.99191755,0.9928726,0.9927212
0.99040353,0.9930647,0.99428236,0.9951598,0.9930605,0.9929461,0.994131,0.9956528,0.99348515,0.99401575,0.9947047,0.993519,0.99253666,0.9954287,0.992905,0.99565727,0.9944395,0.99485296,0.99417025,0.99435925,0.99469966,0.99252695,0.99168944,0.99199134,0.9938952,0.9939747,0.9947428,0.9952362,0.99187696,0.994209,0.9934037,0.99431765,0.99321175,0.99310625,0.99530923,0.99481404,0.99283254,0.99195474,0.99390584,0.99458486,0.9950449,0.99466276,0.99260324,0.99383086,0.9951217,0.99473876,0.99363244,0.9934846,0.9937154,0.99500906,0.99516034,0.9943631,0.99260914,0.993672,0.9947027,0.9917629,0.9941665,0.9935921,0.991658,0.995806,0.9917241,0.99401945,0.99325836,0.9948565,0.99454796,0.99473596,0.994469,0.9942013,0.9956192,0.9923733,0.9943181,0.9925657,0.99424183,0.9939412,0.9922175,0.99470043,0.9944029,0.9952741,0.9950832,0.9935183
0.9910499,0.9939379,0.992756,0.99405503,0.99275076,0.99306947,0.9927925,0.99367684,0.99222285,0.99363023,0.9944027,0.9933259,0.9942863,0.9939049,0.99523604,0.99382144,0.9935613,0.99511987,0.9932107,0.9943618,0.99180067,0.99424577,0.9933261,0.9932514,0.99466413,0.99394345,0.99412274,0.9942392,0.9952333,0.9941295,0.9935168,0.9939047,0.9948919,0.9927129,0.99241316,0.99478006,0.99500316,0.9948575,0.9958452,0.99405366,0.99401534,0.9909706,0.9940222,0.9948174,0.9947811,0.9951611,0.9932609,0.99256283,0.992146,0.99187696,0.9944325,0.9944698,0.992756,0.9936397,0.99397606,0.99493384,0.9946678,0.9940983,0.9947815,0.9939377,0.995199,0.9922639,0.9935628,0.9944336,0.9931362,0.9941277,0.99092734,0.9953112,0.99451274,0.9947412,0.99435794,0.99527484,0.9925699,0.9935222,0.99356526,0.995047,0.99417603,0.9929469,0.99310285,0.9928791
0.9905857,0.99306285,0.9937077,0.9915053,0.9948178,0.9929856,0.9919923,0.99329007,0.9955811,0.9953913,0.995618,0.9940185,0.993212,0.9945921,0.9914206,0.99229765,0.99470145,0.9932213,0.9945169,0.99390304,0.99307215,0.9944395,0.99310625,0.9930989,0.9945084,0.9945084,0.9940509,0.99401987,0.9947771,0.99534893,0.9931068,0.9933348,0.9944397,0.99123496,0.99241406,0.99382967,0.99497306,0.99398226,0.99561846,0.9944763,0.9940616,0.99340993,0.99375564,0.9946279,0.9926809,0.9950489,0.9937159,0.995234,0.9945477,0.99462545,0.9924897,0.99279773,0.9928769,0.9943253,0.99333936,0.9927254,0.9951256,0.99256766,0.99204224,0.9939412,0.9934117,0.9921517,0.9924897,0.9932576,0.9950074,0.99112064,0.9942493,0.9932514,0.9941745,0.99474376,0.99307317,0.9940534,0.9940521,0.99294716,0.99447507,0.9950114,0.99325603,0.9935554,0.99451274,0.99375516
0.9928723,0.9948575,0.99193233,0.992945,0.9937437,0.99443907,0.9943625,0.9952808,0.99222314,0.99332714,0.992185,0.9926069,0.99489325,0.994669,0.99508584,0.99169004,0.99497193,0.9936361,0.9955431,0.9938645,0.99394554,0.9915066,0.9934807,0.9934142,0.992832,0.9921118,0.99444056,0.99329287,0.99432003,0.99100155,0.9932604,0.99542785,0.9950853,0.99557734,0.99493116,0.99413306,0.99443847,0.9955443,0.9927577,0.99493307,0.99355644,0.99432224,0.9937904,0.995272,0.99302316,0.9961888,0.99253297,0.99420834,0.9933696,0.99428344,0.99268115,0.9927265,0.9931464,0.99481523,0.9916151,0.99588144,0.9916135,0.993904,0.9935567,0.9944329,0.99470127,0.9931378,0.99347866,0.9940898,0.9932223,0.995199,0.995316,0.99333096,0.9927604,0.99401534,0.99504435,0.9941705,0.99504584,0.99401534,0.994024,0.9938645,0.9937549,0.99470186,0.992793,0.9950095
0.9896419,0.9930221,0.9924917,0.994477,0.99329185,0.9931068,0.99310386,0.99398136,0.99265426,0.99359506,0.99489594,0.99252695,0.9925389,0.9939818,0.9943631,0.9931822,0.99191445,0.9926422,0.99421054,0.9934438,0.9908123,0.9920337,0.9931845,0.99184906,0.99489516,0.9930264,0.99401736,0.9940868,0.99421054,0.99341196,0.99508566,0.99370795,0.99493426,0.99305916,0.9941304,0.9942134,0.9942493,0.99389863,0.9936322,0.9948944,0.99538815,0.99482095,0.9931736,0.9929864,0.9927259,0.9926072,0.99470913,0.99355865,0.99386847,0.9937128,0.99485844,0.9947815,0.9951628,0.9952371,0.9939412,0.99504757,0.9950868,0.9930621,0.9943601,0.9936317,0.9939871,0.9955445,0.9956554,0.9930981,0.99310625,0.99458605,0.9940593,0.9946988,0.9956903,0.9940956,0.9940534,0.9954675,0.99448013,0.9935235,0.9945155,0.9948235,0.9941012,0.99467045,0.99543005,0.99523985
0.9910839,0.99382263,0.9941304,0.9943285,0.99394506,0.99283254,0.9935945,0.9942086,0.99306977,0.992113,0.9934505,0.9936031,0.9936761,0.9933025,0.9915053,0.9922985,0.99379134,0.994477,0.992835,0.9934062,0.9920386,0.9928331,0.99314564,0.99413395,0.9926801,0.9945109,0.99413484,0.9945863,0.9951191,0.994437,0.9940568,0.99454814,0.9934049,0.99417335,0.9951613,0.995006,0.9954294,0.9925685,0.9921856,0.9944744,0.99222195,0.99463016,0.9948973,0.9941286,0.994555,0.9935252,0.9945859,0.9955011,0.9931415,0.99485415,0.99450964,0.99440056,0.99222404,0.99508226,0.99482054,0.99302554,0.9944719,0.992795,0.9936026,0.99535036,0.9932246,0.99382496,0.995238,0.99242157,0.9927925,0.9941736,0.99469924,0.9954304,0.99393725,0.9943224,0.9938708,0.99428844,0.9964928,0.9945863,0.99291176,0.99287474,0.9949329,0.99527794,0.99306685,0.9940217
0.98937654,0.9929161,0.99283034,0.99496794,0.99488777,0.99359137,0.9913059,0.9953887,0.99466926,0.99550194,0.9948184,0.99325323,0.9934879,0.9936029,0.9956579,0.99405795,0.99195445,0.9947434,0.99290824,0.99569553,0.9951613,0.99603623,0.9942826,0.99325013,0.99248916,0.993904,0.99188006,0.9943603,0.99340343,0.99321455,0.99332994,0.9921496,0.99321663,0.99447465,0.99519867,0.9941738,0.9927201,0.99394,0.99459326,0.9952404,0.9953164,0.9927936,0.99497575,0.9945931,0.9944795,0.99371517,0.99337035,0.99375373,0.9926072,0.99252814,0.99496794,0.993631,0.99379325,0.9926038,0.993679,0.99329615,0.99101317,0.9942863,0.9945894,0.9935208,0.99451756,0.99366885,0.9934448,0.9939077,0.9939768,0.9935235,0.9933008,0.9915773,0.9919569,0.9945159,0.9925287,0.99309677,0.9945138,0.99443126,0.9913099,0.99329793,0.99351877,0.9916967,0.9926414,0.9945859
0.9922686,0.993748,0.9922648,0.99398434,0.99420816,0.99523443,0.9921445,0.9944774,0.9938217,0.99351335,0.99321795,0.99253297,0.9953915,0.9958819,0.99492866,0.9932885,0.99337435,0.99229324,0.9931031,0.9942482,0.993985,0.99504644,0.99337435,0.9940927,0.9934831,0.9934498,0.9958447,0.9919603,0.99493384,0.99477947,0.991916,0.99455357,0.994966,0.9926461,0.9930245,0.99294585,0.99248886,0.9933673,0.9921469,0.99345106,0.9952016,0.9939763,0.9956151,0.9950821,0.9942854,0.9934455,0.9950847,0.9939319,0.992373,0.99424714,0.9952346,0.9946678,0.993679,0.9940911,0.99260294,0.99207276,0.9940196,0.9945094,0.9930213,0.99440163,0.996267,0.99432415,0.9947412,0.994019,0.99603397,0.99470633,0.9945159,0.9950479,0.99206823,0.9948893,0.99417156,0.9952395,0.994135,0.99459267,0.99458545,0.9924504,0.9934415,0.9921826,0.99119455,0.9932972
0.9909408,0.9923369,0.9942086,0.9956934,0.9955785,0.9940489,0.9934822,0.99088854,0.9939354,0.9918097,0.9951217,0.9926773,0.99267894,0.9935965,0.9936385,0.9953885,0.9949325,0.99504966,0.99405456,0.99393564,0.99263716,0.9958056,0.9945123,0.9937523,0.9939423,0.9940907,0.9950413,0.9923311,0.99489266,0.9953483,0.99157697,0.99440205,0.9956584,0.99496794,0.9951596,0.9925792,0.99371374,0.9926414,0.99222255,0.99462134,0.9937065,0.9923369,0.9946279,0.9942841,0.99496734,0.99553686,0.99485004,0.99351484,0.9914972,0.99386567,0.9922562,0.99359185,0.995003,0.9944734,0.9940898,0.99321353,0.9926778,0.9948121,0.99329746,0.9917669,0.9916529,0.99530673,0.9954989,0.99381953,0.9934834,0.9932586,0.99283445,0.99313205,0.9935604,0.99454963,0.9949279,0.994048,0.9950413,0.99489033,0.9939421,0.9947412,0.9937478,0.9922559,0.9917597,0.99386656
0.9923422,0.9936397,0.99157315,0.9941341,0.99386615,0.991651,0.99424845,0.9945071,0.9926767,0.99485475,0.9935163,0.99516094,0.99401075,0.9915757,0.994894,0.99527305,0.99439716,0.9949267,0.99355567,0.99298906,0.9941647,0.9924464,0.99405843,0.9952734,0.99462193,0.993597,0.9933989,0.99378234,0.9947043,0.9942841,0.9941259,0.99237186,0.9954283,0.9926015,0.9933231,0.994929,0.9950047,0.9936009,0.9936706,0.99386007,0.9937058,0.99328643,0.99134403,0.9931757,0.9941736,0.9948907,0.9943166,0.99080807,0.9937852,0.9922178,0.99313307,0.99469906,0.9933246,0.99195534,0.992332,0.9919944,0.99374586,0.99305624,0.9935237,0.9937838,0.99210876,0.99355936,0.99470127,0.995272,0.994285,0.9927187,0.99268174,0.9951968,0.992601,0.99264836,0.99408793,0.9918388,0.9925253,0.99241114,0.99301916,0.99386334,0.9936329,0.9931433,0.99362975,0.9939809
0.98963755,0.9942112,0.9916119,0.99389887,0.9935924,0.99352175,0.9933297,0.99382824,0.99427605,0.994894,0.9930586,0.9950836,0.9901608,0.9917632,0.99424887,0.9943166,0.9938584,0.99542326,0.9963016,0.9932931,0.99478126,0.9931073,0.99256396,0.9931002,0.99344856,0.9922592,0.99431896,0.99553907,0.99191326,0.99409515,0.99484944,0.9954616,0.99297917,0.9937797,0.9935911,0.9923701,0.9931814,0.9941709,0.9945092,0.99382544,0.9950041,0.9940156,0.99381906,0.99530977,0.994048,0.9921106,0.9934774,0.9921814,0.9946984,0.9939793,0.9949298,0.993743,0.9936368,0.99420303,0.9938612,0.994431,0.9960731,0.99489456,0.9922938,0.99359185,0.99306524,0.9944317,0.993707,0.9940965,0.99457943,0.99549836,0.99530995,0.9916837,0.9942464,0.9917206,0.9947392,0.99210244,0.99260354,0.9927563,0.99466497,0.9948164,0.99314433,0.99332434,0.9940889,0.9914956
0.99134505,0.9912708,0.99260885,0.9921802,0.99366885,0.99466497,0.99462545,0.9921052,0.9930224,0.9921811,0.99481386,0.9927582,0.9948164,0.9938264,0.9950445,0.9934122,0.9920701,0.9916882,0.9934846,0.9946658,0.99440163,0.99382216,0.99241316,0.994894,0.9945842,0.9928287,0.996305,0.9942839,0.9944376,0.9936686,0.9929864,0.99534875,0.99245733,0.9933607,0.99302876,0.99322,0.9933653,0.9957672,0.9950085,0.99478227,0.99401486,0.99236864,0.99153405,0.99424183,0.99614704,0.995011,0.99352276,0.99142,0.9932223,0.9937492,0.99511874,0.9925617,0.9940578,0.9929437,0.99073887,0.9940509,0.9941673,0.99187356,0.9935141,0.99363726,0.9942383,0.9927538,0.9933312,0.9945134,0.9959592,0.9920758,0.99245274,0.9934884,0.9934423,0.9936009,0.99370676,0.99355644,0.9945148,0.9948172,0.99508303,0.9939772,0.9946209,0.9945523,0.9937928,0.99489164
0.9916507,0.9934861,0.99375445,0.993597,0.99497116,0.99386847,0.99481344,0.99164814,0.99283284,0.9928753,0.99413437,0.9955799,0.9932205,0.9942101,0.9952346,0.9949714,0.99294555,0.993788,0.993639,0.9938299,0.9928284,0.9951917,0.99291444,0.99328464,0.99557567,0.9936725,0.9944376,0.99436206,0.99267614,0.9921448,0.99442935,0.9929418,0.9929523,0.99241316,0.99523187,0.99110913,0.99283147,0.9935606,0.9918732,0.99332356,0.9936761,0.99416935,0.9963392,0.9947418,0.9952005,0.9929061,0.9940183,0.99306315,0.99294317,0.9929512,0.99397355,0.99236923,0.99299175,0.99435455,0.9919889,0.99378824,0.99439716,0.9916042,0.99443424,0.9943155,0.99244237,0.9938266,0.9946603,0.99256086,0.9928652,0.9945465,0.99538934,0.9922627,0.99458957,0.9938617,0.99297994,0.99268615,0.99504036,0.99382824,0.9931712,0.9922187,0.99512374,0.99519426,0.99248,0.99347246
0.98929715,0.9940898,0.9935943,0.99252385,0.99309677,0.99515873,0.99329513,0.9944351,0.9942852,0.99378425,0.99337035,0.9938645,0.99534893,0.99512225,0.9939439,0.99275076,0.99389935,0.9934047,0.99435496,0.99333173,0.9948586,0.9936718,0.99469805,0.9939386,0.9941261,0.9937077,0.9913874,0.9912316,0.9943179,0.9947773,0.99463075,0.9936773,0.9931441,0.9920301,0.9919514,0.9950047,0.9945071,0.994819,0.9951606,0.99455357,0.99324983,0.99367464,0.9933731,0.99210304,0.9930197,0.993211,0.99294156,0.99134004,0.9937123,0.99165195,0.99272346,0.99241346,0.9940864,0.9916856,0.9947789,0.99416447,0.995006,0.9924946,0.99439716,0.9937852,0.9938984,0.9948971,0.9951598,0.992486,0.99341196,0.9937857,0.9894832,0.9942486,0.9933231,0.9936792,0.99245214,0.9940544,0.99344105,0.994166,0.9941254,0.9915337,0.9931057,0.9942889,0.9940131,0.99496543
0.9896352,0.9943272,0.9950494,0.99447465,0.993946,0.9937523,0.9950877,0.9928726,0.99233985,0.9949704,0.9940974,0.9943969,0.9949677,0.99431986,0.9921517,0.99356425,0.9953555,0.99420923,0.9942068,0.99447024,0.9933269,0.99340695,0.99131054,0.9925648,0.99363947,0.9950434,0.99302185,0.9915376,0.99290526,0.99309677,0.99348515,0.9919643,0.9946285,0.99469906,0.9947001,0.99515724,0.99275297,0.99248886,0.99409515,0.99569273,0.99451274,0.9934039,0.9929837,0.99497116,0.99542505,0.9933305,0.99271345,0.9954673,0.9938346,0.9948571,0.99481404,0.9926414,0.9950862,0.99272096,0.99401945,0.99429065,0.9952388,0.9936426,0.99272066,0.9932483,0.9929153,0.9935648,0.99576813,0.99508566,0.9936336,0.99305546,0.99554074,0.9944715,0.992253,0.9934879,0.9943991,0.9951245,0.9940578,0.99504566,0.99241346,0.99451023,0.995308,0.99374086,0.9929107,0.9943948
0.991241,0.994743,0.99324757,0.9947065,0.992844,0.99366766,0.99340767,0.99378043,0.9946226,0.99379253,0.9936016,0.9923771,0.9906213,0.99492764,0.99260324,0.9919163,0.99199104,0.99203104,0.9950449,0.99431765,0.9937034,0.99416894,0.9912263,0.9945117,0.99275494,0.99203193,0.9934082,0.99489516,0.9925298,0.9942434,0.9958093,0.99233836,0.9929936,0.99367636,0.994401,0.99469805,0.99324524,0.9913029,0.9942088,0.992449,0.9929091,0.99286634,0.9950806,0.99184287,0.99466336,0.993336,0.99397236,0.99188715,0.993596,0.9946285,0.9944355,0.99206793,0.99470305,0.9948178,0.9929882,0.99378616,0.99328876,0.9927168,0.9943196,0.99306893,0.9938675,0.9931362,0.99451315,0.99314487,0.991956,0.9934876,0.99298584,0.9937456,0.9912283,0.99428695,0.99283254,0.9934383,0.9927168,0.99139136,0.9939859,0.9952007,0.99515724,0.9940117,0.99267614,0.99424714
0.9922347,0.99443185,0.9945498,0.99454606,0.9926041,0.99519426,0.99417245,0.99142027,0.99420816,0.993184,0.99332565,0.9934498,0.9932875,0.99435496,0.99417293,0.99351585,0.99424577,0.9945509,0.9946273,0.99146134,0.99447656,0.9921445,0.9945908,0.9942464,0.993784,0.99221927,0.99367636,0.9929829,0.9940553,0.9943931,0.992449,0.9938631,0.9938212,0.99207276,0.99562067,0.99546313,0.9948142,0.99302554,0.99283224,0.9934039,0.99424446,0.9955787,0.99538636,0.9945525,0.9928791,0.9941705,0.99279225,0.9939758,0.9937447,0.9934049,0.9916119,0.9939033,0.9945525,0.9940176,0.9936727,0.99394715,0.9921823,0.99421054,0.99348265,0.9926069,0.9929909,0.9934079,0.9927516,0.99230087,0.99390537,0.9941731,0.99492943,0.9949259,0.99553907,0.99375063,0.99485314,0.99394417,0.99428785,0.9955042,0.9950474,0.9926383,0.9946293,0.9916507,0.9931381,0.99450964
0.9896269,0.99229765,0.9946287,0.9942451,0.9945546,0.99508077,0.99360454,0.9948164,0.9938975,0.9950827,0.99306977,0.9926422,0.99416244,0.99275464,0.9945098,0.992382,0.99401945,0.992071,0.99322075,0.99207306,0.99173194,0.9928712,0.9942493,0.99428606,0.9947424,0.9951985,0.99584615,0.9944715,0.99420816,0.9943569,0.9939845,0.9924204,0.99364066,0.99420923,0.9940918,0.9946287,0.9948528,0.99413145,0.9930621,0.99431616,0.9944344,0.99237764,0.993864,0.993211,0.9930994,0.9953511,0.99413395,0.9927148,0.99443316,0.9947815,0.9940963,0.9938996,0.99363124,0.993784,0.99325037,0.9928301,0.99275434,0.9937523,0.9940196,0.99455005,0.99481523,0.99424297,0.99195534,0.9915402,0.99405706,0.9950868,0.9937892,0.99405795,0.994135,0.9923381,0.99241114,0.99131316,0.9942846,0.99248916,0.9940988,0.99481916,0.99416447,0.99519444,0.99539167,0.9940523
0.99302584,0.99374443,0.9951561,0.9929877,0.9937435,0.99542207,0.99550056,0.9942493,0.99233544,0.9950489,0.9935141,0.9940916,0.99248654,0.99382216,0.9947053,0.99447215,0.99276596,0.994549,0.99432117,0.99447256,0.99432546,0.9945161,0.9936002,0.9924599,0.9940183,0.9936812,0.99539113,0.9955035,0.993523,0.9952373,0.9938979,0.9913861,0.99493057,0.993639,0.9930253,0.9932141,0.99313676,0.9957315,0.99321973,0.9926901,0.99310076,0.99313885,0.9919126,0.994248,0.99496716,0.9938607,0.99531406,0.9942854,0.99321485,0.99245334,0.995007,0.99180037,0.99248654,0.9930213,0.99283093,0.9941986,0.99386007,0.9924085,0.9917285,0.9917282,0.9947793,0.9944736,0.9947356,0.99435925,0.9935992,0.9920713,0.994211,0.99363536,0.9938605,0.99355495,0.994162,0.9944317,0.9932153,0.99504095,0.99508077,0.99473697,0.9955775,0.9950055,0.9943582,0.9947741
0.9903951,0.99360186,0.9942874,0.9927936,0.9946611,0.99451524,0.99504286,0.9955785,0.9943181,0.9923797,0.99279386,0.9935235,0.99459,0.99588567,0.99443805,0.9950827,0.995011,0.99298155,0.99378425,0.993824,0.9940514,0.9937065,0.9929437,0.9926853,0.99412405,0.99489594,0.99584264,0.99432397,0.994514,0.99420816,0.994011,0.99519974,0.99233603,0.9955042,0.99268144,0.9930663,0.9942482,0.9929061,0.99561566,0.99500906,0.995883,0.9941665,0.9929824,0.9920688,0.993136,0.99409336,0.994395,0.99592036,0.9927215,0.99375015,0.9939045,0.9953153,0.99447715,0.9918416,0.9953509,0.99336475,0.9937082,0.9941259,0.9943575,0.9939003,0.99203193,0.9942088,0.9945921,0.99397975,0.9930986,0.9944696,0.9931052,0.9950011,0.9926007,0.9931723,0.9934769,0.9931357,0.9950468,0.9948575,0.99489516,0.9934488,0.9934854,0.9921835,0.9921514,0.99309784
0.992038,0.9940889,0.994509,0.9934418,0.99199045,0.9948555,0.99542886,0.99580914,0.99436486,0.9950791,0.99280375,0.9945515,0.9942037,0.9934418,0.99378616,0.9945165,0.99237794,0.99542767,0.99489635,0.9936706,0.9944325,0.9935208,0.9936361,0.99530977,0.9937549,0.99383134,0.9949335,0.9942493,0.9937523,0.9945904,0.9937456,0.9940997,0.99496484,0.9954266,0.99294555,0.9934413,0.9947753,0.99199134,0.99245507,0.9948557,0.9932151,0.9936336,0.9955028,0.9951239,0.9957315,0.9960007,0.9947424,0.9945463,0.99318296,0.99463016,0.99535,0.9932514,0.9917654,0.9935618,0.9947753,0.99397516,0.99417114,0.9938687,0.9934004,0.99283147,0.9932908,0.99435514,0.99500775,0.99256593,0.99432224,0.9927555,0.9925335,0.9936783,0.9943993,0.99397975,0.9949309,0.995388,0.9929437,0.99134433,0.99356455,0.99527305,0.9950426,0.99206823,0.9939035,0.9941295
0.992227,0.99359286,0.99412656,0.9926798,0.9929448,0.993107,0.99337286,0.99398273,0.9919932,0.9937852,0.9940945,0.9951622,0.9936002,0.9943575,0.9940183,0.9936351,0.9948571,0.9935153,0.9934029,0.99477947,0.9926416,0.99291444,0.9956167,0.9945877,0.9940105,0.9926826,0.993639,0.99455357,0.9965285,0.99489146,0.9925665,0.9938624,0.99340767,0.99504644,0.9939432,0.99427974,0.9948164,0.99607223,0.9950041,0.9936315,0.99347895,0.99420196,0.99302053,0.9923029,0.99413323,0.99527705,0.9944404,0.9944351,0.9921118,0.99211746,0.9922267,0.9950442,0.9932576,0.9929096,0.9941299,0.9924499,0.99195355,0.9909277,0.9937928,0.9950838,0.9937899,0.99363875,0.99340594,0.99466556,0.9954292,0.9935198,0.99531263,0.991651,0.99142784,0.99508584,0.99527323,0.99398136,0.99279225,0.9943547,0.99237186,0.994473,0.99340844,0.994895,0.9956178,0.9934014
0.9923841,0.99439716,0.99447864,0.99596,0.9953148,0.9933643,0.994327,0.9946658,0.9952384,0.99115944,0.99462587,0.9940557,0.99500585,0.9945144,0.99317414,0.99321795,0.99347943,0.9939003,0.9924565,0.9950041,0.9951999,0.9940523,0.99363947,0.993519,0.99241,0.99344355,0.9942436,0.9934019,0.9921064,0.9953523,0.9921073,0.99535036,0.9961861,0.99488896,0.99557465,0.99420285,0.99363536,0.99398017,0.99451524,0.9948911,0.9938276,0.99534845,0.9940559,0.9924094,0.9949271,0.99424666,0.99352103,0.9945494,0.99489594,0.99447614,0.9934112,0.9932122,0.9939386,0.9929045,0.99295497,0.9943935,0.9933653,0.99341094,0.9930197,0.9937892,0.9919126,0.992185,0.9929531,0.99428064,0.990694,0.9933289,0.9925657,0.9922988,0.9937906,0.99549973,0.99473715,0.99423945,0.99324936,0.9934004,0.99233866,0.99458855,0.99455315,0.9944759,0.99561864,0.9934861
0.9906965,0.99153274,0.9924897,0.9953862,0.9937916,0.9929069,0.9922595,0.99439585,0.9933726,0.99439824,0.9933269,0.9930989,0.992185,0.9921484,0.9944397,0.99413323,0.994019,0.9946226,0.9944019,0.9948528,0.9930224,0.9929461,0.9931433,0.9932883,0.9942502,0.994401,0.99493307,0.99436116,0.99272066,0.9936014,0.9922604,0.9917619,0.9934809,0.9945494,0.9951611,0.99329823,0.99317384,0.9931459,0.99508417,0.99389654,0.99332565,0.99409044,0.9937916,0.99374396,0.99355346,0.9950836,0.9935611,0.9947793,0.9958412,0.99347717,0.992562,0.99248224,0.9932908,0.9931047,0.9947785,0.9949292,0.99451274,0.9943942,0.9934415,0.9959934,0.9958433,0.9943984,0.9936744,0.9936404,0.99497,0.9941669,0.9934062,0.9944645,0.99241084,0.994011,0.9947386,0.9955804,0.99413306,0.9956567,0.99370605,0.99432117,0.99466395,0.9924863,0.9918763,0.99332356
0.9916834,0.9939063,0.993335,0.9939342,0.994353,0.9923765,0.99481976,0.99481624,0.9947775,0.9954609,0.99363,0.9937904,0.9950466,0.99427974,0.9931733,0.9946601,0.9935245,0.99375063,0.9951563,0.9929088,0.9943246,0.9945894,0.9939758,0.9929418,0.99210304,0.9939045,0.9933996,0.9942874,0.9961877,0.995276,0.9945884,0.9925614,0.9942059,0.99534875,0.99420214,0.9924848,0.992382,0.9959219,0.9931744,0.994478,0.9948539,0.99489325,0.9944755,0.99394464,0.99328953,0.9931744,0.99313045,0.99339986,0.9934089,0.99279225,0.9948876,0.9943216,0.99523365,0.99332714,0.99424535,0.99432266,0.9939811,0.99420965,0.9924097,0.99158216,0.9928298,0.9936713,0.99141765,0.99576765,0.99329436,0.99378425,0.99333376,0.99409515,0.993212,0.9929789,0.9937456,0.9927179,0.99481684,0.99565625,0.99516094,0.9942414,0.9935916,0.99447256,0.99278975,0.99153596
0.9924542,0.99191725,0.99435925,0.9921847,0.9933668,0.9937075,0.99317044,0.9939811,0.9956543,0.99481624,0.99451065,0.9930934,0.9955018,0.99447274,0.994094,0.9944004,0.9945529,0.9927535,0.9926041,0.99363583,0.99294555,0.99431574,0.9961117,0.99351805,0.9928279,0.99317384,0.99298424,0.9927499,0.99580675,0.99356234,0.99313676,0.9928388,0.99443424,0.99275714,0.99432373,0.99588346,0.99219483,0.99412835,0.9931715,0.99390304,0.992908,0.99447715,0.9937051,0.99329644,0.9927198,0.9921448,0.9947775,0.9942491,0.99535143,0.99248886,0.9924954,0.99516237,0.9946674,0.9939793,0.99123234,0.99466413,0.99424446,0.99428105,0.9934363,0.99275047,0.99492806,0.9947358,0.99424183,0.99442846,0.99191415,0.994283,0.99496466,0.9931798,0.99458873,0.99332994,0.9933625,0.9943597,0.99324495,0.99531084,0.99428344,0.9947029,0.9942841,0.99519795,0.99321145,0.99489164
0.9918763,0.99436164,0.99535143,0.9941709,0.9948938,0.99481976,0.9948938,0.9945884,0.99459124,0.9941687,0.9935257,0.9956498,0.9943984,0.99382263,0.99322027,0.9931451,0.99496424,0.99584377,0.99382544,0.99523586,0.99241376,0.99275494,0.9936026,0.9940176,0.99321455,0.99337363,0.9928709,0.9962245,0.9945863,0.9942839,0.9920758,0.9935611,0.9948608,0.99302053,0.994283,0.993553,0.99561316,0.9921442,0.99305946,0.9945502,0.99283063,0.99294585,0.99206823,0.99321043,0.9951972,0.99336755,0.99172664,0.99374586,0.99195385,0.99370724,0.9939386,0.9937447,0.9933241,0.99436116,0.9942423,0.9950076,0.99181163,0.99267477,0.9951243,0.99519795,0.9926021,0.9956914,0.9940893,0.99439436,0.9935178,0.9930976,0.9935146,0.9938979,0.9936383,0.99352396,0.99420214,0.9934057,0.9939414,0.99569434,0.9933297,0.9937447,0.9932857,0.994509,0.99481565,0.99229354
0.9916491,0.99043286,0.9934097,0.99103796,0.9945098,0.99378306,0.9925295,0.9936706,0.9928671,0.99465907,0.99351335,0.99443036,0.9941669,0.9945113,0.99493116,0.9950385,0.99386656,0.99385816,0.9957274,0.9928298,0.9931728,0.99534947,0.99504036,0.99142486,0.99298745,0.9933597,0.99263966,0.9938659,0.99347645,0.9950049,0.99359065,0.99344254,0.9941295,0.99428195,0.9941678,0.9937821,0.9921472,0.9935994,0.99248856,0.9947751,0.99324805,0.99481684,0.9955743,0.99542224,0.9937816,0.9929765,0.99447256,0.9933615,0.9922604,0.9950819,0.9946252,0.9947753,0.9940868,0.9946222,0.9959188,0.99462175,0.99401397,0.99233514,0.9931352,0.99290526,0.99436116,0.9937807,0.9915741,0.99443144,0.992146,0.994437,0.99398226,0.9950095,0.99275327,0.9948121,0.99363726,0.9924504,0.9955401,0.99416846,0.9948172,0.992948,0.99180096,0.99416333,0.99325037,0.9939005
0.9911507,0.9934792,0.9934747,0.9945098,0.9940956,0.9924576,0.99267644,0.9940927,0.9938266,0.9924088,0.9937878,0.99435645,0.9920749,0.9950806,0.99347544,0.99282926,0.9942804,0.99313676,0.9923035,0.9951211,0.99355936,0.99215525,0.9931365,0.9944325,0.99496967,0.99455374,0.99192923,0.99420834,0.99176,0.99233663,0.99401325,0.99412787,0.99260974,0.99371326,0.9939049,0.99272317,0.9939063,0.99371564,0.9941239,0.994401,0.99355274,0.9938647,0.9922556,0.9928377,0.993289,0.99358994,0.9927494,0.9929015,0.9953465,0.9913059,0.9945877,0.994739,0.9935151,0.9930947,0.9935547,0.9962619,0.99394417,0.993029,0.99428195,0.9926388,0.9942403,0.9946631,0.9945904,0.99367493,0.99382263,0.99527,0.9956518,0.9935975,0.99341094,0.99595845,0.9942473,0.9961867,0.9939358,0.9942874,0.9921862,0.99328697,0.9952741,0.9938996,0.9936686,0.9910022
0.99210906,0.9957321,0.9951569,0.992185,0.9945898,0.99314487,0.9938217,0.99641544,0.99302,0.9934388,0.994285,0.9944336,0.9926075,0.99386936,0.9921064,0.9936766,0.99286795,0.99428,0.99481505,0.9945867,0.99272317,0.99459165,0.9941691,0.9958855,0.9940936,0.9930266,0.9922633,0.9943229,0.99436116,0.9943946,0.99443614,0.99195784,0.99336404,0.9925617,0.99275494,0.99397993,0.9921067,0.994239,0.9936737,0.9935215,0.9944329,0.99519557,0.9923308,0.9921817,0.9929448,0.9926416,0.99374944,0.99314225,0.99256027,0.9935994,0.99538565,0.9948557,0.99404776,0.9954989,0.9921424,0.99447167,0.9937845,0.9917257,0.9932161,0.9908077,0.9950785,0.99255687,0.99322104,0.99179786,0.99492997,0.99530977,0.996606,0.99313545,0.99455273,0.99340266,0.99561584,0.9941243,0.99442846,0.9943151,0.9954968,0.99439824,0.99428344,0.99337006,0.9948545,0.994125
0.99310255,0.9946972,0.9945853,0.9957703,0.9942778,0.9950825,0.99497,0.99481386,0.99343956,0.9927936,0.9935924,0.9939347,0.9953834,0.9934846,0.9945465,0.9938603,0.9936315,0.9915353,0.9939768,0.9950028,0.9955044,0.99347866,0.9930939,0.9957253,0.9915667,0.99313754,0.99465644,0.9937387,0.9931396,0.99370915,0.9946205,0.9930926,0.99236774,0.9946279,0.9943991,0.9928652,0.9945071,0.99183726,0.99325395,0.99442846,0.992486,0.99412656,0.99394256,0.99275297,0.9932468,0.99435407,0.994695,0.993748,0.994589,0.99412924,0.9919877,0.9939033,0.9939721,0.99420214,0.9942434,0.99347717,0.9948166,0.9940857,0.99317044,0.9937487,0.99435174,0.9931689,0.9930531,0.9942813,0.9946615,0.99447083,0.99278754,0.99169165,0.99344677,0.99481565,0.99458605,0.9948101,0.9927516,0.9933205,0.9943142,0.9941326,0.9940206,0.99298316,0.9936684,0.9945092
0.98914146,0.9942456,0.9942495,0.9926853,0.99538887,0.9950453,0.9934049,0.99469703,0.99504286,0.9937892,0.99333274,0.99485356,0.9953119,0.9937051,0.9942756,0.9932473,0.99348015,0.99370414,0.9946648,0.99469864,0.9935926,0.9923325,0.99347794,0.994624,0.9935909,0.9920286,0.9921865,0.9924158,0.99420965,0.9937528,0.9935948,0.99538547,0.99318033,0.99416894,0.99329823,0.9929856,0.9947021,0.9934782,0.99550146,0.9937809,0.994965,0.9938647,0.9950009,0.9945138,0.9943554,0.9956932,0.9944694,0.9932939,0.9952711,0.9946605,0.992677,0.9940103,0.99519205,0.9946666,0.9918757,0.99297833,0.99530816,0.99519956,0.99344254,0.99187726,0.99496865,0.99485415,0.995575,0.99267584,0.99462503,0.9925614,0.99530745,0.9950419,0.99355274,0.99423724,0.9944738,0.99248683,0.99428153,0.99359405,0.9925244,0.9944715,0.9915741,0.9940868,0.9950417,0.99470246
0.99118817,0.9928287,0.9940171,0.9955789,0.99360067,0.9918413,0.99443674,0.99408865,0.99275494,0.99183756,0.9938984,0.99382544,0.9923727,0.99256366,0.9931094,0.99423987,0.9922175,0.9937109,0.9922595,0.9937871,0.9943181,0.992258,0.9953105,0.991347,0.9934814,0.99160904,0.9917963,0.9948919,0.9936315,0.9913809,0.9937487,0.99190986,0.9940875,0.9938984,0.99355495,0.9947805,0.9940217,0.9941268,0.9950821,0.9939779,0.9956541,0.9951574,0.9937852,0.994125,0.9937075,0.9913417,0.99363804,0.99432266,0.9938607,0.99390423,0.9951556,0.994893,0.99191356,0.9937809,0.99530494,0.99492824,0.9949706,0.9925184,0.9946195,0.9943907,0.99561334,0.99443483,0.9922941,0.99203557,0.9942059,0.99573034,0.99481344,0.9951189,0.99435776,0.9940509,0.9934782,0.9945908,0.9913109,0.9944757,0.9924083,0.9929826,0.99436074,0.9932133,0.9937473,0.99526983
0.9898985,0.99344707,0.99507797,0.9946599,0.9920344,0.99317515,0.99462706,0.9922618,0.99451107,0.99477553,0.995464,0.9943272,0.9939444,0.99340516,0.9951596,0.9933241,0.99358994,0.99573165,0.9936667,0.9920286,0.99420017,0.9923296,0.99462587,0.994322,0.99538267,0.9927513,0.9923328,0.9940181,0.9922187,0.99481225,0.9947384,0.99576735,0.9928265,0.99477494,0.9927881,0.99451005,0.9921427,0.9919874,0.9940094,0.99588,0.9935994,0.99306023,0.9937516,0.9949708,0.9937899,0.9943599,0.99523824,0.99348366,0.99383086,0.9941696,0.9948555,0.9944302,0.9942004,0.9938935,0.9949265,0.9948164,0.99336576,0.9921445,0.9933353,0.9948944,0.99516034,0.99386615,0.9923701,0.99463034,0.9941718,0.9936283,0.99324757,0.99488914,0.99519426,0.9937802,0.99504244,0.9938287,0.99527687,0.99500984,0.9935938,0.99470127,0.9936737,0.993598,0.9926385,0.99489146
0.9928358,0.9950434,0.99588317,0.9947384,0.9937075,0.9927602,0.99455065,0.9955377,0.9934403,0.9924207,0.99149364,0.99435407,0.99462074,0.99512243,0.9950085,0.9948188,0.99249,0.9931733,0.9949271,0.9953456,0.9949681,0.9957274,0.99496716,0.99427694,0.9949267,0.99469966,0.9958039,0.99259675,0.99352276,0.9936725,0.99466354,0.9937821,0.99309653,0.9951193,0.99588174,0.9950066,0.9937535,0.9948942,0.9950066,0.9940471,0.9947428,0.9950036,0.9946568,0.9935618,0.9928688,0.99236864,0.99553686,0.9928658,0.994589,0.9940171,0.99454755,0.9932519,0.9927908,0.99462336,0.99434936,0.99344003,0.9941629,0.995347,0.99496657,0.9955389,0.99374753,0.9928246,0.9927884,0.99355984,0.99508137,0.99546367,0.99325424,0.9945826,0.9950455,0.9941705,0.9939012,0.9939412,0.99389774,0.99065304,0.99413013,0.99527526,0.99530995,0.9945523,0.9944359,0.9931712
0.99215645,0.99401146,0.9945838,0.99400896,0.9936691,0.99352276,0.99351287,0.9921046,0.9948119,0.99363124,0.99149364,0.99390095,0.99420613,0.99431336,0.9922548,0.9953112,0.9952727,0.9932486,0.9932068,0.99298155,0.9940167,0.9954609,0.9928257,0.9938245,0.99481267,0.99301916,0.99526805,0.9950047,0.9916116,0.9949658,0.99587893,0.9942767,0.9952729,0.995272,0.99271125,0.99393976,0.9952695,0.9924817,0.99496406,0.9939687,0.9941709,0.99568814,0.99431443,0.99354804,0.9939012,0.99511665,0.9927908,0.9942423,0.99245334,0.9940105,0.99217904,0.99324626,0.9931047,0.99278784,0.99298584,0.9939405,0.993666,0.99435216,0.9944336,0.9956516,0.99451256,0.9921415,0.9928671,0.99299175,0.99237156,0.9931723,0.99389493,0.993894,0.99481106,0.99382496,0.9930639,0.9909582,0.99217784,0.99481225,0.9954663,0.9926767,0.9926069,0.9951569,0.9950445,0.99569225
0.99081194,0.9948504,0.9923299,0.99302876,0.99347866,0.99386775,0.99351704,0.99336404,0.9933358,0.9938996,0.9945502,0.9948575,0.99279165,0.99584615,0.99286604,0.9928287,0.9945071,0.99217963,0.99267864,0.99508137,0.994237,0.9931694,0.9957292,0.993065,0.99417067,0.994962,0.99447125,0.9942057,0.99443525,0.99439734,0.99470407,0.995272,0.9952317,0.9949618,0.9937816,0.9945069,0.99203587,0.99504244,0.99614704,0.995806,0.99301785,0.99389887,0.99515796,0.9950447,0.9948545,0.99488854,0.9948868,0.9951961,0.99229705,0.99503887,0.9945071,0.99431896,0.9958066,0.99244666,0.9939338,0.99469924,0.9932496,0.99435407,0.99397284,0.99328315,0.9931313,0.9941243,0.9941636,0.99412566,0.9930923,0.9954583,0.99450606,0.9917187,0.9944355,0.9954604,0.99541855,0.9945498,0.9939705,0.993713,0.9940534,0.9935109,0.99354976,0.9954593,0.9923675,0.99508005
0.99053675,0.9939444,0.99466455,0.9947047,0.9925976,0.99217904,0.9935545,0.99554044,0.9930584,0.99496925,0.99244785,0.99466234,0.99336225,0.99447465,0.9945877,0.9944325,0.99424535,0.9943948,0.9931036,0.994624,0.9951221,0.9934054,0.994549,0.99187726,0.9946982,0.99221987,0.9934373,0.9926357,0.9935146,0.9919477,0.99435604,0.99210244,0.9951596,0.9905756,0.99439824,0.991841,0.9942427,0.99255747,0.99492764,0.9931297,0.9932141,0.99344504,0.99451065,0.99443567,0.9945811,0.993934,0.9935972,0.99451005,0.99614674,0.99378115,0.99187696,0.9924487,0.99248314,0.9932558,0.99424624,0.9942068,0.99405366,0.99390143,0.99381745,0.99263996,0.9934784,0.99362975,0.9932563,0.9925614,0.99382216,0.9928639,0.9920231,0.99272203,0.99382615,0.99504304,0.9942828,0.99363,0.9939045,0.99420834,0.99366933,0.99275047,0.9931668,0.9938612,0.99295044,0.99424493
0.99203223,0.99386543,0.99340165,0.9935606,0.9935911,0.99233544,0.9928355,0.9947725,0.99428695,0.99530834,0.9922172,0.9937911,0.9944325,0.9940112,0.99413216,0.9925213,0.9943618,0.9927173,0.99569535,0.9959172,0.9934438,0.9946238,0.99153143,0.9907297,0.99435884,0.994048,0.99409246,0.99363875,0.99443823,0.9950875,0.99493116,0.9943216,0.99569124,0.99394464,0.9940875,0.994278,0.99431986,0.99272096,0.99183726,0.9934774,0.9947053,0.9933302,0.99401575,0.995615,0.99515426,0.99504244,0.993551,0.9940094,0.99382734,0.994164,0.9911473,0.99279714,0.99343854,0.9910754,0.99398136,0.99446833,0.9948492,0.9915298,0.99413216,0.99435645,0.995617,0.99320966,0.99179506,0.99554074,0.9928734,0.9939779,0.99465865,0.99375206,0.99458504,0.993363,0.99439716,0.9939412,0.993106,0.99272233,0.99397147,0.9934408,0.99439824,0.99427956,0.99401146,0.99333096
0.99298155,0.99329746,0.9957266,0.99329364,0.99317414,0.99275213,0.9926848,0.9943205,0.9927906,0.9914588,0.99428606,0.9947827,0.99527305,0.9926015,0.9934014,0.9940176,0.9938266,0.9923346,0.99401236,0.99397767,0.99614865,0.9922574,0.9937869,0.99420613,0.9945467,0.99534893,0.9930926,0.9928007,0.9950419,0.99473697,0.99286634,0.9934388,0.99485004,0.99359334,0.9946994,0.9934039,0.9950862,0.9924857,0.9935495,0.9938958,0.99454254,0.99271595,0.99179316,0.9940094,0.99160933,0.99214333,0.9952725,0.9930586,0.99379086,0.99381834,0.992677,0.99187356,0.99229056,0.9924432,0.9932468,0.9947753,0.99534595,0.99549836,0.99408793,0.9943159,0.9946195,0.9935591,0.9937437,0.9932547,0.99485534,0.9941304,0.99389726,0.993864,0.9928358,0.99424094,0.99328643,0.9939045,0.9921439,0.9943491,0.9925586,0.99454814,0.9948142,0.99485177,0.99355865,0.9921466
0.9895177,0.99268395,0.9937516,0.99496865,0.99614996,0.99241084,0.9936679,0.99180007,0.9925218,0.99416155,0.99423814,0.9948948,0.9943929,0.9945863,0.99237067,0.99168533,0.9937485,0.99332535,0.9949304,0.99397814,0.99381906,0.9924556,0.9943205,0.9947791,0.9939726,0.99267614,0.99488467,0.9932594,0.9949267,0.99386567,0.9942767,0.9926739,0.9930269,0.99554145,0.99286413,0.9933635,0.9928391,0.9941259,0.9946966,0.991569,0.99451107,0.9930576,0.99393725,0.9930897,0.992714,0.995193,0.995308,0.9957289,0.9946281,0.9944763,0.9935992,0.9947402,0.99390143,0.9915386,0.9936009,0.9961887,0.9938647,0.9935606,0.9939028,0.993596,0.9940142,0.9943976,0.99252754,0.9942763,0.9932455,0.99386567,0.991948,0.9935488,0.9925939,0.99381626,0.99366766,0.99271375,0.9942438,0.9927165,0.9953105,0.9929045,0.9925207,0.9943957,0.9948502,0.9954635
0.99352026,0.995197,0.9943196,0.9951961,0.99401695,0.9958411,0.9954593,0.99195534,0.9944351,0.9929096,0.99293995,0.9953094,0.994742,0.99588203,0.9938544,0.9947759,0.99435496,0.99306315,0.99050474,0.9932931,0.99152696,0.99382544,0.9942763,0.99278724,0.9921454,0.99348366,0.9932834,0.99221927,0.99416757,0.9941651,0.9942813,0.9935106,0.9929418,0.99282545,0.99386424,0.9951176,0.9951234,0.9938207,0.9944351,0.9918051,0.99302,0.9942392,0.9948555,0.99294317,0.9929126,0.99450606,0.99148977,0.99492997,0.99378186,0.99122494,0.99202645,0.99405366,0.99450666,0.9940096,0.9923762,0.9950806,0.9934747,0.99340767,0.9946994,0.9932045,0.9925344,0.99423856,0.99344456,0.9947406,0.9938979,0.99111354,0.99458796,0.9959168,0.9925218,0.9944012,0.9942852,0.99275464,0.99180096,0.99276346,0.99378306,0.9941304,0.993864,0.99447316,0.9935889,0.99428344
0.99157923,0.9970279,0.99504566,0.9945436,0.9948166,0.99401945,0.99432266,0.9945867,0.9944664,0.9933279,0.9928633,0.994738,0.99404824,0.9936752,0.9930213,0.9932959,0.9924088,0.9926756,0.9946982,0.99523133,0.99412477,0.99462235,0.99496716,0.99286604,0.9949259,0.9937904,0.9919877,0.9926767,0.99290526,0.9927491,0.99447215,0.99405277,0.9927889,0.9955742,0.9933627,0.9934769,0.99401146,0.9932465,0.9941678,0.99328464,0.99416625,0.99530905,0.9944306,0.99222493,0.9934782,0.9942434,0.9950402,0.9964127,0.99370486,0.99438775,0.99438906,0.9939768,0.9942015,0.9936672,0.993439,0.9929808,0.9920637,0.99320656,0.99370486,0.9933221,0.9934403,0.9943603,0.99538743,0.99347496,0.99390215,0.9919123,0.9938956,0.9948097,0.99405617,0.9946566,0.9959172,0.99396986,0.9942403,0.9942451,0.994549,0.99416715,0.99511963,0.99314225,0.99310416,0.99332434
0.9910002,0.99523747,0.99404776,0.994322,0.99290526,0.99477434,0.99359405,0.9948512,0.9942088,0.9942872,0.99389726,0.9911932,0.9924857,0.99359405,0.99366766,0.9946607,0.99515873,0.99233514,0.9938577,0.99344754,0.995193,0.9956165,0.99351853,0.99316967,0.9930976,0.99297756,0.9928723,0.9940936,0.9947037,0.99427694,0.9917231,0.99371374,0.9915363,0.9938231,0.993362,0.9943976,0.99378115,0.9931679,0.99142194,0.99267644,0.9932921,0.99489146,0.9940884,0.99492747,0.99500394,0.9948496,0.99519336,0.99435735,0.99534667,0.9947759,0.9954616,0.9934383,0.99340117,0.9946572,0.9952676,0.9949292,0.9946601,0.99401075,0.9927472,0.99465823,0.99381363,0.9950009,0.9916844,0.9933592,0.99516016,0.99317044,0.9950436,0.99523604,0.9948893,0.9934062,0.994437,0.9940103,0.9941698,0.99267447,0.9945098,0.9949321,0.9947408,0.9945046,0.99504584,0.9945863
0.9924536,0.9922175,0.9942776,0.99515855,0.9932941,0.9937899,0.9934849,0.99328494,0.9932099,0.9925253,0.9930536,0.99402124,0.9934465,0.99473375,0.9942822,0.9926414,0.9934767,0.9934829,0.99382496,0.99473715,0.99408525,0.9925327,0.99271566,0.99263746,0.9938591,0.994929,0.99550056,0.9934869,0.99432504,0.99527544,0.99317956,0.9930186,0.9938528,0.9916443,0.99549973,0.99362904,0.9932076,0.9950041,0.99496657,0.99492943,0.9945894,0.9947735,0.9951228,0.9926739,0.9925244,0.990693,0.992795,0.9932514,0.9916071,0.9946968,0.99443376,0.99420106,0.994011,0.99416137,0.99199015,0.99439585,0.99417025,0.9948188,0.9951204,0.99301624,0.99515814,0.99363583,0.9932184,0.9946248,0.99469805,0.9939391,0.9926388,0.99286467,0.9947733,0.9945869,0.994125,0.9924071,0.99428236,0.9940539,0.995388,0.9940466,0.99371135,0.9952357,0.993472,0.9951202
0.99283224,0.99157023,0.99236894,0.993864,0.99457985,0.99443334,0.9943166,0.991651,0.9936653,0.9948502,0.993361,0.9931694,0.9937852,0.9936667,0.9932844,0.99191445,0.9947336,0.9959955,0.99504036,0.99355227,0.99316835,0.99355274,0.99340117,0.9951932,0.9946248,0.9944755,0.99293995,0.9929453,0.9955804,0.9937135,0.9921802,0.99401236,0.995347,0.9945442,0.9930186,0.9913039,0.99309206,0.99378043,0.99236983,0.9927903,0.99355274,0.99416244,0.99367565,0.9937077,0.9942414,0.9931725,0.9938935,0.99377996,0.99489087,0.99320626,0.99337083,0.9955387,0.9935945,0.99375206,0.99378234,0.9912601,0.99373776,0.9948874,0.9947747,0.9943633,0.9923305,0.99439245,0.9951546,0.99481267,0.9940135,0.99374515,0.9945436,0.99347794,0.9949708,0.99435455,0.99286276,0.99244726,0.9924068,0.99386376,0.9942039,0.9941268,0.9940201,0.99493116,0.9941335,0.9940181
0.9909565,0.99450797,0.9923745,0.9933724,0.99519444,0.99347645,0.9942086,0.995574,0.99573034,0.994053,0.9953899,0.99210364,0.9929794,0.9922607,0.99229497,0.99302024,0.9937039,0.9929781,0.9940103,0.9953818,0.9932931,0.9938647,0.9926021,0.9942401,0.9944287,0.9942859,0.9947733,0.9940548,0.99240535,0.9933233,0.9954647,0.99263656,0.9942841,0.99397284,0.9949702,0.99417245,0.99496925,0.99236894,0.99339914,0.990884,0.99435407,0.99557835,0.9949315,0.9927925,0.9926363,0.99485415,0.992525,0.9924516,0.99115205,0.99290717,0.99527526,0.9924906,0.9920652,0.9931357,0.99229646,0.99378824,0.9946275,0.99454963,0.99451256,0.99443847,0.9939809,0.99180096,0.9946619,0.99149364,0.99343854,0.99496543,0.9927908,0.9929464,0.99352497,0.99382144,0.9920289,0.99245733,0.9948154,0.99450797,0.9947362,0.99492764,0.9930949,0.9932862,0.99340063,0.9946962
0.9926853,0.994248,0.99443716,0.9926405,0.9915728,0.99366504,0.9947346,0.9936696,0.99332386,0.99462175,0.9952333,0.9949296,0.99332434,0.9918382,0.995386,0.9945502,0.99515814,0.9938675,0.9937456,0.9922565,0.9937838,0.99462277,0.99477214,0.99504036,0.99466175,0.99309784,0.99470407,0.993937,0.99336326,0.9950081,0.9932862,0.99206215,0.9922997,0.995385,0.9942876,0.99485177,0.99256283,0.9938266,0.99309677,0.9966047,0.99256253,0.99355423,0.9946607,0.9944681,0.9926004,0.9959954,0.99432003,0.9937876,0.99317855,0.99297756,0.9947785,0.9932852,0.9949248,0.9945873,0.99447316,0.9919877,0.99317414,0.99298424,0.9943192,0.995084,0.9938266,0.9919575,0.9926015,0.99397284,0.99228996,0.99455047,0.99348193,0.9951583,0.99394,0.99538535,0.9921814,0.9927516,0.9934458,0.99366355,0.9956554,0.9942423,0.99378306,0.994314,0.99114966,1.0007627
0.9918853,0.9943916,0.9937892,0.9925264,0.992941,0.9934418,0.99470025,0.99302053,0.992869,0.99351704,0.9947773,0.9944744,0.99367684,0.9924851,0.9943603,0.9948508,0.9947781,0.9921841,0.99450773,0.99409294,0.99481225,0.9943597,0.993937,0.9924484,0.99443567,0.9955797,0.9933645,0.9937826,0.993713,0.99454963,0.99455047,0.99538636,0.9945502,0.99419975,0.99470025,0.9927173,0.9928312,0.9932967,0.99428433,0.9917238,0.9931798,0.9935931,0.99290365,0.9934767,0.9944677,0.9935943,0.99337083,0.99401647,0.9940181,0.993753,0.9939793,0.9935532,0.99256283,0.9950415,0.99550194,0.99489266,0.9945898,0.9947797,0.99550027,0.99481916,0.99390006,0.9940868,0.99404866,0.9916071,0.9940494,0.9911895,0.99397653,0.99305284,0.9950436,0.9937442,0.9933706,0.99198526,0.9942451,0.99328774,0.99413145,0.9942392,0.9936397,0.99352026,0.99451524,0.9922258
0.99176943,0.9937499,0.9960332,0.9939412,0.9935889,0.9945484,0.9943224,0.9942101,0.9924536,0.9923727,0.9929813,0.9924071,0.9949637,0.99439377,0.9956148,0.99340945,0.9941709,0.99493194,0.994584,0.99458194,0.9921838,0.9942758,0.9940156,0.9942079,0.9943569,0.99378896,0.9939749,0.9938188,0.9945071,0.9948502,0.9938264,0.9951926,0.9942763,0.99229586,0.9938577,0.99442977,0.9944685,0.99508137,0.9931746,0.9928312,0.994395,0.9905764,0.9945469,0.9917225,0.9922639,0.9929469,0.9946603,0.99431944,0.9946572,0.9945828,0.99469864,0.99443144,0.99168307,0.9960328,0.9943995,0.9943961,0.99512005,0.9953461,0.99279195,0.995956,0.99385864,0.9945442,0.9940176,0.9933724,0.99305815,0.99294233,0.9939733,0.99584264,0.9952725,0.9939414,0.99516183,0.99451214,0.9932514,0.9931394,0.9929026,0.99221987,0.9936761,0.9944793,0.9930322,0.99451566
0.99184567,0.9943207,0.99358994,0.9921421,0.99424666,0.9942086,0.9944404,0.9937097,0.9933668,0.9946674,0.99519885,0.99497175,0.993061,0.9944774,0.9919987,0.9933279,0.99188095,0.994401,0.99379134,0.9950468,0.9948174,0.99234915,0.99169135,0.99504584,0.9934876,0.9940591,0.9930229,0.99436224,0.9941709,0.99374634,0.9939391,0.9942515,0.9945873,0.99314016,0.99455047,0.9946658,0.9945165,0.99386936,0.9920707,0.99371827,0.99447,0.9950849,0.9936307,0.99424666,0.99492866,0.9947051,0.9914164,0.99439734,0.9927151,0.9939841,0.9959946,0.99443424,0.9954654,0.9936744,0.9950085,0.99420726,0.99238086,0.9936349,0.9941299,0.9954247,0.99444187,0.99348587,0.99451214,0.9951247,0.9941745,0.99165606,0.99337465,0.9926038,0.9922692,0.99398315,0.99375135,0.9940525,0.9933645,0.99412835,0.9928388,0.9948508,0.99275714,0.99195814,0.9951241,0.9951217
0.99291503,0.99493444,0.99305916,0.99344456,0.9940514,0.99466926,0.99447846,0.99474037,0.992525,0.993255,0.99443907,0.9930989,0.993289,0.99421144,0.9947414,0.9931047,0.99455416,0.99523604,0.9951191,0.99389935,0.99191755,0.99211717,0.99485886,0.99500924,0.994894,0.9934782,0.99352497,0.9936031,0.99473757,0.9928051,0.99493444,0.9943965,0.99397975,0.9939003,0.9918125,0.9946248,0.99222285,0.99420834,0.9941277,0.99432373,0.9953087,0.9925244,0.99554163,0.99405,0.9919929,0.9942854,0.9940117,0.9926792,0.99332637,0.9921838,0.9939035,0.99440056,0.9942478,0.9928377,0.9953908,0.9938708,0.9923748,0.99302346,0.9946248,0.9948559,0.9946631,0.9948581,0.99272287,0.99405503,0.99143404,0.9943997,0.9929853,0.9937161,0.99417,0.99382216,0.9945853,0.9937473,0.99203587,0.9928391,0.9945509,0.99286985,0.99363023,0.9919154,0.99325037,0.9947416
