137.63428,124.20654,116.27197,117.248535,124.08447,142.21191,129.76074,129.45557,133.72803,129.88281,125.79346,136.23047,141.41846,134.64355,124.63379,134.39941,127.44141,120.42236,140.01465,137.20703,140.13672,124.38965,113.83057,136.47461,121.33789,130.79834,132.8125,124.26758,127.075195,123.53516,107.299805,153.86963,128.66211,142.8833,121.82617,106.32324,108.947754,138.00049,102.7832,120.23926,118.896484,126.77002,123.53516,101.135254,139.52637,121.7041,134.46045,133.54492,130.79834,108.70361,110.71777,114.56299,119.07959,117.004395,119.018555,105.71289,138.24463,137.63428,132.75146,118.28613,132.69043,133.91113,108.1543,126.34277,115.41748,133.36182,117.06543,119.32373,108.3374,118.59131,125.85449,118.896484,129.94385,134.15527,132.38525,131.28662,124.51172,127.38037,136.53564,119.81201
151.9165,143.37158,112.60986,129.08936,124.02344,135.19287,104.79736,112.854004,151.30615,117.492676,120.666504,128.84521,126.586914,134.64355,122.07031,138.24463,108.09326,122.25342,115.17334,126.77002,143.61572,132.01904,119.99512,123.22998,110.77881,129.39453,137.02393,117.614746,127.075195,141.47949,121.88721,141.96777,132.50732,136.53564,140.25879,118.65234,136.47461,131.7749,127.38037,141.6626,109.25293,117.98096,140.38086,128.96729,117.248535,125.183105,137.5122,113.220215,131.65283,109.49707,119.93408,131.22559,134.8877,127.01416,124.38965,130.67627,131.7749,132.20215,129.88281,149.04785,112.60986,114.44092,116.39404,112.6709,110.83984,133.42285,128.1128,122.86377,112.36572,119.99512,124.572754,128.41797,130.06592,131.40869,136.1084,130.61523,130.85938,131.10352,118.83545,119.81201
139.95361,128.66211,130.5542,120.54443,129.3335,103.21045,111.328125,115.29541,128.41797,115.41748,124.08447,119.384766,131.34766,90.33203,117.85889,121.154785,127.44141,109.86328,120.42236,130.18799,129.88281,113.098145,133.78906,129.3335,120.788574,123.84033,108.76465,137.87842,143.79883,121.33789,139.70947,113.03711,126.2207,148.01025,109.436035,133.11768,131.46973,146.05713,118.71338,108.3374,138.42773,125.427246,111.083984,104.12598,141.35742,112.60986,114.990234,132.14111,148.86475,109.313965,114.25781,128.60107,123.59619,131.89697,109.802246,132.69043,135.19287,112.18262,106.14014,133.30078,127.92969,134.94873,134.15527,113.83057,105.95703,135.62012,123.71826,119.018555,102.11182,107.91016,111.206055,134.8877,137.146,141.60156,137.75635,124.45068,120.788574,99.975586,120.84961,133.42285
129.15039,113.098145,134.70459,131.40869,112.18262,133.60596,108.3374,116.39404,133.54492,129.27246,137.69531,109.680176,121.7041,111.81641,109.86328,113.220215,125.427246,131.04248,125.79346,123.84033,114.01367,122.00928,122.19238,140.8081,116.882324,114.68506,140.99121,120.11719,156.0669,118.2251,126.15967,132.14111,124.14551,127.56348,145.20264,129.5166,122.86377,134.94873,117.73682,120.05615,112.73193,142.8833,129.27246,132.01904,119.93408,114.01367,124.87793,117.91992,116.02783,108.88672,94.72656,109.49707,110.5957,132.87354,128.1128,116.21094,135.9253,138.97705,134.27734,137.20703,129.5166,108.52051,143.0664,114.56299,116.94336,121.64307,119.68994,121.520996,123.53516,129.82178,117.55371,101.745605,123.22998,126.586914,119.62891,127.56348,115.234375,105.041504,127.197266,120.42236
148.68164,132.01904,134.39941,125.12207,119.506836,131.95801,98.57178,121.7041,115.234375,135.00977,120.42236,115.41748,137.146,120.17822,116.63818,127.197266,127.197266,133.8501,124.14551,111.99951,130.00488,125.79346,133.17871,131.83594,140.74707,120.11719,135.13184,126.64795,133.17871,103.02734,124.87793,136.59668,116.21094,125.12207,133.05664,103.08838,121.82617,133.11768,134.21631,113.83057,103.94287,145.69092,123.046875,123.168945,115.84473,117.614746,126.708984,123.046875,143.0664,110.22949,110.77881,139.16016,133.66699,127.92969,132.01904,128.66211,121.94824,133.66699,109.61914,119.20166,129.15039,117.30957,130.5542,115.112305,121.09375,129.57764,131.71387,126.28174,122.924805,140.13672,127.319336,131.40869,104.79736,128.84521,104.00391,136.71875,101.989746,109.313965,117.67578,116.63818
152.89307,113.83057,133.91113,128.17383,127.13623,117.30957,111.14502,102.29492,135.37598,120.05615,133.48389,136.65771,118.896484,119.140625,129.63867,112.54883,120.23926,127.01416,119.20166,110.71777,113.83057,105.407715,133.60596,135.86426,102.90527,137.146,124.938965,141.41846,106.56738,107.36084,147.27783,119.140625,119.56787,129.94385,111.75537,125.79346,108.27637,120.72754,133.11768,136.84082,147.58301,139.09912,123.7793,133.66699,142.8833,144.22607,128.35693,109.13086,108.3374,116.39404,121.520996,139.09912,124.20654,131.22559,118.95752,102.41699,136.35254,127.74658,141.8457,146.30127,109.558105,121.82617,121.58203,130.92041,126.28174,121.88721,130.49316,130.92041,132.44629,112.91504,116.94336,109.86328,121.82617,132.87354,115.90576,145.62988,137.57324,137.81738,133.05664,141.47949
150.45166,125.54932,126.89209,119.506836,104.91943,107.421875,133.72803,115.112305,126.64795,144.9585,127.99072,126.2207,136.59668,142.02881,129.88281,126.77002,113.15918,111.14502,121.45996,110.71777,130.49316,112.73193,133.36182,127.74658,139.4043,137.26807,123.7793,141.29639,123.046875,127.92969,108.82568,122.19238,122.924805,130.7373,130.43213,134.82666,126.953125,111.206055,122.61963,115.41748,133.60596,108.76465,127.99072,122.07031,143.37158,114.50195,140.99121,124.08447,102.90527,124.02344,120.666504,122.680664,137.69531,117.85889,110.961914,118.46924,108.27637,127.197266,127.075195,111.02295,122.25342,119.75098,134.52148,123.9624,132.69043,137.39014,117.55371,138.30566,146.60645,129.88281,137.93945,123.413086,131.71387,131.65283,135.0708,131.40869,114.9292,107.48291,133.78906,137.75635
152.771,132.6294,133.78906,133.48389,110.71777,134.39941,123.35205,129.63867,124.32861,112.54883,129.21143,110.04639,135.00977,122.924805,133.42285,125.61035,136.35254,124.63379,130.18799,122.43652,130.49316,108.58154,111.572266,111.02295,114.868164,112.18262,119.56787,119.93408,126.52588,128.2959,146.66748,106.0791,117.91992,120.05615,119.384766,109.13086,117.98096,136.90186,130.31006,132.26318,124.938965,118.83545,106.93359,107.72705,107.84912,119.07959,123.84033,122.802734,116.82129,110.71777,112.6709,139.03809,97.961426,124.45068,132.50732,133.23975,136.35254,102.84424,115.112305,138.3667,126.64795,123.47412,108.39844,132.44629,101.31836,109.49707,128.96729,109.191895,107.055664,112.24365,101.989746,114.74609,109.313965,148.2544,130.24902,130.18799,141.78467,141.35742,130.00488,134.15527
163.26904,101.5625,149.35303,125.24414,119.99512,126.2207,119.140625,126.64795,122.00928,132.75146,125.97656,124.572754,122.00928,105.773926,133.30078,122.680664,113.586426,118.53027,111.99951,103.515625,119.32373,146.30127,129.15039,136.53564,129.82178,132.6294,110.77881,124.75586,116.760254,131.40869,117.30957,110.77881,118.83545,135.55908,135.74219,124.14551,145.20264,125.0,106.01807,126.64795,132.38525,101.623535,137.57324,111.6333,120.4834,131.65283,132.87354,119.93408,118.65234,141.05225,132.8125,125.91553,114.44092,144.71436,139.70947,125.305176,108.45947,127.56348,126.64795,105.041504,136.84082,93.322754,122.680664,133.48389,127.075195,106.01807,113.40332,140.8081,140.01465,104.67529,128.35693,108.58154,116.21094,119.32373,126.28174,117.67578,123.168945,100.83008,135.31494,110.29053
144.34814,115.356445,111.38916,115.78369,97.77832,126.52588,117.98096,137.57324,109.680176,135.0708,131.89697,129.21143,109.86328,137.39014,105.529785,96.80176,112.91504,138.91602,116.45508,125.54932,112.30469,119.384766,116.51611,99.609375,137.02393,129.94385,138.1836,120.97168,121.82617,115.478516,132.75146,117.79785,127.197266,122.680664,110.53467,142.39502,127.075195,115.17334,126.09863,141.54053,122.13135,136.16943,129.6997,129.6997,128.17383,112.42676,132.38525,114.19678,110.961914,107.84912,107.91016,131.22559,133.54492,141.8457,113.76953,113.708496,110.53467,122.61963,135.00977,134.27734,132.01904,126.953125,141.11328,111.26709,118.04199,111.93848,128.84521,133.60596,108.76465,125.36621,120.4834,120.788574,106.14014,115.234375,113.03711,135.2539,128.1128,113.83057,129.6997,121.7041
134.8877,127.01416,132.26318,107.36084,132.32422,128.35693,118.04199,122.7417,118.71338,117.004395,115.84473,137.3291,122.37549,143.55469,122.680664,115.41748,123.413086,131.65283,137.87842,124.51172,111.81641,116.57715,130.5542,140.74707,130.85938,118.16406,112.854004,125.97656,139.34326,125.0,115.84473,127.56348,115.29541,132.50732,118.774414,131.10352,118.53027,137.63428,111.694336,132.69043,118.34717,107.36084,113.15918,126.46484,131.53076,130.06592,115.66162,127.62451,130.43213,124.51172,123.90137,127.50244,111.87744,107.84912,112.36572,99.42627,123.413086,112.91504,130.61523,120.72754,107.788086,115.66162,141.54053,119.68994,137.81738,124.08447,128.41797,129.76074,125.36621,129.63867,122.00928,141.54053,132.75146,141.96777,112.60986,135.74219,129.76074,120.60547,107.48291,132.26318
130.5542,131.71387,135.00977,128.35693,136.1084,116.39404,112.73193,125.85449,124.38965,141.60156,122.31445,102.7832,135.0708,126.2207,127.92969,113.8916,111.206055,126.46484,122.49756,119.62891,151.61133,111.6333,104.24805,117.126465,125.73242,116.02783,118.34717,133.05664,117.1875,108.88672,117.30957,119.75098,91.06445,136.59668,131.04248,107.055664,121.21582,124.26758,135.31494,128.84521,113.64746,93.50586,122.19238,101.31836,132.01904,115.53955,123.71826,120.36133,122.802734,123.90137,108.88672,118.83545,118.59131,88.134766,108.09326,139.70947,127.01416,118.83545,121.76514,91.674805,129.88281,119.32373,119.81201,137.20703,109.436035,107.543945,101.257324,118.28613,109.86328,108.64258,115.29541,108.03223,102.84424,138.00049,126.77002,127.2583,118.59131,113.40332,104.18701,118.53027
144.04297,137.69531,126.46484,111.572266,141.96777,123.168945,127.92969,109.375,127.99072,126.28174,148.2544,109.375,109.74121,95.458984,130.98145,126.15967,117.79785,113.220215,126.89209,115.05127,122.37549,139.03809,121.520996,107.36084,103.02734,122.61963,108.45947,128.41797,138.97705,133.11768,111.51123,110.22949,106.93359,120.17822,137.146,135.00977,135.62012,127.68555,117.73682,129.94385,115.90576,135.80322,118.896484,118.10303,124.63379,138.67188,140.25879,112.30469,104.49219,119.81201,140.625,126.46484,119.68994,141.72363,136.90186,122.55859,117.06543,124.63379,106.68945,118.53027,143.18848,117.43164,117.79785,105.773926,123.291016,133.91113,140.01465,139.77051,120.54443,116.69922,119.68994,119.62891,129.88281,137.26807,133.11768,127.99072,132.9956,142.57812,124.20654,136.23047
141.29639,133.78906,125.183105,106.87256,134.33838,135.19287,126.34277,131.10352,114.56299,119.140625,116.21094,108.39844,113.28125,122.802734,111.450195,116.69922,116.51611,114.31885,100.03662,123.35205,142.82227,128.84521,132.08008,139.46533,115.356445,106.50635,105.895996,116.82129,133.48389,132.32422,138.12256,108.39844,126.40381,125.91553,130.18799,115.66162,131.28662,133.23975,118.774414,107.1167,132.32422,111.083984,110.71777,118.46924,123.9624,126.34277,118.34717,130.00488,126.953125,121.82617,120.788574,156.37207,128.41797,141.35742,135.00977,121.82617,118.59131,87.1582,124.572754,129.57764,145.69092,126.64795,114.9292,118.10303,138.85498,125.36621,118.4082,110.53467,112.12158,121.76514,122.37549,142.21191,137.69531,125.97656,118.95752,116.08887,133.23975,134.21631,116.57715,120.05615
156.61621,144.89746,129.88281,110.5957,108.76465,109.069824,126.586914,144.22607,137.20703,115.112305,126.28174,123.47412,113.40332,125.91553,112.6709,131.53076,129.63867,114.13574,125.061035,132.26318,138.30566,127.44141,143.0664,116.94336,109.680176,116.33301,117.614746,125.61035,107.60498,135.98633,103.515625,109.375,99.79248,106.32324,132.8125,130.67627,117.79785,111.38916,111.38916,112.79297,123.168945,98.38867,134.70459,112.60986,96.31348,119.018555,106.50635,135.98633,130.92041,121.94824,126.89209,123.65723,127.44141,109.680176,118.896484,132.9956,114.9292,126.0376,115.9668,123.47412,139.95361,127.319336,124.75586,98.38867,131.34766,129.15039,119.93408,108.64258,135.9253,118.83545,127.68555,130.18799,134.70459,111.6333,133.78906,129.5166,110.29053,145.01953,120.72754,133.72803
147.88818,129.21143,141.6626,101.257324,122.49756,131.46973,134.0332,112.24365,113.708496,117.91992,118.65234,108.27637,135.80322,104.30908,122.802734,129.45557,131.40869,113.95264,104.73633,100.64697,121.45996,131.16455,136.84082,141.54053,109.74121,105.773926,128.17383,131.46973,137.69531,113.15918,117.30957,121.88721,120.05615,130.00488,135.55908,134.46045,133.91113,143.0664,127.92969,115.41748,133.60596,116.51611,127.86865,108.21533,114.990234,111.38916,123.71826,120.60547,133.60596,135.74219,124.32861,125.12207,126.64795,114.50195,109.92432,125.61035,126.0376,122.00928,138.12256,137.146,131.40869,103.02734,99.487305,131.10352,127.2583,138.48877,129.5166,137.81738,128.41797,118.65234,138.67188,137.146,111.38916,123.168945,129.6997,129.94385,120.60547,116.57715,148.07129,127.01416
134.33838,126.586914,113.64746,106.20117,123.90137,114.80713,116.33301,133.78906,110.65674,126.34277,115.478516,125.67139,141.54053,110.29053,144.16504,119.75098,119.99512,126.46484,139.52637,146.30127,131.10352,137.20703,136.65771,132.20215,121.09375,133.36182,131.22559,127.74658,107.60498,105.773926,109.49707,115.78369,104.98047,140.56396,108.39844,127.56348,124.08447,109.436035,106.01807,110.22949,127.44141,133.30078,136.35254,102.41699,116.63818,110.47363,123.413086,128.54004,126.77002,115.53955,104.8584,113.342285,112.91504,119.018555,115.600586,119.018555,118.896484,102.72217,105.041504,121.33789,128.54004,135.19287,137.20703,128.60107,105.10254,116.27197,143.24951,116.51611,121.276855,110.22949,98.93799,119.81201,125.24414,134.27734,129.21143,130.79834,128.1128,125.54932,130.67627,126.953125
132.08008,101.31836,124.45068,119.81201,131.22559,110.961914,126.586914,137.81738,112.73193,111.572266,111.6333,137.26807,123.35205,119.506836,108.39844,114.868164,130.67627,126.953125,108.70361,120.84961,135.9253,104.12598,116.69922,124.63379,127.56348,103.45459,123.59619,129.6997,125.85449,123.59619,125.73242,119.4458,110.65674,106.75049,114.68506,124.938965,131.46973,119.32373,115.90576,110.10742,112.976074,135.62012,117.1875,143.9209,123.35205,135.49805,127.38037,129.5166,95.27588,108.76465,110.961914,145.26367,119.68994,137.57324,101.745605,132.50732,135.80322,115.356445,109.92432,93.87207,116.08887,117.98096,120.17822,122.49756,123.413086,138.5498,128.479,108.58154,132.87354,125.61035,125.427246,132.69043,133.54492,117.126465,122.55859,112.06055,127.68555,123.47412,130.92041,125.183105
152.9541,124.694824,126.89209,133.8501,130.7373,107.543945,128.90625,135.98633,113.03711,102.17285,116.21094,111.694336,112.54883,111.572266,123.65723,127.01416,146.24023,115.29541,96.37451,98.51074,116.51611,134.58252,121.76514,129.39453,117.248535,131.28662,122.924805,136.41357,148.01025,134.33838,122.37549,140.93018,112.24365,130.24902,105.285645,128.23486,129.88281,130.3711,116.82129,145.01953,120.666504,141.90674,106.01807,138.12256,117.30957,138.61084,110.53467,144.89746,101.379395,106.26221,104.18701,131.46973,118.46924,128.05176,132.6294,98.81592,117.614746,109.49707,119.506836,100.03662,102.6001,119.140625,145.3247,113.220215,123.7793,115.29541,96.069336,133.48389,110.10742,143.00537,107.23877,139.89258,116.69922,100.15869,126.953125,116.82129,98.20557,133.97217,133.97217,137.87842
161.92627,117.126465,132.87354,136.35254,127.50244,102.96631,119.20166,109.313965,117.67578,115.41748,105.895996,122.55859,130.61523,144.89746,112.6709,113.098145,99.3042,121.45996,132.50732,125.61035,132.44629,106.75049,101.01318,109.86328,128.66211,92.65137,136.23047,123.9624,97.717285,104.00391,104.73633,143.7378,123.35205,118.896484,125.67139,119.62891,115.600586,124.816895,139.70947,128.23486,136.47461,118.53027,96.55762,119.140625,121.58203,133.30078,119.07959,97.473145,133.17871,143.9209,138.67188,126.77002,109.313965,121.032715,112.42676,120.05615,115.72266,124.75586,119.384766,115.84473,123.35205,123.291016,109.069824,106.93359,111.450195,134.8877,131.65283,127.44141,120.666504,116.02783,109.375,98.99902,121.58203,132.87354,130.85938,114.62402,115.66162,119.93408,131.28662,137.87842
138.48877,116.57715,121.09375,137.81738,105.407715,123.291016,124.38965,106.68945,108.3374,138.73291,136.90186,129.63867,120.54443,107.421875,115.66162,137.3291,136.65771,134.21631,122.07031,108.82568,136.84082,119.75098,127.80762,127.74658,125.061035,136.53564,120.23926,135.9253,135.68115,97.0459,136.71875,146.85059,132.50732,134.27734,114.68506,108.39844,107.23877,106.44531,125.24414,103.515625,119.018555,101.01318,135.49805,113.52539,134.15527,134.64355,147.33887,122.19238,110.16846,117.004395,109.436035,107.177734,106.68945,123.65723,133.54492,126.34277,121.7041,130.31006,136.41357,131.5918,119.20166,137.87842,110.16846,143.55469,147.70508,108.70361,113.098145,130.12695,132.6294,129.6997,135.43701,119.20166,117.30957,122.61963,132.69043,122.802734,122.37549,106.26221,119.87305,129.63867
140.68604,111.99951,126.40381,126.77002,132.93457,134.46045,135.86426,136.04736,128.479,145.20264,137.146,121.154785,100.89111,132.56836,137.57324,140.93018,137.81738,115.112305,107.299805,131.53076,110.77881,131.95801,120.84961,117.1875,126.40381,130.31006,123.10791,129.08936,133.72803,140.07568,134.64355,124.75586,131.04248,114.44092,113.52539,114.56299,125.12207,130.3711,113.64746,112.79297,133.17871,111.02295,131.7749,129.88281,119.140625,128.84521,128.41797,129.3335,139.34326,119.4458,135.49805,112.18262,120.30029,109.61914,128.66211,115.29541,119.93408,135.62012,128.66211,139.83154,138.73291,101.92871,140.38086,137.02393,126.708984,128.23486,128.60107,120.54443,138.30566,110.04639,130.61523,130.3711,117.004395,100.5249,137.93945,139.83154,131.65283,144.9585,137.57324,138.91602
155.09033,136.65771,111.75537,111.14502,104.49219,108.45947,128.23486,120.36133,115.84473,131.46973,121.398926,135.98633,103.759766,109.61914,136.1084,113.95264,144.59229,113.464355,138.5498,113.342285,109.92432,106.01807,120.666504,116.21094,130.31006,109.98535,121.520996,129.88281,133.72803,107.1167,127.68555,132.38525,131.95801,127.197266,137.26807,110.04639,123.046875,134.0332,141.35742,118.95752,131.28662,107.23877,115.478516,117.55371,124.02344,115.84473,143.31055,135.68115,101.501465,111.206055,127.74658,137.26807,127.197266,122.98584,124.87793,139.83154,122.19238,126.953125,143.61572,127.319336,107.177734,98.87695,140.99121,138.30566,127.99072,126.15967,119.32373,139.09912,109.436035,131.40869,121.032715,127.38037,108.88672,114.25781,115.05127,125.48828,122.13135,117.492676,128.41797,129.27246
152.64893,135.68115,115.84473,105.46875,131.46973,140.19775,118.28613,128.78418,130.43213,129.88281,124.38965,139.77051,116.27197,136.35254,112.60986,105.71289,104.98047,107.60498,101.01318,107.36084,126.77002,126.09863,125.24414,138.73291,128.35693,119.32373,94.66553,101.989746,119.20166,140.31982,107.666016,129.88281,133.60596,127.13623,106.75049,141.72363,122.13135,115.05127,129.63867,117.126465,117.55371,133.54492,105.83496,104.73633,105.651855,136.23047,107.788086,103.21045,123.59619,116.69922,111.328125,130.24902,125.12207,119.018555,121.33789,125.061035,121.64307,129.15039,104.12598,119.384766,109.86328,130.18799,118.34717,106.0791,121.33789,112.48779,104.49219,97.0459,126.15967,119.140625,113.83057,116.45508,110.77881,113.76953,114.44092,106.32324,111.93848,120.17822,128.17383,136.65771
147.64404,111.75537,124.32861,140.19775,120.30029,133.48389,122.680664,111.572266,121.21582,125.48828,124.63379,139.95361,116.33301,136.77979,133.8501,141.47949,110.04639,130.18799,115.234375,120.30029,133.05664,107.177734,121.032715,136.59668,136.90186,114.868164,116.82129,123.22998,127.99072,123.7793,139.03809,133.36182,122.37549,126.586914,126.09863,116.94336,124.87793,136.04736,125.183105,124.38965,120.05615,125.67139,129.57764,131.89697,128.84521,99.54834,120.910645,127.92969,120.910645,148.01025,128.35693,125.183105,136.41357,134.09424,107.788086,107.543945,119.4458,103.8208,139.64844,140.07568,110.83984,133.54492,112.54883,105.10254,123.291016,140.31982,129.3335,137.146,146.85059,133.17871,137.45117,120.05615,107.91016,117.79785,111.328125,123.35205,111.87744,123.65723,117.85889,131.5918
125.54932,111.02295,124.26758,107.23877,113.8916,124.38965,126.52588,138.3667,107.543945,124.26758,115.478516,121.82617,126.15967,116.45508,131.53076,133.91113,128.1128,121.7041,119.4458,98.75488,99.975586,108.09326,128.90625,133.91113,119.384766,125.73242,115.53955,101.01318,107.72705,105.22461,107.299805,108.09326,113.464355,131.71387,132.38525,128.35693,104.18701,124.938965,120.30029,113.95264,108.52051,134.76562,132.56836,134.94873,133.48389,103.515625,134.27734,137.20703,124.32861,140.19775,121.58203,114.868164,126.34277,123.47412,123.47412,135.9253,120.4834,124.14551,134.76562,132.20215,110.35156,132.38525,105.34668,118.65234,110.29053,111.38916,144.89746,132.56836,121.21582,110.77881,127.99072,127.44141,142.15088,132.44629,135.31494,132.6294,111.083984,138.3667,121.7041,134.09424
115.478516,134.15527,125.54932,124.51172,130.61523,122.43652,108.82568,112.976074,116.63818,138.73291,106.87256,118.10303,121.7041,104.00391,146.1792,126.09863,106.32324,119.506836,116.08887,106.68945,110.10742,105.407715,109.436035,108.39844,104.30908,112.12158,141.05225,113.76953,124.02344,134.46045,126.2207,122.86377,100.70801,143.7378,130.43213,139.46533,129.21143,128.41797,127.197266,144.77539,131.65283,121.82617,121.520996,117.85889,127.86865,117.492676,130.49316,134.39941,135.19287,131.40869,106.0791,129.82178,115.356445,126.09863,129.94385,116.33301,118.46924,114.13574,102.72217,105.773926,116.39404,124.572754,130.43213,126.52588,127.74658,121.88721,122.7417,117.004395,112.854004,106.68945,109.61914,109.74121,126.831055,128.66211,102.90527,136.84082,142.82227,132.38525,129.57764,116.02783
130.67627,136.90186,131.34766,119.018555,138.30566,130.92041,133.36182,116.02783,118.2251,127.56348,120.23926,118.59131,125.54932,102.29492,132.44629,107.788086,110.961914,113.40332,110.5957,117.492676,127.80762,126.586914,133.78906,128.2959,127.38037,124.87793,110.71777,96.61865,138.1836,114.50195,135.9253,128.05176,139.70947,110.47363,120.97168,122.37549,134.64355,134.21631,113.8916,121.398926,115.72266,118.95752,142.39502,108.09326,114.19678,130.06592,134.76562,114.868164,117.67578,112.54883,107.36084,105.71289,113.464355,130.7373,117.85889,137.3291,132.32422,133.54492,121.398926,109.13086,142.94434,110.53467,106.56738,117.614746,125.0,126.34277,128.35693,132.20215,108.09326,131.46973,137.45117,135.19287,136.71875,129.27246,138.67188,131.53076,108.76465,117.248535,121.276855,128.05176
132.44629,134.70459,121.09375,123.168945,127.50244,133.60596,135.86426,107.666016,130.06592,130.98145,113.464355,134.21631,114.50195,107.60498,112.54883,134.8877,108.1543,119.4458,129.21143,118.59131,133.05664,112.976074,143.79883,124.45068,97.16797,118.10303,133.48389,127.68555,120.4834,129.5166,135.43701,117.614746,123.7793,135.19287,117.55371,108.45947,119.32373,114.74609,106.99463,128.17383,135.0708,130.12695,109.49707,119.68994,105.59082,103.21045,116.21094,138.42773,137.3291,137.26807,131.65283,129.15039,125.67139,110.77881,125.73242,104.43115,102.72217,108.1543,103.94287,123.65723,115.84473,123.47412,120.05615,125.79346,132.93457,134.15527,135.0708,116.08887,106.68945,107.48291,131.5918,116.63818,119.262695,133.91113,124.45068,113.64746,99.3042,127.50244,136.96289,119.93408
143.31055,138.97705,135.0708,123.9624,97.53418,112.12158,129.3335,139.34326,110.47363,99.365234,111.14502,121.398926,138.61084,108.58154,133.11768,134.27734,125.36621,127.319336,113.342285,126.831055,107.23877,119.68994,114.74609,131.46973,123.9624,129.15039,127.80762,119.07959,124.38965,122.00928,127.74658,124.63379,112.12158,132.8125,142.45605,124.26758,108.947754,117.1875,113.464355,110.22949,96.43555,110.16846,111.083984,117.91992,138.3667,112.24365,109.49707,124.63379,111.328125,125.54932,136.16943,121.276855,120.4834,115.17334,112.06055,129.6997,103.515625,139.83154,111.206055,127.075195,110.35156,142.08984,142.27295,109.74121,120.54443,134.8877,111.87744,142.45605,109.191895,114.25781,111.51123,121.88721,135.49805,130.00488,124.45068,106.87256,133.17871,136.23047,126.28174,116.08887
148.13232,115.17334,109.92432,132.75146,126.0376,121.76514,118.04199,99.975586,126.708984,129.39453,140.38086,137.39014,120.84961,107.421875,108.1543,130.24902,116.82129,116.94336,104.61426,132.75146,106.87256,118.2251,138.67188,126.2207,128.479,130.92041,120.910645,124.38965,126.46484,140.74707,119.20166,102.7832,112.48779,114.68506,119.68994,124.26758,118.16406,116.27197,129.76074,118.28613,135.74219,126.89209,107.48291,120.788574,131.04248,109.13086,127.92969,126.46484,128.90625,136.90186,146.1792,109.61914,108.09326,124.694824,123.22998,124.38965,136.53564,113.64746,143.37158,120.54443,123.046875,135.62012,131.5918,129.82178,106.44531,122.13135,108.58154,132.87354,138.85498,130.61523,114.56299,122.802734,124.20654,130.92041,117.1875,132.8125,123.47412,126.89209,138.24463,109.98535
145.56885,143.98193,134.39941,117.73682,133.05664,112.854004,139.95361,117.43164,102.90527,120.4834,120.36133,141.47949,116.760254,98.44971,114.07471,108.39844,133.36182,134.09424,121.032715,135.98633,141.35742,138.1836,106.93359,116.51611,120.05615,136.1084,127.86865,139.16016,119.018555,111.206055,109.25293,136.84082,104.8584,142.76123,126.586914,109.86328,109.069824,137.63428,125.73242,112.24365,114.80713,110.77881,128.35693,123.84033,131.10352,134.09424,105.22461,133.48389,122.98584,124.20654,115.78369,110.35156,93.322754,122.680664,129.6997,115.356445,110.29053,125.183105,117.98096,133.91113,108.27637,98.81592,112.54883,124.14551,116.82129,114.74609,114.68506,128.35693,122.61963,122.802734,139.34326,101.01318,111.99951,133.42285,120.36133,111.02295,114.01367,116.08887,108.82568,107.177734
136.96289,131.5918,130.79834,96.49658,119.87305,136.23047,133.72803,131.04248,111.87744,146.3623,126.708984,109.069824,133.48389,115.17334,135.31494,147.52197,121.398926,100.58594,140.25879,132.20215,121.032715,142.33398,129.45557,119.93408,117.1875,129.15039,123.35205,123.84033,123.7793,113.03711,123.59619,124.75586,131.53076,115.41748,110.90088,118.16406,100.58594,133.91113,137.146,122.31445,141.47949,115.66162,92.77344,125.48828,118.83545,130.5542,129.88281,119.07959,124.02344,122.07031,132.6294,118.65234,134.82666,129.27246,95.947266,145.20264,125.91553,133.48389,117.85889,123.168945,118.10303,132.50732,115.66162,105.95703,129.82178,121.94824,124.38965,98.02246,126.831055,124.75586,103.393555,108.1543,116.57715,127.197266,135.80322,137.63428,113.03711,107.788086,125.36621,99.487305
145.38574,109.61914,137.39014,117.91992,126.34277,133.8501,142.51709,111.75537,110.29053,111.81641,113.76953,134.64355,126.15967,103.8208,89.782715,115.600586,131.71387,124.87793,129.3335,106.87256,122.19238,113.52539,125.91553,137.5122,128.35693,124.51172,127.50244,126.77002,127.38037,126.77002,125.061035,118.774414,129.88281,121.58203,116.45508,115.234375,130.06592,126.09863,115.17334,101.623535,98.02246,127.56348,99.12109,115.356445,115.72266,123.7793,131.16455,127.38037,115.66162,127.62451,120.97168,132.6294,103.33252,139.64844,116.760254,108.09326,130.31006,115.356445,121.520996,130.18799,114.01367,129.63867,128.78418,110.65674,133.54492,129.08936,111.81641,131.46973,133.36182,100.89111,126.09863,115.9668,104.24805,128.35693,125.97656,114.37988,134.33838,125.0,139.28223,130.18799
132.26318,134.46045,120.54443,101.745605,124.14551,119.99512,137.81738,115.9668,135.37598,124.38965,103.08838,107.666016,105.041504,115.84473,130.24902,136.71875,112.06055,135.2539,133.54492,104.91943,105.529785,118.59131,112.18262,128.35693,136.1084,112.60986,118.10303,125.79346,108.82568,108.09326,148.31543,99.365234,126.831055,113.95264,141.05225,137.63428,127.74658,116.45508,123.84033,109.74121,109.61914,128.54004,117.79785,115.41748,115.112305,122.98584,109.13086,129.57764,126.52588,109.92432,118.53027,106.20117,119.32373,129.08936,135.80322,119.81201,115.29541,128.35693,129.63867,114.37988,102.11182,116.63818,109.92432,116.51611,105.83496,104.73633,100.5249,100.21973,129.88281,125.36621,126.77002,112.12158,112.42676,111.38916,130.12695,131.89697,133.48389,135.2539,135.13184,114.868164
133.78906,130.61523,117.004395,108.03223,111.75537,126.64795,126.34277,142.45605,139.34326,126.40381,116.760254,135.86426,120.42236,104.37012,104.8584,111.694336,104.61426,104.12598,123.53516,136.90186,148.07129,114.50195,111.93848,103.08838,122.55859,130.31006,128.17383,132.14111,114.19678,115.72266,131.53076,120.72754,103.8208,121.76514,115.78369,113.03711,123.291016,140.56396,128.2959,128.84521,133.97217,132.75146,96.92383,116.1499,120.4834,112.79297,119.506836,130.98145,130.00488,120.11719,146.1792,121.276855,124.75586,121.154785,132.75146,137.26807,130.85938,119.87305,99.12109,126.09863,141.47949,120.17822,117.55371,135.00977,111.38916,107.299805,110.29053,133.97217,111.694336,118.65234,120.23926,134.52148,124.14551,120.23926,117.492676,114.62402,131.28662,138.91602,136.77979,114.9292
140.625,124.14551,138.79395,108.76465,125.24414,143.85986,107.666016,127.80762,129.39453,119.262695,128.05176,111.93848,134.15527,127.197266,103.637695,106.75049,115.90576,122.55859,123.53516,119.99512,125.79346,141.6626,108.45947,110.53467,123.47412,108.39844,141.17432,114.50195,114.68506,117.98096,126.52588,137.69531,103.881836,133.42285,135.80322,123.291016,123.53516,126.708984,134.8877,132.38525,136.59668,131.89697,127.68555,139.09912,111.206055,122.31445,136.2915,142.51709,133.48389,137.63428,136.84082,120.17822,126.46484,137.146,130.24902,137.5122,131.34766,142.51709,126.34277,135.19287,128.479,128.66211,120.4834,124.32861,105.71289,124.02344,122.55859,117.126465,123.168945,108.70361,128.17383,123.84033,129.27246,132.6294,142.21191,105.285645,130.00488,118.28613,129.08936,120.36133
156.73828,117.004395,139.03809,119.99512,120.17822,109.558105,134.27734,111.02295,123.53516,113.8916,140.625,108.76465,155.70068,134.58252,117.614746,133.66699,133.54492,111.99951,109.191895,124.75586,105.041504,111.87744,143.61572,137.63428,117.126465,132.08008,134.0332,115.05127,146.66748,107.055664,122.25342,118.774414,139.46533,135.00977,124.75586,133.23975,119.62891,108.39844,130.79834,122.49756,118.46924,128.78418,137.02393,115.356445,123.168945,121.032715,124.20654,139.22119,128.05176,104.24805,113.15918,135.43701,106.62842,122.802734,132.56836,123.291016,102.17285,106.56738,135.37598,141.78467,111.14502,134.15527,115.66162,126.34277,127.197266,115.478516,115.53955,149.04785,112.36572,149.78027,128.66211,151.24512,120.17822,124.20654,113.28125,111.6333,108.52051,136.1084,135.68115,139.4043
159.30176,132.9956,122.98584,136.59668,127.075195,104.91943,120.17822,143.98193,130.92041,132.44629,114.9292,116.45508,117.30957,126.52588,113.83057,106.44531,134.82666,134.58252,111.02295,118.04199,100.70801,135.9253,132.8125,107.72705,124.26758,135.0708,93.811035,113.52539,119.93408,131.04248,137.20703,116.45508,113.03711,143.49365,114.56299,105.285645,137.57324,112.854004,113.464355,111.99951,127.92969,144.71436,142.02881,130.85938,111.694336,108.09326,105.71289,137.69531,110.4126,128.05176,119.87305,132.56836,116.27197,143.24951,128.54004,135.74219,129.6997,144.59229,130.3711,103.8208,132.69043,135.19287,105.83496,117.43164,106.01807,123.168945,135.62012,115.53955,115.478516,103.149414,134.70459,138.24463,119.93408,118.53027,119.81201,126.586914,125.67139,123.291016,108.27637,117.370605
157.83691,127.44141,117.614746,136.90186,107.299805,112.54883,131.7749,149.4751,147.09473,124.32861,108.45947,98.02246,107.421875,114.44092,108.1543,94.177246,140.8081,129.88281,105.95703,104.61426,132.8125,123.47412,124.694824,136.04736,124.20654,117.79785,108.1543,100.46387,140.19775,140.38086,129.63867,141.29639,113.03711,130.49316,121.33789,144.34814,132.38525,124.694824,147.76611,142.45605,112.36572,126.77002,113.52539,106.38428,87.95166,120.30029,103.57666,128.72314,139.03809,118.34717,133.91113,133.23975,103.149414,131.95801,133.42285,105.71289,112.73193,142.63916,122.07031,128.96729,148.80371,107.788086,125.0,140.68604,133.54492,126.89209,103.45459,125.97656,114.01367,131.10352,139.28223,111.87744,123.9624,118.774414,140.07568,148.2544,105.46875,123.90137,154.72412,140.93018
146.97266,131.22559,130.31006,137.75635,131.53076,126.34277,119.56787,118.53027,117.73682,128.05176,111.51123,123.47412,110.71777,98.51074,109.74121,128.90625,131.46973,130.7373,132.14111,112.854004,112.30469,109.61914,127.50244,132.38525,134.39941,138.85498,134.15527,127.50244,133.23975,126.09863,111.328125,122.802734,110.16846,131.53076,141.6626,120.910645,125.183105,105.71289,107.666016,109.00879,138.3667,120.72754,126.09863,144.53125,142.94434,136.23047,126.2207,137.87842,126.52588,146.24023,125.305176,134.64355,142.33398,127.80762,112.12158,137.146,130.06592,115.84473,122.802734,131.10352,130.85938,101.80664,117.55371,144.47021,109.313965,130.85938,145.81299,117.370605,137.81738,116.69922,139.95361,125.061035,133.30078,119.07959,125.73242,132.8125,109.00879,108.39844,129.27246,125.183105
152.16064,114.62402,103.393555,119.93408,111.6333,128.41797,101.501465,132.44629,141.60156,117.55371,100.03662,127.13623,122.19238,127.197266,127.80762,103.149414,94.36035,114.44092,123.9624,131.5918,133.30078,138.3667,130.06592,141.47949,122.49756,120.05615,140.93018,131.95801,122.61963,132.08008,130.3711,112.42676,117.004395,122.86377,114.68506,121.520996,133.60596,123.84033,113.76953,112.60986,123.413086,127.197266,138.3667,115.600586,115.78369,125.061035,138.30566,105.71289,93.62793,115.90576,124.572754,136.41357,107.421875,130.61523,126.831055,109.558105,105.71289,108.3374,127.197266,127.62451,116.69922,116.69922,112.6709,107.1167,127.44141,132.14111,109.86328,124.38965,136.16943,103.45459,100.5249,97.351074,94.36035,103.881836,122.7417,118.34717,131.10352,132.87354,117.91992,130.5542
155.88379,108.947754,132.8125,110.10742,115.9668,135.74219,130.12695,136.2915,127.50244,117.85889,95.458984,145.56885,147.76611,123.7793,140.07568,141.35742,132.9956,124.14551,115.05127,128.1128,133.97217,112.36572,152.09961,114.13574,146.1792,125.12207,108.09326,109.436035,114.9292,129.6997,98.083496,118.28613,98.20557,113.03711,113.8916,127.01416,134.39941,136.77979,114.25781,133.36182,143.37158,142.15088,121.21582,131.89697,127.68555,116.82129,133.42285,117.492676,128.17383,112.12158,126.953125,138.30566,108.82568,117.30957,131.10352,130.61523,134.27734,133.17871,129.45557,120.42236,122.55859,127.56348,120.72754,110.77881,139.64844,110.35156,138.24463,128.96729,141.54053,106.14014,117.004395,143.49365,134.33838,136.71875,120.11719,112.48779,120.17822,123.9624,132.26318,122.924805
126.34277,118.46924,119.62891,125.427246,140.19775,123.10791,113.28125,143.0664,122.55859,117.06543,139.83154,126.34277,126.89209,130.31006,103.759766,124.75586,106.44531,102.53906,119.140625,131.46973,120.666504,140.07568,112.18262,110.90088,127.075195,130.12695,108.09326,121.94824,123.9624,124.45068,144.28711,129.5166,135.43701,128.72314,97.53418,110.77881,122.680664,112.73193,135.80322,129.94385,124.14551,108.45947,121.398926,112.854004,114.68506,111.450195,131.95801,128.17383,132.93457,133.23975,144.104,111.206055,103.8208,101.989746,131.65283,108.88672,135.9253,112.73193,130.12695,139.09912,114.07471,120.36133,136.04736,123.84033,104.67529,106.93359,116.02783,123.22998,113.52539,126.34277,127.2583,104.37012,109.49707,109.92432,111.26709,124.938965,113.708496,139.16016,136.53564,122.19238
162.04834,130.79834,119.018555,128.05176,103.33252,121.520996,114.990234,123.7793,132.20215,117.55371,113.342285,121.88721,132.87354,134.76562,126.953125,138.00049,115.112305,146.42334,112.73193,127.13623,145.3247,133.36182,118.2251,118.774414,121.276855,107.23877,100.03662,124.14551,117.85889,131.71387,104.67529,116.82129,116.39404,105.529785,132.14111,115.41748,129.5166,115.72266,138.79395,136.47461,128.17383,132.9956,124.32861,138.5498,137.63428,109.98535,108.76465,129.3335,124.20654,112.48779,116.1499,131.89697,133.17871,127.38037,136.71875,131.65283,129.82178,121.82617,108.21533,119.506836,115.78369,132.01904,149.84131,125.36621,110.65674,107.23877,106.50635,117.1875,113.15918,133.8501,136.35254,141.8457,123.9624,133.91113,111.81641,111.083984,129.3335,121.032715,94.23828,129.08936
143.43262,136.96289,121.33789,132.87354,132.75146,119.262695,117.79785,101.135254,142.15088,111.694336,131.22559,121.64307,132.50732,131.22559,102.53906,122.19238,116.69922,125.0,124.14551,132.69043,108.09326,99.609375,104.55322,112.54883,115.90576,108.947754,107.60498,107.788086,121.276855,106.81152,131.53076,130.24902,124.45068,107.60498,112.6709,127.56348,124.938965,111.26709,102.53906,113.76953,115.29541,133.66699,137.45117,113.708496,122.43652,120.72754,105.041504,116.57715,138.79395,114.01367,123.71826,136.1084,133.23975,126.953125,129.08936,131.22559,130.85938,138.67188,125.73242,134.70459,119.93408,125.061035,127.50244,116.69922,108.39844,131.22559,112.18262,123.7793,129.08936,125.24414,128.66211,126.09863,132.87354,119.68994,123.84033,120.910645,119.07959,121.88721,126.77002,122.802734
156.00586,129.5166,105.895996,133.42285,125.36621,115.05127,123.291016,119.4458,130.49316,127.075195,141.78467,133.66699,107.23877,103.393555,106.56738,114.01367,96.31348,131.16455,130.18799,132.8125,133.60596,131.7749,126.2207,111.450195,135.00977,111.694336,115.29541,116.21094,99.365234,126.586914,133.60596,102.05078,131.95801,112.79297,137.39014,134.70459,119.4458,135.31494,116.57715,116.82129,116.45508,130.7373,122.802734,130.31006,136.65771,119.62891,132.32422,104.98047,109.25293,126.89209,124.572754,103.57666,93.50586,141.8457,114.80713,133.17871,127.01416,126.46484,125.12207,127.92969,132.44629,120.97168,103.515625,125.24414,135.13184,125.61035,108.52051,127.62451,138.67188,129.6997,125.54932,123.168945,117.91992,110.35156,111.75537,108.64258,108.45947,128.54004,118.4082,127.74658
132.87354,135.68115,123.35205,127.99072,130.92041,91.00342,108.3374,91.85791,112.12158,124.08447,114.01367,105.895996,134.64355,140.625,129.88281,106.56738,123.046875,113.40332,104.24805,125.85449,128.54004,135.55908,127.2583,111.75537,105.34668,106.75049,94.23828,111.26709,115.17334,91.36963,132.69043,110.83984,125.36621,112.6709,132.01904,137.26807,128.2959,147.33887,114.9292,114.868164,109.558105,129.08936,106.75049,109.92432,109.680176,97.10693,112.24365,133.8501,124.572754,109.191895,111.87744,117.98096,148.4375,112.36572,127.44141,134.33838,103.08838,102.23389,136.90186,127.075195,134.09424,129.02832,109.98535,129.63867,125.0,144.77539,122.43652,104.43115,118.95752,119.32373,118.71338,118.2251,142.08984,131.16455,113.708496,112.976074,120.30029,123.291016,119.99512,122.43652
152.70996,135.37598,129.39453,117.79785,138.06152,111.81641,101.623535,100.76904,130.92041,132.08008,121.76514,100.03662,107.84912,127.44141,115.78369,131.46973,109.802246,129.94385,133.91113,116.94336,116.94336,133.54492,109.98535,123.71826,129.02832,119.506836,101.135254,104.91943,112.976074,121.33789,118.04199,130.61523,111.93848,109.680176,115.90576,126.89209,122.13135,112.18262,119.87305,129.27246,119.140625,128.35693,132.08008,121.64307,104.12598,95.703125,104.91943,118.83545,117.67578,115.600586,140.31982,115.29541,114.990234,132.8125,130.85938,141.47949,143.18848,142.82227,111.26709,102.11182,104.98047,124.14551,132.32422,122.802734,95.458984,130.7373,112.06055,132.8125,127.68555,106.99463,110.29053,120.4834,126.52588,131.34766,132.6294,124.87793,112.91504,104.8584,103.94287,133.66699
143.12744,120.72754,107.543945,98.81592,106.56738,143.43262,105.773926,115.90576,106.56738,129.3335,117.43164,117.30957,125.427246,113.76953,134.33838,129.21143,129.94385,127.86865,113.52539,129.02832,106.81152,127.44141,120.42236,130.67627,135.80322,111.14502,118.2251,138.85498,128.1128,98.57178,139.09912,107.23877,103.637695,119.93408,117.1875,114.44092,128.05176,120.72754,107.91016,109.25293,100.89111,113.83057,113.8916,145.26367,121.21582,121.276855,124.38965,120.4834,110.35156,100.76904,104.8584,133.66699,124.45068,130.3711,105.46875,130.92041,128.23486,108.88672,136.47461,106.56738,143.49365,145.38574,133.8501,130.98145,150.8789,121.45996,122.924805,129.02832,103.515625,111.694336,124.816895,138.73291,137.08496,131.5918,123.59619,119.68994,120.4834,113.708496,108.58154,114.07471
145.9961,136.59668,126.77002,118.53027,103.69873,143.49365,133.36182,118.04199,110.35156,121.58203,131.65283,123.65723,126.89209,122.13135,106.75049,105.95703,119.018555,124.38965,102.96631,125.24414,134.0332,127.44141,107.177734,123.9624,109.558105,105.895996,106.56738,116.21094,138.24463,110.5957,130.49316,140.625,137.81738,121.154785,109.375,105.10254,136.65771,106.50635,105.34668,113.220215,118.65234,111.694336,111.93848,141.90674,133.42285,109.74121,100.89111,108.39844,118.59131,133.66699,143.0664,136.59668,115.356445,107.055664,116.27197,108.70361,114.07471,119.99512,132.38525,112.06055,106.87256,117.614746,121.398926,103.515625,106.99463,124.38965,111.81641,128.96729,137.20703,130.79834,117.43164,108.39844,111.81641,100.76904,136.53564,128.72314,121.520996,144.47021,139.52637,138.00049
156.25,116.45508,103.393555,127.74658,131.89697,140.56396,103.8208,114.31885,124.26758,115.78369,130.5542,110.35156,106.38428,126.0376,117.43164,127.74658,107.299805,111.75537,116.1499,115.234375,116.33301,120.23926,130.49316,135.2539,135.55908,106.20117,124.32861,108.39844,99.975586,104.49219,116.94336,141.11328,128.1128,118.16406,127.13623,135.31494,116.1499,112.48779,139.22119,110.35156,103.33252,110.71777,104.79736,102.7832,129.6997,122.98584,135.9253,135.19287,124.694824,142.8833,122.802734,114.50195,117.67578,130.24902,118.896484,112.73193,110.83984,102.29492,132.6294,120.05615,142.63916,132.69043,138.5498,115.356445,117.55371,122.61963,131.22559,118.95752,112.854004,130.43213,129.5166,116.45508,105.651855,104.67529,108.21533,126.89209,129.94385,115.72266,143.79883,132.01904
143.79883,138.12256,121.520996,133.60596,121.398926,117.79785,117.98096,110.22949,102.7832,100.3418,118.4082,130.24902,104.73633,119.56787,106.87256,103.637695,95.39795,130.92041,128.78418,130.79834,148.98682,128.78418,103.759766,138.06152,131.04248,118.83545,137.26807,134.52148,109.49707,101.68457,110.29053,110.961914,123.046875,144.104,114.9292,104.98047,113.83057,107.1167,120.4834,123.35205,132.14111,110.04639,119.81201,122.25342,122.55859,133.60596,123.22998,97.90039,106.68945,131.04248,119.56787,107.543945,95.703125,121.276855,129.02832,119.07959,122.924805,121.82617,127.01416,131.10352,119.07959,117.1875,133.66699,125.427246,134.09424,112.54883,122.802734,109.558105,120.11719,131.16455,122.43652,115.90576,134.46045,108.52051,111.93848,113.220215,115.41748,111.206055,118.4082,117.614746
156.49414,121.7041,113.03711,118.65234,115.05127,109.313965,99.975586,117.91992,107.84912,124.75586,119.018555,120.05615,106.87256,133.66699,116.02783,109.13086,118.774414,105.651855,120.72754,106.26221,125.305176,138.61084,102.84424,116.39404,136.96289,115.53955,133.66699,111.6333,126.34277,113.28125,116.94336,124.75586,98.32764,127.92969,118.71338,138.42773,119.87305,121.154785,133.30078,110.65674,116.08887,134.21631,141.47949,134.70459,107.48291,133.23975,143.18848,138.12256,148.31543,135.2539,131.7749,137.93945,139.95361,116.08887,130.18799,114.19678,116.21094,143.00537,100.28076,118.2251,142.82227,112.79297,120.42236,126.15967,127.86865,130.3711,131.46973,132.32422,116.63818,103.57666,123.046875,126.89209,100.15869,94.54346,127.38037,117.1875,130.85938,121.398926,117.126465,135.43701
150.26855,139.5874,118.34717,141.35742,124.816895,132.75146,138.00049,131.5918,139.34326,126.34277,128.23486,129.27246,120.910645,117.55371,114.01367,125.305176,104.37012,121.88721,114.25781,125.67139,140.31982,111.87744,125.67139,127.2583,113.098145,128.35693,139.03809,106.38428,135.86426,118.16406,137.08496,132.6294,124.75586,129.45557,130.18799,127.01416,117.98096,112.54883,116.45508,121.032715,124.572754,101.07422,119.93408,114.01367,126.52588,138.00049,115.112305,137.3291,125.67139,112.91504,112.91504,115.478516,125.85449,118.896484,120.05615,131.04248,130.00488,141.78467,137.63428,132.56836,112.54883,135.86426,135.37598,123.90137,127.86865,113.220215,99.67041,109.25293,131.28662,127.80762,110.77881,130.61523,115.9668,120.17822,110.83984,112.30469,148.01025,125.85449,134.46045,136.04736
154.84619,134.46045,130.43213,124.63379,107.23877,115.234375,126.52588,115.356445,118.896484,134.0332,123.84033,129.02832,119.384766,124.816895,141.11328,123.168945,125.54932,133.54492,118.46924,107.23877,120.84961,114.07471,138.67188,130.00488,113.64746,114.25781,131.16455,97.229004,138.06152,120.30029,129.94385,128.23486,111.02295,117.004395,111.81641,110.65674,108.947754,113.64746,128.23486,113.098145,136.77979,124.14551,134.46045,118.34717,132.9956,139.52637,127.56348,128.35693,116.57715,140.13672,113.95264,122.680664,132.08008,134.21631,118.04199,109.313965,106.81152,106.20117,114.74609,126.15967,118.83545,120.42236,111.75537,124.63379,124.87793,123.291016,107.84912,106.93359,123.84033,111.328125,102.53906,109.436035,125.67139,114.01367,124.14551,140.01465,115.29541,128.60107,128.2959,131.10352
157.77588,107.421875,116.82129,126.46484,120.910645,108.3374,123.046875,103.69873,137.93945,133.36182,121.76514,125.36621,112.854004,108.70361,138.1836,116.02783,124.20654,128.96729,122.31445,120.84961,104.98047,119.68994,120.36133,104.18701,119.81201,115.600586,115.112305,110.65674,119.018555,133.23975,103.8208,122.31445,112.48779,140.01465,132.69043,110.04639,131.7749,125.97656,116.94336,114.74609,121.21582,111.26709,142.63916,132.93457,113.28125,120.23926,109.069824,117.73682,133.30078,111.6333,112.6709,97.595215,125.061035,122.25342,128.41797,122.98584,121.398926,129.5166,127.38037,145.08057,121.21582,138.06152,119.32373,139.89258,112.30469,120.54443,104.43115,118.95752,101.745605,130.18799,109.802246,125.79346,129.63867,125.12207,114.56299,108.45947,109.86328,108.52051,116.82129,127.075195
142.57812,131.04248,117.248535,102.84424,128.90625,118.65234,105.83496,118.896484,124.572754,149.6582,128.96729,134.33838,114.37988,101.989746,122.07031,139.34326,118.4082,134.39941,119.140625,118.16406,98.69385,129.27246,135.55908,119.99512,132.01904,108.947754,122.61963,134.39941,109.191895,129.39453,127.38037,125.305176,132.32422,101.745605,115.17334,126.0376,127.92969,131.04248,120.84961,129.27246,119.81201,131.71387,111.87744,143.67676,119.87305,129.21143,128.17383,107.788086,116.1499,117.004395,134.76562,115.234375,119.4458,123.71826,123.35205,136.71875,101.80664,132.8125,126.09863,117.248535,125.73242,132.44629,130.43213,124.816895,125.67139,123.291016,141.35742,119.68994,110.29053,94.7876,115.9668,125.427246,143.12744,125.73242,133.42285,111.206055,106.56738,128.72314,136.53564,123.47412
154.84619,127.319336,112.91504,110.53467,104.30908,119.75098,129.15039,121.88721,122.37549,118.774414,117.370605,110.65674,116.51611,136.1084,136.1084,137.08496,130.43213,130.67627,113.95264,125.0,129.6997,124.32861,126.28174,125.12207,137.57324,137.146,117.614746,117.06543,105.46875,101.867676,133.66699,117.67578,112.60986,118.71338,102.11182,114.25781,111.87744,132.6294,108.3374,127.56348,119.81201,110.4126,120.11719,107.23877,127.86865,103.759766,128.78418,104.8584,113.52539,124.26758,126.28174,129.57764,116.21094,105.895996,140.13672,135.86426,115.9668,91.430664,120.97168,140.38086,102.41699,106.81152,113.15918,133.17871,110.961914,132.01904,117.248535,118.71338,133.48389,126.34277,119.384766,126.586914,125.427246,124.75586,127.44141,121.398926,129.08936,138.1836,113.40332,118.04199
159.85107,136.53564,120.54443,101.257324,100.03662,122.37549,108.82568,129.27246,137.81738,125.061035,137.3291,126.831055,141.35742,144.65332,118.28613,124.26758,136.84082,130.18799,128.23486,133.78906,122.61963,139.16016,114.62402,128.05176,135.74219,133.60596,138.12256,108.82568,132.08008,129.27246,107.788086,139.83154,125.061035,124.38965,132.56836,114.50195,106.68945,130.3711,112.36572,124.694824,102.23389,119.140625,126.586914,130.12695,134.15527,147.76611,122.86377,111.99951,133.36182,123.168945,126.77002,106.87256,136.41357,128.2959,126.52588,120.23926,98.69385,135.86426,125.85449,130.43213,118.04199,126.40381,144.28711,123.046875,107.055664,110.71777,112.36572,114.868164,125.12207,125.67139,133.36182,108.09326,127.2583,105.22461,130.3711,134.76562,113.40332,130.67627,108.70361,120.23926
147.58301,119.384766,126.586914,126.28174,124.45068,129.6997,115.41748,122.00928,122.31445,126.52588,120.910645,107.36084,102.41699,123.84033,109.92432,110.10742,132.14111,102.90527,133.23975,137.39014,122.00928,138.30566,98.20557,108.1543,120.17822,128.66211,123.046875,130.31006,133.54492,132.14111,90.82031,109.191895,140.19775,123.71826,133.72803,116.02783,139.46533,131.83594,130.06592,107.177734,110.4126,134.64355,120.84961,117.004395,137.02393,101.623535,106.14014,131.40869,109.313965,112.24365,109.13086,121.58203,125.183105,134.76562,118.774414,112.36572,137.69531,137.75635,112.976074,92.10205,103.515625,120.54443,134.58252,97.53418,111.083984,132.9956,117.126465,121.58203,118.83545,127.92969,114.31885,122.13135,104.12598,105.407715,135.2539,121.21582,106.0791,131.53076,137.69531,117.06543
146.3623,120.788574,96.80176,120.788574,133.97217,115.66162,110.35156,121.276855,130.06592,114.25781,134.0332,130.7373,128.90625,107.055664,106.20117,104.00391,129.88281,139.09912,127.68555,117.004395,117.1875,111.93848,114.9292,129.15039,126.831055,119.32373,113.95264,130.12695,104.12598,107.97119,94.90967,129.57764,131.53076,125.67139,106.99463,106.75049,106.44531,102.90527,102.41699,122.61963,111.02295,125.67139,127.92969,113.64746,140.50293,125.97656,115.53955,138.00049,114.25781,122.00928,101.867676,124.694824,134.0332,120.72754,122.7417,132.14111,126.586914,112.30469,112.91504,99.731445,120.05615,133.05664,130.3711,109.61914,112.48779,108.76465,125.97656,126.09863,105.34668,111.87744,123.046875,114.56299,130.43213,142.39502,118.95752,99.853516,114.13574,107.299805,114.50195,139.52637
137.93945,132.69043,128.66211,127.2583,116.08887,110.47363,139.46533,127.197266,116.57715,132.26318,133.05664,105.34668,117.248535,127.99072,130.61523,109.98535,114.01367,132.93457,124.938965,127.62451,112.24365,117.91992,134.58252,102.66113,114.07471,136.47461,115.478516,114.31885,128.17383,114.9292,123.7793,120.910645,107.177734,112.6709,127.80762,108.70361,120.23926,129.88281,125.0,137.45117,115.478516,116.27197,121.88721,129.3335,103.393555,117.004395,127.13623,124.02344,118.896484,133.42285,131.71387,144.16504,122.802734,151.79443,116.57715,123.046875,134.8877,127.99072,123.10791,112.12158,110.961914,128.35693,140.99121,111.99951,143.61572,117.1875,134.39941,121.94824,122.00928,126.46484,129.6997,135.80322,148.55957,119.68994,97.961426,128.41797,116.94336,131.34766,110.22949,107.177734
147.27783,122.25342,145.44678,100.64697,124.45068,116.63818,134.58252,132.8125,121.398926,131.28662,126.52588,112.976074,143.79883,103.515625,138.42773,133.66699,132.26318,130.92041,119.68994,104.8584,126.953125,131.71387,106.01807,100.64697,117.73682,127.44141,120.72754,103.881836,107.177734,101.745605,97.839355,104.43115,115.72266,124.694824,126.52588,127.99072,117.98096,117.67578,105.10254,104.00391,126.34277,123.35205,109.069824,112.73193,115.41748,119.506836,123.168945,112.36572,123.10791,123.168945,125.12207,119.81201,108.45947,135.19287,118.774414,127.2583,137.26807,126.2207,132.69043,129.3335,126.2207,132.69043,123.22998,125.79346,130.12695,118.65234,121.520996,137.3291,114.68506,114.31885,122.43652,99.487305,115.234375,104.61426,126.64795,137.146,135.80322,115.112305,132.87354,108.947754
156.4331,113.95264,114.37988,95.52002,132.01904,134.70459,136.16943,110.29053,139.09912,112.79297,134.64355,126.708984,137.02393,120.17822,114.56299,123.413086,118.16406,121.88721,109.00879,121.64307,103.69873,128.2959,119.93408,132.26318,124.20654,137.87842,129.21143,137.02393,130.00488,136.71875,125.12207,139.5874,120.36133,147.46094,115.234375,129.3335,120.23926,143.31055,116.1499,140.13672,113.15918,106.56738,99.609375,107.60498,129.39453,125.79346,124.87793,119.56787,114.25781,131.95801,125.85449,124.572754,134.0332,112.854004,104.00391,109.00879,121.520996,125.305176,130.79834,119.32373,108.3374,122.98584,103.02734,138.06152,129.27246,136.53564,138.06152,113.64746,104.37012,106.81152,100.28076,131.34766,110.71777,122.00928,138.61084,142.08984,131.16455,132.20215,110.4126,117.91992
148.4375,119.56787,128.23486,108.58154,134.46045,124.63379,117.91992,122.49756,108.27637,125.67139,139.46533,103.881836,121.09375,128.84521,114.19678,131.10352,107.666016,127.197266,94.177246,115.66162,126.586914,121.276855,129.6997,147.15576,119.62891,128.60107,127.50244,101.31836,103.08838,96.069336,104.61426,115.478516,104.30908,102.35596,132.20215,128.60107,126.52588,118.65234,135.2539,130.61523,98.02246,108.21533,125.183105,116.27197,123.291016,110.961914,132.32422,129.21143,111.083984,127.2583,137.63428,113.76953,136.90186,138.67188,99.853516,118.04199,120.11719,132.26318,104.06494,116.94336,104.24805,125.61035,146.60645,109.92432,117.85889,116.08887,122.49756,111.328125,122.49756,135.31494,117.1875,111.14502,107.788086,111.6333,131.40869,125.183105,116.760254,107.36084,129.82178,106.99463
144.9585,105.651855,122.924805,105.773926,125.12207,127.92969,118.46924,120.788574,137.69531,135.55908,110.5957,107.84912,116.33301,147.09473,131.5918,129.76074,121.94824,134.76562,125.85449,128.84521,105.83496,127.13623,118.71338,120.72754,130.31006,106.87256,131.10352,126.708984,119.07959,119.018555,139.46533,136.59668,125.73242,133.05664,122.00928,113.28125,107.177734,133.8501,136.59668,129.82178,132.93457,135.19287,138.91602,132.9956,136.47461,121.82617,114.25781,116.1499,109.25293,121.520996,134.8877,126.89209,127.13623,132.32422,136.59668,119.262695,116.02783,115.53955,129.6997,130.85938,126.64795,103.271484,130.5542,120.97168,108.70361,102.17285,128.96729,122.31445,112.12158,124.816895,135.55908,100.83008,133.30078,126.89209,134.8877,122.55859,118.34717,121.88721,119.07959,121.88721
146.60645,114.80713,119.4458,107.97119,101.623535,125.183105,134.33838,137.69531,135.19287,129.08936,130.18799,94.055176,131.22559,122.98584,137.08496,132.44629,107.97119,110.10742,118.95752,126.708984,112.18262,111.14502,116.760254,118.16406,126.64795,134.8877,121.21582,105.10254,125.54932,114.62402,131.65283,131.10352,107.60498,90.51514,133.17871,131.71387,114.44092,124.63379,124.572754,141.47949,111.6333,135.31494,128.479,142.15088,133.23975,117.67578,109.49707,107.055664,99.975586,106.50635,115.78369,116.1499,104.8584,118.16406,117.43164,93.75,117.43164,117.73682,98.99902,124.14551,116.882324,117.248535,119.68994,135.19287,126.708984,114.9292,141.78467,133.11768,139.4043,133.72803,132.56836,139.03809,119.93408,129.15039,116.760254,131.04248,142.76123,121.88721,124.45068,106.93359
136.16943,113.64746,119.384766,99.79248,119.018555,118.46924,117.67578,135.37598,121.58203,115.9668,124.08447,118.71338,106.75049,100.15869,130.24902,116.69922,127.44141,112.18262,136.35254,128.66211,141.60156,118.4082,126.89209,128.54004,117.73682,96.13037,116.882324,136.90186,116.760254,126.09863,126.46484,135.86426,123.7793,130.85938,112.854004,120.54443,98.44971,123.84033,112.24365,124.20654,127.68555,130.24902,108.21533,141.78467,113.098145,127.197266,137.63428,113.708496,128.41797,142.57812,127.2583,123.90137,124.87793,129.57764,117.248535,111.14502,135.2539,107.666016,121.21582,144.04297,108.76465,103.515625,107.421875,101.745605,127.86865,149.29199,112.79297,114.868164,135.13184,106.75049,108.27637,138.79395,142.39502,112.54883,133.48389,114.62402,108.76465,100.70801,137.45117,115.478516
128.72314,92.83447,109.61914,106.44531,77.14844,114.74609,112.54883,121.09375,119.4458,113.03711,134.33838,125.54932,130.98145,121.032715,141.05225,129.15039,140.31982,140.31982,123.168945,119.07959,128.479,123.47412,124.08447,142.33398,126.831055,100.15869,141.54053,140.56396,140.99121,137.5122,117.98096,123.291016,126.89209,117.67578,133.42285,136.77979,129.3335,139.22119,107.666016,125.54932,125.97656,115.05127,123.7793,121.21582,129.94385,117.98096,122.25342,110.65674,135.0708,130.12695,129.39453,122.924805,128.1128,123.7793,126.64795,129.76074,133.72803,134.15527,128.54004,137.45117,127.44141,113.52539,99.12109,137.81738,117.91992,139.22119,127.74658,126.953125,117.91992,124.87793,116.882324,125.61035,119.32373,114.868164,116.08887,113.342285,109.313965,108.82568,99.853516,128.90625
148.74268,94.11621,133.11768,128.72314,150.45166,136.71875,131.95801,130.00488,120.05615,102.35596,130.92041,131.40869,128.84521,131.16455,135.2539,123.65723,110.22949,122.19238,129.6997,107.84912,114.74609,107.055664,132.20215,122.680664,122.7417,137.63428,114.01367,96.67969,87.95166,129.76074,122.680664,94.60449,121.276855,124.14551,131.7749,110.65674,108.3374,127.86865,125.0,121.520996,119.81201,109.680176,127.2583,116.1499,114.74609,124.63379,121.21582,123.10791,117.06543,114.50195,112.42676,130.5542,126.2207,121.7041,120.910645,108.88672,128.78418,131.28662,132.6294,124.694824,134.64355,117.73682,132.93457,124.26758,104.98047,128.72314,112.91504,104.43115,114.01367,130.31006,105.34668,137.39014,106.20117,134.70459,117.126465,99.54834,106.75049,123.53516,113.220215,110.16846
150.63477,138.61084,120.72754,114.44092,131.7749,109.61914,111.572266,132.56836,143.49365,139.89258,138.67188,107.299805,125.24414,133.72803,116.27197,132.01904,128.66211,110.77881,120.36133,117.98096,127.86865,116.57715,121.7041,139.77051,129.21143,113.220215,111.450195,117.98096,96.92383,89.35547,117.1875,130.79834,129.3335,135.31494,113.95264,130.79834,119.07959,119.4458,110.83984,114.07471,112.06055,126.708984,102.17285,137.75635,118.896484,142.08984,112.48779,101.01318,138.42773,117.55371,124.02344,127.68555,130.00488,129.63867,122.61963,116.760254,96.61865,107.91016,102.84424,127.62451,103.45459,121.45996,97.229004,119.93408,123.47412,121.76514,145.75195,126.52588,114.62402,108.03223,127.92969,135.37598,117.98096,117.370605,105.59082,114.25781,118.16406,113.464355,133.60596,120.11719
136.1084,145.3247,135.9253,124.51172,130.98145,119.384766,127.44141,128.05176,136.53564,124.938965,136.23047,133.97217,123.35205,135.13184,140.25879,130.24902,128.1128,111.38916,122.07031,141.35742,135.2539,135.43701,127.74658,119.99512,123.9624,96.49658,130.24902,114.07471,99.3042,109.98535,142.57812,128.54004,120.72754,122.7417,136.1084,138.97705,138.97705,142.51709,142.82227,138.67188,132.69043,130.49316,100.5249,131.71387,130.85938,121.76514,127.075195,111.206055,98.32764,128.41797,101.379395,107.84912,109.92432,121.45996,130.79834,143.61572,126.708984,123.7793,114.07471,102.66113,133.97217,132.32422,121.7041,119.018555,125.79346,131.10352,131.53076,132.9956,107.177734,124.694824,133.8501,130.67627,136.53564,107.421875,127.075195,126.34277,101.989746,111.87744,106.20117,113.03711
158.5083,123.22998,127.92969,115.29541,120.97168,125.183105,117.492676,116.02783,106.93359,124.816895,107.1167,127.56348,130.85938,130.85938,127.197266,113.76953,131.65283,142.8833,136.35254,123.59619,107.299805,101.5625,123.168945,133.11768,129.08936,116.51611,132.75146,119.87305,131.7749,133.42285,111.206055,131.10352,126.64795,132.01904,115.84473,112.60986,104.61426,131.10352,140.13672,143.7378,130.49316,111.572266,112.54883,135.31494,133.72803,107.91016,120.60547,126.28174,129.08936,133.23975,106.50635,131.10352,132.69043,120.72754,137.02393,104.55322,111.93848,102.47803,110.71777,99.42627,106.38428,137.63428,122.924805,142.08984,134.82666,119.20166,131.22559,136.2915,111.75537,126.831055,135.43701,109.375,115.478516,123.10791,120.910645,120.42236,128.17383,132.01904,137.20703,126.77002
139.03809,117.55371,114.31885,125.97656,138.97705,132.87354,127.197266,134.27734,139.09912,121.94824,116.882324,115.356445,139.83154,132.38525,110.77881,111.87744,110.22949,111.75537,127.13623,136.90186,135.68115,121.7041,124.694824,117.004395,126.34277,134.33838,112.36572,133.23975,130.49316,108.39844,135.62012,146.1792,120.05615,106.50635,106.75049,119.68994,134.82666,122.98584,125.12207,102.23389,117.91992,131.71387,123.10791,128.17383,126.40381,112.48779,119.81201,118.95752,103.149414,133.97217,117.1875,121.154785,123.90137,116.45508,100.15869,135.9253,138.12256,131.95801,127.075195,109.313965,100.95215,122.86377,133.17871,128.96729,135.37598,114.990234,104.73633,113.586426,115.600586,120.54443,138.3667,128.84521,106.38428,126.953125,106.62842,128.1128,130.85938,130.79834,136.35254,10.986328
133.60596,132.44629,115.84473,139.5874,126.89209,111.75537,118.04199,110.5957,134.76562,125.0,117.73682,96.25244,109.191895,119.93408,114.56299,122.37549,106.81152,120.666504,125.12207,129.21143,127.13623,101.44043,124.938965,134.0332,121.276855,99.67041,133.97217,132.69043,114.44092,119.07959,119.75098,118.65234,104.8584,120.666504,123.046875,122.07031,135.98633,107.72705,108.52051,134.0332,105.10254,132.69043,132.87354,127.99072,122.43652,129.63867,126.09863,131.46973,110.71777,114.19678,102.72217,131.46973,129.08936,124.572754,106.0791,106.99463,108.58154,106.44531,116.45508,92.28516,104.8584,128.17383,127.50244,141.72363,130.18799,141.90674,115.600586,144.77539,114.37988,132.26318,126.15967,142.45605,112.91504,131.5918,101.379395,125.0,123.413086,129.94385,106.0791,139.89258
128.96729,125.73242,108.64258,117.73682,136.90186,125.79346,120.84961,96.13037,136.53564,134.64355,125.85449,141.8457,124.572754,126.831055,114.80713,118.71338,102.84424,117.614746,124.75586,118.53027,123.71826,137.20703,119.93408,106.20117,117.370605,107.84912,130.24902,136.96289,122.924805,120.4834,114.74609,124.26758,132.01904,131.95801,131.16455,126.09863,128.72314,116.08887,136.2915,128.479,125.061035,152.16064,121.09375,138.5498,112.73193,126.34277,124.63379,115.600586,129.6997,123.168945,126.09863,127.01416,142.33398,121.33789,125.305176,124.694824,113.52539,118.774414,142.39502,119.07959,135.00977,125.67139,116.94336,108.947754,135.13184,145.08057,133.42285,116.21094,111.75537,110.53467,105.59082,110.4126,129.6997,111.87744,142.15088,129.57764,114.868164,114.31885,118.83545,112.91504
131.34766,124.63379,137.57324,133.36182,105.10254,97.16797,107.91016,121.154785,132.69043,122.49756,112.42676,103.515625,134.46045,122.00928,129.21143,137.146,141.05225,114.19678,113.95264,113.098145,119.62891,115.112305,141.17432,122.55859,126.40381,110.71777,119.506836,115.9668,100.3418,128.1128,131.71387,106.87256,126.89209,130.49316,119.62891,108.45947,115.112305,114.990234,143.67676,117.55371,132.56836,109.13086,135.9253,125.427246,122.43652,103.94287,155.2124,123.22998,136.16943,116.1499,119.07959,129.21143,107.055664,130.5542,119.81201,128.23486,117.67578,128.60107,125.061035,114.07471,104.24805,117.43164,122.86377,111.572266,104.61426,129.82178,104.24805,133.54492,118.10303,101.257324,112.30469,127.68555,136.96289,117.85889,112.976074,126.953125,131.04248,133.60596,102.53906,117.126465
137.69531,113.342285,137.75635,133.17871,132.69043,107.97119,102.47803,130.24902,143.67676,117.30957,104.79736,129.08936,134.8877,107.177734,114.19678,131.7749,111.694336,117.55371,124.32861,132.9956,130.61523,118.4082,103.515625,104.79736,111.14502,127.50244,123.59619,117.67578,135.9253,110.961914,117.370605,117.79785,126.28174,127.2583,120.910645,123.65723,138.91602,127.56348,130.3711,103.69873,121.21582,135.74219,110.10742,135.13184,135.62012,113.8916,130.7373,126.28174,133.30078,127.38037,124.02344,100.15869,112.42676,128.66211,102.05078,104.06494,147.58301,129.39453,128.05176,118.46924,128.479,114.56299,120.42236,127.075195,121.09375,121.45996,139.64844,117.06543,121.032715,123.59619,121.154785,128.2959,117.79785,116.08887,119.93408,143.98193,134.8877,134.64355,134.15527,119.99512
